verbose,total_opt_steps,N_epoch,N_E_traj,add_history,learning_rate,N_agg_iter,opt_seed,run_seed,linear,RL_expert_folder,results_path,FORWARD,N_ALICE_traj,kill_feats,density_ratio_feature_map,adversary_feature_map,learning_rate_BC,entropy_coeff,H_dims,N_test_E_traj,N_test_rollout,batch_size,reinit_opt,record_intermediate,NN_mid_as_feats,N_FAIL_samps,render,render_final,switch_2_E_after,random_demos,RL_expert_exp_id,RL_expert_load_best,RL_expert_algo,T_max_all,T_max,model_reg_coeff,partial_obs,recent_samp_priority_exp,horizon_weight_offset_exp,pair_with_E,drop_first,adversary_t_bucket_size,recompute_adversary_freq,density_ratio_alpha,train_r_mean,train_r_std,test_r_mean,test_r_std,loss_function,alg,env_id,N_E_samp,entropy,num_switched,epoch_losses,best_epoch_ind,mean_abs_logit,min_abs_logit,w_max,w_min,final,iteration_num,horizon,w_ESS,reward,reward_std,loss_test,loss_train,class_test,runtime,best_ind,JS_div,hindsight_loss_train
4,200000,10,25,FALSE,0.1,5,0,0,FALSE,my_RL_experts,results_jan2021/results-CartPole-v1--BC.csv,FALSE,25,,,,0.1,0,"(512,)",50,50,128,FALSE,TRUE,,,FALSE,FALSE,,FALSE,0,TRUE,,,,,FALSE,1,,FALSE,0,,1,1,500,0,500,0,,BC,CartPole-v1,12500,0.049710006,7070,"[0.24043014435990262, 0.19907926, 0.17670922, 0.16820055, 0.15480287, 0.16760504, 0.16277432, 0.13463044, 0.14941281, 0.15604857]",7,4.48098135,0.001223952,1,1,FALSE,0,500,12500,483.84,23.23390626,0.170261979,0.173100784,0.063720003,0.375330126,0,0.067715018,0.173100784
4,400000,10,25,FALSE,0.1,5,0,0,FALSE,my_RL_experts,results_jan2021/results-CartPole-v1--BC.csv,FALSE,25,,,,0.1,0,"(512,)",50,50,128,FALSE,TRUE,,,FALSE,FALSE,,FALSE,0,TRUE,,,,,FALSE,1,,FALSE,0,,1,1,500,0,500,0,,BC,CartPole-v1,12500,0.038210884,498,"[0.14635147696664585, 0.12712461, 0.12606335, 0.1172892, 0.114105314, 0.14379783, 0.12002476, 0.10839615, 0.12432528, 0.15053622]",7,6.241684437,0.001463056,1,1,FALSE,1,500,12500,478.48,26.68500703,0.324567884,0.338234603,0.089879997,0.714509463,1,0.079661419,0.338234603
4,600000,10,25,FALSE,0.1,5,0,0,FALSE,my_RL_experts,results_jan2021/results-CartPole-v1--BC.csv,FALSE,25,,,,0.1,0,"(512,)",50,50,128,FALSE,TRUE,,,FALSE,FALSE,,FALSE,0,TRUE,,,,,FALSE,1,,FALSE,0,,1,1,500,0,500,0,,BC,CartPole-v1,12500,0.034844205,480,"[0.12788264971995544, 0.11213141, 0.114003144, 0.09565951, 0.0996158, 0.12934679, 0.1065082, 0.09002045, 0.10766781, 0.1141661]",7,7.378187656,0.00145328,1,1,FALSE,2,500,12500,500,0,0.171155393,0.174438328,0.057560001,1.093773405,2,0.052980205,0.174438328
4,800000,10,25,FALSE,0.1,5,0,0,FALSE,my_RL_experts,results_jan2021/results-CartPole-v1--BC.csv,FALSE,25,,,,0.1,0,"(512,)",50,50,128,FALSE,TRUE,,,FALSE,FALSE,,FALSE,0,TRUE,,,,,FALSE,1,,FALSE,0,,1,1,500,0,500,0,,BC,CartPole-v1,12500,0.029265227,245,"[0.10268428996510491, 0.09475453, 0.106317, 0.09974379, 0.09566988, 0.11383717, 0.10188534, 0.080994114, 0.09421744, 0.109999396]",7,8.590575218,3.82E-05,1,1,FALSE,3,500,12500,500,0,0.164133534,0.166424841,0.054400001,1.473869606,3,0.042462106,0.166424841
4,1000000,10,25,FALSE,0.1,5,0,0,FALSE,my_RL_experts,results_jan2021/results-CartPole-v1--BC.csv,FALSE,25,,,,0.1,0,"(512,)",50,50,128,FALSE,TRUE,,,FALSE,FALSE,,FALSE,0,TRUE,,,,,FALSE,1,,FALSE,0,,1,1,500,0,500,0,,BC,CartPole-v1,12500,0.027918573,233,"[0.09271185075662186, 0.09222634, 0.09524155, 0.08335568, 0.090608835, 0.10325691, 0.098887034, 0.07853457, 0.09748106, 0.09622431]",7,9.290419579,0.000133455,1,1,TRUE,4,500,12500,500,0,0.121587068,0.120632656,0.04152,2.042635059,4,0.042462106,0.120632656
4,200000,10,25,FALSE,0.1,5,1,1,FALSE,my_RL_experts,results_jan2021/results-CartPole-v1--BC.csv,FALSE,25,,,,0.1,0,"(512,)",50,50,128,FALSE,TRUE,,,FALSE,FALSE,,FALSE,0,TRUE,,,,,FALSE,1,,FALSE,0,,1,1,500,0,500,0,,BC,CartPole-v1,12500,0.04778244,5976,"[0.22323894574400518, 0.19251813, 0.17069319, 0.16140427, 0.15905428, 0.18240334, 0.15523894, 0.14021288, 0.12946397, 0.14197457]",8,5.377334595,3.94E-05,1,1,FALSE,0,500,12500,500,0,0.126295552,0.122243479,0.050760001,0.392026305,0,0.212939736,0.122243479
4,400000,10,25,FALSE,0.1,5,1,1,FALSE,my_RL_experts,results_jan2021/results-CartPole-v1--BC.csv,FALSE,25,,,,0.1,0,"(512,)",50,50,128,FALSE,TRUE,,,FALSE,FALSE,,FALSE,0,TRUE,,,,,FALSE,1,,FALSE,0,,1,1,500,0,500,0,,BC,CartPole-v1,12500,0.039680049,247,"[0.12345061506261422, 0.118408434, 0.13117641, 0.11434849, 0.12207019, 0.14173709, 0.11891537, 0.115109496, 0.124712706, 0.11071118]",9,6.973714352,0.000856757,1,1,FALSE,1,500,12500,500,0,0.113907076,0.109161623,0.045639999,0.798850536,1,0.115188084,0.109161623
4,600000,10,25,FALSE,0.1,5,1,1,FALSE,my_RL_experts,results_jan2021/results-CartPole-v1--BC.csv,FALSE,25,,,,0.1,0,"(512,)",50,50,128,FALSE,TRUE,,,FALSE,FALSE,,FALSE,0,TRUE,,,,,FALSE,1,,FALSE,0,,1,1,500,0,500,0,,BC,CartPole-v1,12500,0.032069586,291,"[0.11746618506111767, 0.10892034, 0.1294206, 0.107920654, 0.11168302, 0.13431908, 0.112666406, 0.10183214, 0.12345164, 0.10183147]",9,7.894299984,0.000147507,1,1,FALSE,2,500,12500,500,0,0.104547419,0.102618493,0.043919999,1.3179184,2,0.05276975,0.102618493
4,800000,10,25,FALSE,0.1,5,1,1,FALSE,my_RL_experts,results_jan2021/results-CartPole-v1--BC.csv,FALSE,25,,,,0.1,0,"(512,)",50,50,128,FALSE,TRUE,,,FALSE,FALSE,,FALSE,0,TRUE,,,,,FALSE,1,,FALSE,0,,1,1,500,0,500,0,,BC,CartPole-v1,12500,0.031999048,236,"[0.10684002601882603, 0.10343186, 0.11254713, 0.121208206, 0.10781207, 0.11672273, 0.10587377, 0.09620828, 0.11697942, 0.10026731]",7,8.429601669,0.00019183,1,1,FALSE,3,500,12500,500,0,0.087077051,0.084303133,0.03836,1.930610486,3,0.026112246,0.084303133
4,1000000,10,25,FALSE,0.1,5,1,1,FALSE,my_RL_experts,results_jan2021/results-CartPole-v1--BC.csv,FALSE,25,,,,0.1,0,"(512,)",50,50,128,FALSE,TRUE,,,FALSE,FALSE,,FALSE,0,TRUE,,,,,FALSE,1,,FALSE,0,,1,1,500,0,500,0,,BC,CartPole-v1,12500,0.034539789,272,"[0.09714867594964836, 0.0998446, 0.111780666, 0.12076913, 0.096179314, 0.1112186, 0.10048605, 0.094551876, 0.11417832, 0.09808023]",7,8.651327133,0.000130698,1,1,TRUE,4,500,12500,500,0,0.089075565,0.084400117,0.03912,2.722082722,4,0.026112246,0.084400117
4,200000,10,25,FALSE,0.1,5,2,2,FALSE,my_RL_experts,results_jan2021/results-CartPole-v1--BC.csv,FALSE,25,,,,0.1,0,"(512,)",50,50,128,FALSE,TRUE,,,FALSE,FALSE,,FALSE,0,TRUE,,,,,FALSE,1,,FALSE,0,,1,1,500,0,500,0,,BC,CartPole-v1,12500,0.044701479,5939,"[0.22418227772882032, 0.2166787, 0.17398629, 0.17383648, 0.15521058, 0.15322283, 0.14744872, 0.13385546, 0.1481177, 0.14517742]",7,4.903909683,0.000595093,1,1,FALSE,0,500,12500,500,0,0.135867879,0.131588787,0.049400002,0.482071877,0,0.01536266,0.131588787
4,400000,10,25,FALSE,0.1,5,2,2,FALSE,my_RL_experts,results_jan2021/results-CartPole-v1--BC.csv,FALSE,25,,,,0.1,0,"(512,)",50,50,128,FALSE,TRUE,,,FALSE,FALSE,,FALSE,0,TRUE,,,,,FALSE,1,,FALSE,0,,1,1,500,0,500,0,,BC,CartPole-v1,12500,0.036683861,340,"[0.12617836899481502, 0.10796345, 0.13746384, 0.11339989, 0.117455, 0.11598246, 0.10908053, 0.112404324, 0.11604883, 0.1167368]",1,6.751513958,0.000170827,1,1,FALSE,1,500,12500,500,0,0.101171501,0.094662167,0.039439999,1.008662109,1,0.014859806,0.094662167
4,600000,10,25,FALSE,0.1,5,2,2,FALSE,my_RL_experts,results_jan2021/results-CartPole-v1--BC.csv,FALSE,25,,,,0.1,0,"(512,)",50,50,128,FALSE,TRUE,,,FALSE,FALSE,,FALSE,0,TRUE,,,,,FALSE,1,,FALSE,0,,1,1,500,0,500,0,,BC,CartPole-v1,12500,0.032666765,242,"[0.11216879299184955, 0.093084745, 0.11500107, 0.11055671, 0.12014512, 0.104527794, 0.12622854, 0.10151137, 0.11965701, 0.110920355]",1,7.5355196,0.000994921,1,1,FALSE,2,500,12500,500,0,0.096991614,0.093893982,0.03892,1.527175597,2,0.017107774,0.093893982
4,800000,10,25,FALSE,0.1,5,2,2,FALSE,my_RL_experts,results_jan2021/results-CartPole-v1--BC.csv,FALSE,25,,,,0.1,0,"(512,)",50,50,128,FALSE,TRUE,,,FALSE,FALSE,,FALSE,0,TRUE,,,,,FALSE,1,,FALSE,0,,1,1,500,0,500,0,,BC,CartPole-v1,12500,0.029907607,115,"[0.09657049517045836, 0.09286, 0.11009563, 0.105053395, 0.10785541, 0.11662975, 0.12326364, 0.09237221, 0.10551526, 0.10228327]",7,8.205931664,0.000221133,1,1,FALSE,3,500,12500,500,0,0.097578548,0.094465233,0.039919998,2.027810073,3,0.013732958,0.094465233
4,1000000,10,25,FALSE,0.1,5,2,2,FALSE,my_RL_experts,results_jan2021/results-CartPole-v1--BC.csv,FALSE,25,,,,0.1,0,"(512,)",50,50,128,FALSE,TRUE,,,FALSE,FALSE,,FALSE,0,TRUE,,,,,FALSE,1,,FALSE,0,,1,1,500,0,500,0,,BC,CartPole-v1,12500,0.02712143,77,"[0.09568806277417502, 0.087804854, 0.100598246, 0.10087207, 0.10276658, 0.09322378, 0.12074705, 0.08876191, 0.09516795, 0.09846235]",1,9.141478539,0.000352502,1,1,TRUE,4,500,12500,500,0,0.103813767,0.10133367,0.041480001,2.708083391,4,0.013732958,0.10133367
4,200000,10,25,FALSE,0.1,5,3,3,FALSE,my_RL_experts,results_jan2021/results-CartPole-v1--BC.csv,FALSE,25,,,,0.1,0,"(512,)",50,50,128,FALSE,TRUE,,,FALSE,FALSE,,FALSE,0,TRUE,,,,,FALSE,1,,FALSE,0,,1,1,500,0,500,0,,BC,CartPole-v1,12500,0.06396576,6106,"[0.225558174534569, 0.20021965, 0.17406216, 0.16156098, 0.16718723, 0.15808591, 0.15588379, 0.15002045, 0.15576854, 0.16958371]",7,4.076921463,0.000353158,1,1,FALSE,0,500,12500,500,0,0.149024203,0.142992765,0.06216,0.441682096,0,0.006453305,0.142992765
4,400000,10,25,FALSE,0.1,5,3,3,FALSE,my_RL_experts,results_jan2021/results-CartPole-v1--BC.csv,FALSE,25,,,,0.1,0,"(512,)",50,50,128,FALSE,TRUE,,,FALSE,FALSE,,FALSE,0,TRUE,,,,,FALSE,1,,FALSE,0,,1,1,500,0,500,0,,BC,CartPole-v1,12500,0.041550692,583,"[0.13699879120036274, 0.13717885, 0.13113293, 0.116453625, 0.111144036, 0.12522316, 0.121008806, 0.11343946, 0.12185674, 0.10782776]",9,6.012507439,0.000540853,1,1,FALSE,1,500,12500,500,0,0.103970595,0.099308379,0.043120001,0.939940679,1,0.004910251,0.099308379
4,600000,10,25,FALSE,0.1,5,3,3,FALSE,my_RL_experts,results_jan2021/results-CartPole-v1--BC.csv,FALSE,25,,,,0.1,0,"(512,)",50,50,128,FALSE,TRUE,,,FALSE,FALSE,,FALSE,0,TRUE,,,,,FALSE,1,,FALSE,0,,1,1,500,0,500,0,,BC,CartPole-v1,12500,0.038144581,266,"[0.10863606171052907, 0.118123256, 0.11470581, 0.10322355, 0.09750758, 0.1163171, 0.10845404, 0.10014847, 0.104508586, 0.104142874]",4,6.994134903,0.001150012,1,1,FALSE,2,500,12500,500,0,0.114938669,0.108466819,0.046360001,1.485440918,2,0.004801846,0.108466819
4,800000,10,25,FALSE,0.1,5,3,3,FALSE,my_RL_experts,results_jan2021/results-CartPole-v1--BC.csv,FALSE,25,,,,0.1,0,"(512,)",50,50,128,FALSE,TRUE,,,FALSE,FALSE,,FALSE,0,TRUE,,,,,FALSE,1,,FALSE,0,,1,1,500,0,500,0,,BC,CartPole-v1,12500,0.034567337,163,"[0.09445123769501562, 0.11308234, 0.107671075, 0.09816079, 0.09176041, 0.1219607, 0.101140276, 0.10079845, 0.100149356, 0.10286988]",4,7.710697651,9.87E-05,1,1,FALSE,3,500,12500,500,0,0.103019871,0.095656857,0.042879999,2.08021032,3,0.006084321,0.095656857
4,1000000,10,25,FALSE,0.1,5,3,3,FALSE,my_RL_experts,results_jan2021/results-CartPole-v1--BC.csv,FALSE,25,,,,0.1,0,"(512,)",50,50,128,FALSE,TRUE,,,FALSE,FALSE,,FALSE,0,TRUE,,,,,FALSE,1,,FALSE,0,,1,1,500,0,500,0,,BC,CartPole-v1,12500,0.034556437,233,"[0.09092461312439809, 0.112152226, 0.10795281, 0.0948111, 0.091484636, 0.120711856, 0.09770289, 0.09449373, 0.09637461, 0.102089606]",0,8.042993546,0.000987291,1,1,TRUE,4,500,12500,500,0,0.102313146,0.094660819,0.040240001,2.868513473,4,0.006084321,0.094660819
4,200000,10,25,FALSE,0.1,5,4,4,FALSE,my_RL_experts,results_jan2021/results-CartPole-v1--BC.csv,FALSE,25,,,,0.1,0,"(512,)",50,50,128,FALSE,TRUE,,,FALSE,FALSE,,FALSE,0,TRUE,,,,,FALSE,1,,FALSE,0,,1,1,500,0,500,0,,BC,CartPole-v1,12500,0.037646282,7191,"[0.23586223785578514, 0.20082803, 0.17371559, 0.16878383, 0.1690343, 0.16184482, 0.15136245, 0.1563733, 0.14101355, 0.122525185]",9,5.667803764,0.000863969,1,1,FALSE,0,500,12500,500,0,0.129245803,0.126875311,0.0548,0.53983951,0,0.032765548,0.126875311
4,400000,10,25,FALSE,0.1,5,4,4,FALSE,my_RL_experts,results_jan2021/results-CartPole-v1--BC.csv,FALSE,25,,,,0.1,0,"(512,)",50,50,128,FALSE,TRUE,,,FALSE,FALSE,,FALSE,0,TRUE,,,,,FALSE,1,,FALSE,0,,1,1,500,0,500,0,,BC,CartPole-v1,12500,0.034134496,328,"[0.12313294247944681, 0.12846869, 0.12221078, 0.12124328, 0.121596016, 0.1277744, 0.12941195, 0.10934268, 0.118405275, 0.10506011]",9,7.253433704,0.00066936,1,1,FALSE,1,500,12500,500,0,0.114883728,0.108639911,0.047320001,1.017678603,1,0.024077011,0.108639911
4,600000,10,25,FALSE,0.1,5,4,4,FALSE,my_RL_experts,results_jan2021/results-CartPole-v1--BC.csv,FALSE,25,,,,0.1,0,"(512,)",50,50,128,FALSE,TRUE,,,FALSE,FALSE,,FALSE,0,TRUE,,,,,FALSE,1,,FALSE,0,,1,1,500,0,500,0,,BC,CartPole-v1,12500,0.029924473,185,"[0.11388000911253271, 0.10296958, 0.10599915, 0.117449366, 0.09642197, 0.10103338, 0.12658803, 0.09666604, 0.104584806, 0.089256376]",9,8.542917252,0.00334233,1,1,FALSE,2,500,12500,500,0,0.104078256,0.099927284,0.04276,1.477670344,2,0.013107514,0.099927284
4,800000,10,25,FALSE,0.1,5,4,4,FALSE,my_RL_experts,results_jan2021/results-CartPole-v1--BC.csv,FALSE,25,,,,0.1,0,"(512,)",50,50,128,FALSE,TRUE,,,FALSE,FALSE,,FALSE,0,TRUE,,,,,FALSE,1,,FALSE,0,,1,1,500,0,500,0,,BC,CartPole-v1,12500,0.024869785,347,"[0.1072872827777094, 0.09045857, 0.098242775, 0.106106676, 0.09049058, 0.09859422, 0.115821175, 0.094914794, 0.1012192, 0.107825]",1,9.563243866,0.003575563,1,1,FALSE,3,500,12500,500,0,0.127154291,0.121243551,0.048039999,1.933680379,3,0.011806289,0.121243551
4,1000000,10,25,FALSE,0.1,5,4,4,FALSE,my_RL_experts,results_jan2021/results-CartPole-v1--BC.csv,FALSE,25,,,,0.1,0,"(512,)",50,50,128,FALSE,TRUE,,,FALSE,FALSE,,FALSE,0,TRUE,,,,,FALSE,1,,FALSE,0,,1,1,500,0,500,0,,BC,CartPole-v1,12500,0.025862087,369,"[0.10278087387917474, 0.09109817, 0.09504067, 0.108035594, 0.08174707, 0.09695269, 0.095456816, 0.09318155, 0.08457742, 0.1073992]",4,9.963003159,0.000342965,1,1,TRUE,4,500,12500,500,0,0.098357625,0.093407623,0.034600001,2.50986613,4,0.011806289,0.093407623
4,200000,10,25,FALSE,0.1,5,5,5,FALSE,my_RL_experts,results_jan2021/results-CartPole-v1--BC.csv,FALSE,25,,,,0.1,0,"(512,)",50,50,128,FALSE,TRUE,,,FALSE,FALSE,,FALSE,0,TRUE,,,,,FALSE,1,,FALSE,0,,1,1,500,0,500,0,,BC,CartPole-v1,12500,0.057547461,5800,"[0.23431000339861843, 0.1886654, 0.20598632, 0.17047285, 0.15776274, 0.14528115, 0.14953461, 0.15180096, 0.15113868, 0.15379734]",5,4.872431755,0.000361562,1,1,FALSE,0,500,12500,500,0,0.161223903,0.156551585,0.05996,0.480894113,0,0.041103934,0.156551585
4,400000,10,25,FALSE,0.1,5,5,5,FALSE,my_RL_experts,results_jan2021/results-CartPole-v1--BC.csv,FALSE,25,,,,0.1,0,"(512,)",50,50,128,FALSE,TRUE,,,FALSE,FALSE,,FALSE,0,TRUE,,,,,FALSE,1,,FALSE,0,,1,1,500,0,500,0,,BC,CartPole-v1,12500,0.046868544,292,"[0.12182703234192402, 0.13030422, 0.1360867, 0.14999847, 0.12170884, 0.11272871, 0.12269758, 0.1266479, 0.11897955, 0.13651003]",5,6.616318226,2.47E-05,1,1,FALSE,1,500,12500,500,0,0.141456977,0.135318652,0.050000001,1.036872276,1,0.033554387,0.135318652
4,600000,10,25,FALSE,0.1,5,5,5,FALSE,my_RL_experts,results_jan2021/results-CartPole-v1--BC.csv,FALSE,25,,,,0.1,0,"(512,)",50,50,128,FALSE,TRUE,,,FALSE,FALSE,,FALSE,0,TRUE,,,,,FALSE,1,,FALSE,0,,1,1,500,0,500,0,,BC,CartPole-v1,12500,0.045487531,298,"[0.10579564872089363, 0.111758225, 0.1301216, 0.14659368, 0.11459178, 0.12996335, 0.11080361, 0.11521693, 0.1269338, 0.117809296]",0,7.025543213,0.00071913,1,1,FALSE,2,500,12500,500,0,0.128965601,0.123562835,0.051199999,1.516837764,2,0.018829835,0.123562835
4,800000,10,25,FALSE,0.1,5,5,5,FALSE,my_RL_experts,results_jan2021/results-CartPole-v1--BC.csv,FALSE,25,,,,0.1,0,"(512,)",50,50,128,FALSE,TRUE,,,FALSE,FALSE,,FALSE,0,TRUE,,,,,FALSE,1,,FALSE,0,,1,1,500,0,500,0,,BC,CartPole-v1,12500,0.041630026,144,"[0.10293390878375733, 0.11201974, 0.13815665, 0.13666788, 0.104890905, 0.11547711, 0.10637916, 0.11955949, 0.12131679, 0.114666365]",0,8.159831047,0.00137794,1,1,FALSE,3,500,12500,500,0,0.143472955,0.138764799,0.050560001,2.050297892,3,0.016011652,0.138764799
4,1000000,10,25,FALSE,0.1,5,5,5,FALSE,my_RL_experts,results_jan2021/results-CartPole-v1--BC.csv,FALSE,25,,,,0.1,0,"(512,)",50,50,128,FALSE,TRUE,,,FALSE,FALSE,,FALSE,0,TRUE,,,,,FALSE,1,,FALSE,0,,1,1,500,0,500,0,,BC,CartPole-v1,12500,0.040977716,243,"[0.10647711165666872, 0.102970615, 0.14502235, 0.11028568, 0.09870799, 0.11468293, 0.105673596, 0.112717226, 0.11317863, 0.11228856]",4,8.711631775,0.001813948,1,1,TRUE,4,500,12500,500,0,0.182238519,0.176023871,0.060120001,2.842054232,4,0.016011652,0.176023871
4,200000,10,25,FALSE,0.1,5,6,6,FALSE,my_RL_experts,results_jan2021/results-CartPole-v1--BC.csv,FALSE,25,,,,0.1,0,"(512,)",50,50,128,FALSE,TRUE,,,FALSE,FALSE,,FALSE,0,TRUE,,,,,FALSE,1,,FALSE,0,,1,1,500,0,500,0,,BC,CartPole-v1,12500,0.054414403,7061,"[0.21371652403998836, 0.1839433, 0.1619965, 0.15797468, 0.15858868, 0.15574495, 0.15686536, 0.13944134, 0.15643004, 0.1335758]",9,4.940795422,0.000255406,1,1,FALSE,0,500,12500,500,0,0.128163099,0.123814747,0.052439999,0.594852432,0,0.019201774,0.123814747
4,400000,10,25,FALSE,0.1,5,6,6,FALSE,my_RL_experts,results_jan2021/results-CartPole-v1--BC.csv,FALSE,25,,,,0.1,0,"(512,)",50,50,128,FALSE,TRUE,,,FALSE,FALSE,,FALSE,0,TRUE,,,,,FALSE,1,,FALSE,0,,1,1,500,0,500,0,,BC,CartPole-v1,12500,0.047867656,368,"[0.1326026224575718, 0.12188699, 0.11313381, 0.12940556, 0.12695286, 0.11494432, 0.12479383, 0.12538019, 0.12979059, 0.12350256]",2,6.346001148,1.70E-05,1,1,FALSE,1,500,12500,500,0,0.13683027,0.131598219,0.05892,1.105488249,1,0.011258483,0.131598219
4,600000,10,25,FALSE,0.1,5,6,6,FALSE,my_RL_experts,results_jan2021/results-CartPole-v1--BC.csv,FALSE,25,,,,0.1,0,"(512,)",50,50,128,FALSE,TRUE,,,FALSE,FALSE,,FALSE,0,TRUE,,,,,FALSE,1,,FALSE,0,,1,1,500,0,500,0,,BC,CartPole-v1,12500,0.042335529,230,"[0.12636916961886613, 0.10388088, 0.10193773, 0.115831584, 0.11905375, 0.10839502, 0.1182365, 0.11829995, 0.12127277, 0.121624075]",2,7.455041409,0.000310898,1,1,FALSE,2,500,12500,500,0,0.136813521,0.129438981,0.05508,1.662237144,2,0.004399211,0.129438981
4,800000,10,25,FALSE,0.1,5,6,6,FALSE,my_RL_experts,results_jan2021/results-CartPole-v1--BC.csv,FALSE,25,,,,0.1,0,"(512,)",50,50,128,FALSE,TRUE,,,FALSE,FALSE,,FALSE,0,TRUE,,,,,FALSE,1,,FALSE,0,,1,1,500,0,500,0,,BC,CartPole-v1,12500,0.040316056,239,"[0.11656967404272131, 0.09752954, 0.10560607, 0.105552875, 0.11138684, 0.10523959, 0.1094073, 0.11403982, 0.10940002, 0.103957444]",1,8.285173416,0.001600444,1,1,FALSE,3,500,12500,500,0,0.126473919,0.120937213,0.05424,2.182607039,3,0.003483105,0.120937213
4,1000000,10,25,FALSE,0.1,5,6,6,FALSE,my_RL_experts,results_jan2021/results-CartPole-v1--BC.csv,FALSE,25,,,,0.1,0,"(512,)",50,50,128,FALSE,TRUE,,,FALSE,FALSE,,FALSE,0,TRUE,,,,,FALSE,1,,FALSE,0,,1,1,500,0,500,0,,BC,CartPole-v1,12500,0.038232025,203,"[0.11890850438766887, 0.08946807, 0.110250905, 0.09974002, 0.10270982, 0.098081954, 0.106291376, 0.107859984, 0.112139806, 0.104658164]",1,8.758903503,1.90E-05,1,1,TRUE,4,500,12500,500,0,0.123752162,0.117249139,0.050960001,2.936822216,4,0.003483105,0.117249139
4,100000,10,25,FALSE,0.1,5,0,0,FALSE,my_RL_experts,results_jan2021/results-CartPole-v1--BC.csv,FALSE,25,,,,0.1,0,"(64,)",50,50,128,FALSE,TRUE,,,FALSE,FALSE,,FALSE,0,TRUE,,,,,FALSE,1,,FALSE,0,,1,1,500,0,500,0,,BC,CartPole-v1,12500,0.064425588,8014,"[0.25502515722048824, 0.25052717, 0.20002036, 0.2032046, 0.20723556, 0.18306203, 0.16272208, 0.16598444, 0.16229738, 0.18666658]",8,3.245675087,0.000236139,1,1,FALSE,0,500,12500,500,0,0.147048235,0.147196993,0.058400001,0.253168575,0,0.03877052,0.147196993
4,200000,10,25,FALSE,0.1,5,0,0,FALSE,my_RL_experts,results_jan2021/results-CartPole-v1--BC.csv,FALSE,25,,,,0.1,0,"(64,)",50,50,128,FALSE,TRUE,,,FALSE,FALSE,,FALSE,0,TRUE,,,,,FALSE,1,,FALSE,0,,1,1,500,0,500,0,,BC,CartPole-v1,12500,0.054476466,399,"[0.12317119448584529, 0.15488076, 0.16296117, 0.13867001, 0.14149828, 0.14466082, 0.12906823, 0.1351332, 0.14839302, 0.15167128]",0,4.582501411,0.000332803,1,1,FALSE,1,500,12500,500,0,0.129454583,0.130795181,0.052200001,0.502325936,1,0.025542225,0.130795181
4,300000,10,25,FALSE,0.1,5,0,0,FALSE,my_RL_experts,results_jan2021/results-CartPole-v1--BC.csv,FALSE,25,,,,0.1,0,"(64,)",50,50,128,FALSE,TRUE,,,FALSE,FALSE,,FALSE,0,TRUE,,,,,FALSE,1,,FALSE,0,,1,1,500,0,500,0,,BC,CartPole-v1,12500,0.046439789,294,"[0.10682148650777018, 0.13101815, 0.14796945, 0.11282817, 0.11816988, 0.12307242, 0.12803093, 0.12265993, 0.13164264, 0.13517848]",0,5.916202545,0.000120074,1,1,FALSE,2,500,12500,500,0,0.106545039,0.106124289,0.042199999,0.766373901,2,0.013518939,0.106124289
4,400000,10,25,FALSE,0.1,5,0,0,FALSE,my_RL_experts,results_jan2021/results-CartPole-v1--BC.csv,FALSE,25,,,,0.1,0,"(64,)",50,50,128,FALSE,TRUE,,,FALSE,FALSE,,FALSE,0,TRUE,,,,,FALSE,1,,FALSE,0,,1,1,500,0,500,0,,BC,CartPole-v1,12500,0.041798633,202,"[0.11158224545767105, 0.111405194, 0.14221743, 0.10344045, 0.112638704, 0.11712172, 0.11995258, 0.11958958, 0.12583487, 0.12182162]",3,6.665589333,0.000306129,1,1,FALSE,3,500,12500,500,0,0.099560879,0.097607873,0.03844,1.024633932,3,0.008512389,0.097607873
4,500000,10,25,FALSE,0.1,5,0,0,FALSE,my_RL_experts,results_jan2021/results-CartPole-v1--BC.csv,FALSE,25,,,,0.1,0,"(64,)",50,50,128,FALSE,TRUE,,,FALSE,FALSE,,FALSE,0,TRUE,,,,,FALSE,1,,FALSE,0,,1,1,500,0,500,0,,BC,CartPole-v1,12500,0.041840527,319,"[0.11363403773225064, 0.1077787, 0.13759498, 0.09833082, 0.11269811, 0.1082452, 0.10463037, 0.10918375, 0.113275714, 0.12733604]",3,7.364737511,0.001936883,1,1,TRUE,4,500,12500,500,0,0.096831456,0.095284484,0.041839998,1.442231675,4,0.008512389,0.095284484
4,100000,10,25,TRUE,0.1,5,0,0,FALSE,my_RL_experts,results_jan2021/results-CartPole-v1--BC.csv,FALSE,25,,,,0.1,0,"(64,)",50,50,128,FALSE,TRUE,,,FALSE,FALSE,,FALSE,0,TRUE,,,,,FALSE,1,,FALSE,0,,1,1,500,0,500,0,,BC+H,CartPole-v1,12500,0.065631315,7193,"[0.25610825262246445, 0.24482095, 0.19210276, 0.187589, 0.1745509, 0.1695443, 0.15239772, 0.15819947, 0.15773787, 0.16770965]",6,3.628055334,0.000233173,1,1,FALSE,0,500,12500,500,0,0.14054051,0.142177671,0.058400001,0.266068264,0,0.021164039,0.142177671
4,200000,10,25,TRUE,0.1,5,0,0,FALSE,my_RL_experts,results_jan2021/results-CartPole-v1--BC.csv,FALSE,25,,,,0.1,0,"(64,)",50,50,128,FALSE,TRUE,,,FALSE,FALSE,,FALSE,0,TRUE,,,,,FALSE,1,,FALSE,0,,1,1,500,0,500,0,,BC+H,CartPole-v1,12500,0.053416915,396,"[0.1213560596185832, 0.15822344, 0.14906831, 0.13576467, 0.13139364, 0.13415654, 0.12495583, 0.13706285, 0.13946187, 0.15232447]",0,4.639654636,0.000130266,1,1,FALSE,1,500,12500,500,0,0.118054695,0.115040138,0.0484,0.532753086,1,0.014686354,0.115040138
4,300000,10,25,TRUE,0.1,5,0,0,FALSE,my_RL_experts,results_jan2021/results-CartPole-v1--BC.csv,FALSE,25,,,,0.1,0,"(64,)",50,50,128,FALSE,TRUE,,,FALSE,FALSE,,FALSE,0,TRUE,,,,,FALSE,1,,FALSE,0,,1,1,500,0,500,0,,BC+H,CartPole-v1,12500,0.044068996,362,"[0.11097375764936354, 0.13079043, 0.13924082, 0.12005918, 0.11446752, 0.11872962, 0.1154654, 0.119547985, 0.13061446, 0.13779746]",0,5.795088768,0.00063327,1,1,FALSE,2,500,12500,500,0,0.110347286,0.109366424,0.046399999,0.805038222,2,0.008463635,0.109366424
4,400000,10,25,TRUE,0.1,5,0,0,FALSE,my_RL_experts,results_jan2021/results-CartPole-v1--BC.csv,FALSE,25,,,,0.1,0,"(64,)",50,50,128,FALSE,TRUE,,,FALSE,FALSE,,FALSE,0,TRUE,,,,,FALSE,1,,FALSE,0,,1,1,500,0,500,0,,BC+H,CartPole-v1,12500,0.039849244,103,"[0.11048817375619856, 0.11738038, 0.13542385, 0.111185506, 0.10891192, 0.11118258, 0.11434882, 0.11965301, 0.11867557, 0.1351046]",4,6.465364456,0.000986397,1,1,FALSE,3,500,12500,500,0,0.113992862,0.112367578,0.046119999,1.073004297,3,0.007106765,0.112367578
4,500000,10,25,TRUE,0.1,5,0,0,FALSE,my_RL_experts,results_jan2021/results-CartPole-v1--BC.csv,FALSE,25,,,,0.1,0,"(64,)",50,50,128,FALSE,TRUE,,,FALSE,FALSE,,FALSE,0,TRUE,,,,,FALSE,1,,FALSE,0,,1,1,500,0,500,0,,BC+H,CartPole-v1,12500,0.037637394,130,"[0.1140172163255494, 0.11464022, 0.13194251, 0.10603305, 0.10524535, 0.10699708, 0.113048226, 0.116392165, 0.115033425, 0.13375095]",4,6.882822514,0.000997305,1,1,TRUE,4,500,12500,500,0,0.111067303,0.109025784,0.045759998,1.49259971,4,0.007106765,0.109025784
4,100000,10,25,FALSE,0.1,5,1,1,FALSE,my_RL_experts,results_jan2021/results-CartPole-v1--BC.csv,FALSE,25,,,,0.1,0,"(64,)",50,50,128,FALSE,TRUE,,,FALSE,FALSE,,FALSE,0,TRUE,,,,,FALSE,1,,FALSE,0,,1,1,500,0,500,0,,BC,CartPole-v1,12500,0.055489492,5108,"[0.2474173102591314, 0.22368273, 0.21770523, 0.1833573, 0.1946277, 0.20873202, 0.16806085, 0.16375808, 0.16271704, 0.15993659]",9,3.827073097,0.000142395,1,1,FALSE,0,500,12500,500,0,0.152149782,0.153322071,0.063239999,0.260185989,0,0.041613785,0.153322071
4,200000,10,25,FALSE,0.1,5,1,1,FALSE,my_RL_experts,results_jan2021/results-CartPole-v1--BC.csv,FALSE,25,,,,0.1,0,"(64,)",50,50,128,FALSE,TRUE,,,FALSE,FALSE,,FALSE,0,TRUE,,,,,FALSE,1,,FALSE,0,,1,1,500,0,500,0,,BC,CartPole-v1,12500,0.047971435,323,"[0.13150116899857853, 0.13574293, 0.13063166, 0.12728797, 0.17677134, 0.1692055, 0.13597883, 0.12566246, 0.1303122, 0.13908094]",7,4.998385906,5.39E-05,1,1,FALSE,1,500,12500,500,0,0.112549171,0.112318143,0.044720002,0.523862604,1,0.022678231,0.112318143
4,300000,10,25,FALSE,0.1,5,1,1,FALSE,my_RL_experts,results_jan2021/results-CartPole-v1--BC.csv,FALSE,25,,,,0.1,0,"(64,)",50,50,128,FALSE,TRUE,,,FALSE,FALSE,,FALSE,0,TRUE,,,,,FALSE,1,,FALSE,0,,1,1,500,0,500,0,,BC,CartPole-v1,12500,0.050978322,673,"[0.11663354892744401, 0.11893857, 0.11658674, 0.122342795, 0.123595335, 0.15427488, 0.1255826, 0.11363623, 0.12511192, 0.16326591]",7,5.625397682,0.000265568,1,1,FALSE,2,500,12500,500,0,0.127884775,0.122978576,0.05596,0.782832678,2,0.016641324,0.122978576
4,400000,10,25,FALSE,0.1,5,1,1,FALSE,my_RL_experts,results_jan2021/results-CartPole-v1--BC.csv,FALSE,25,,,,0.1,0,"(64,)",50,50,128,FALSE,TRUE,,,FALSE,FALSE,,FALSE,0,TRUE,,,,,FALSE,1,,FALSE,0,,1,1,500,0,500,0,,BC,CartPole-v1,12500,0.046044949,154,"[0.10477662757143624, 0.116684765, 0.11837367, 0.12000313, 0.115556814, 0.15218621, 0.11964532, 0.10821332, 0.1215852, 0.1485597]",0,6.011634827,0.000505775,1,1,FALSE,3,500,12500,500,0,0.115817666,0.112523623,0.052000001,1.051283201,3,0.014900093,0.112523623
4,500000,10,25,FALSE,0.1,5,1,1,FALSE,my_RL_experts,results_jan2021/results-CartPole-v1--BC.csv,FALSE,25,,,,0.1,0,"(64,)",50,50,128,FALSE,TRUE,,,FALSE,FALSE,,FALSE,0,TRUE,,,,,FALSE,1,,FALSE,0,,1,1,500,0,500,0,,BC,CartPole-v1,12500,0.044244189,123,"[0.09829758382879143, 0.10812707, 0.1145609, 0.10754628, 0.11483768, 0.14369471, 0.12089563, 0.10441611, 0.10943168, 0.13562451]",0,6.74041748,0.001167148,1,1,TRUE,4,500,12500,500,0,0.12502487,0.121574588,0.05548,1.44967825,4,0.014900093,0.121574588
4,100000,10,25,TRUE,0.1,5,1,1,FALSE,my_RL_experts,results_jan2021/results-CartPole-v1--BC.csv,FALSE,25,,,,0.1,0,"(64,)",50,50,128,FALSE,TRUE,,,FALSE,FALSE,,FALSE,0,TRUE,,,,,FALSE,1,,FALSE,0,,1,1,500,0,500,0,,BC+H,CartPole-v1,12500,0.077526659,7381,"[0.24556451350883807, 0.22807461, 0.19916575, 0.20343281, 0.19817531, 0.20966712, 0.18588838, 0.17491318, 0.16519207, 0.18879953]",8,3.424498081,0.000104502,1,1,FALSE,0,500,12500,493.08,12.85276624,0.231333688,0.234052971,0.110119998,0.271643611,0,0.032496214,0.234052971
4,200000,10,25,TRUE,0.1,5,1,1,FALSE,my_RL_experts,results_jan2021/results-CartPole-v1--BC.csv,FALSE,25,,,,0.1,0,"(64,)",50,50,128,FALSE,TRUE,,,FALSE,FALSE,,FALSE,0,TRUE,,,,,FALSE,1,,FALSE,0,,1,1,500,0,500,0,,BC+H,CartPole-v1,12500,0.069520682,707,"[0.13527724860429252, 0.1686695, 0.15247598, 0.15186931, 0.15128228, 0.166123, 0.15027776, 0.15135656, 0.15154836, 0.17814922]",0,4.667449474,0.000294,1,1,FALSE,1,500,12500,500,0,0.237770483,0.230787262,0.104199998,0.548107107,1,0.006955145,0.230787262
4,300000,10,25,TRUE,0.1,5,1,1,FALSE,my_RL_experts,results_jan2021/results-CartPole-v1--BC.csv,FALSE,25,,,,0.1,0,"(64,)",50,50,128,FALSE,TRUE,,,FALSE,FALSE,,FALSE,0,TRUE,,,,,FALSE,1,,FALSE,0,,1,1,500,0,500,0,,BC+H,CartPole-v1,12500,0.064348996,235,"[0.12483606859718506, 0.15010107, 0.13242638, 0.13840637, 0.13462229, 0.15275459, 0.1420028, 0.13895817, 0.13719559, 0.17717668]",0,5.242797852,0.001336336,1,1,FALSE,2,500,12500,500,0,0.230675817,0.221166492,0.100479998,0.81592588,2,0.007143497,0.221166492
4,400000,10,25,TRUE,0.1,5,1,1,FALSE,my_RL_experts,results_jan2021/results-CartPole-v1--BC.csv,FALSE,25,,,,0.1,0,"(64,)",50,50,128,FALSE,TRUE,,,FALSE,FALSE,,FALSE,0,TRUE,,,,,FALSE,1,,FALSE,0,,1,1,500,0,500,0,,BC+H,CartPole-v1,12500,0.063590735,407,"[0.11536575101708951, 0.1391139, 0.12572683, 0.13340445, 0.1323302, 0.14595051, 0.12553987, 0.12461338, 0.12933968, 0.17272831]",0,5.891015053,0.000172019,1,1,FALSE,3,500,12500,500,0,0.25992626,0.250505418,0.117959999,1.095938011,3,0.007066612,0.250505418
4,500000,10,25,TRUE,0.1,5,1,1,FALSE,my_RL_experts,results_jan2021/results-CartPole-v1--BC.csv,FALSE,25,,,,0.1,0,"(64,)",50,50,128,FALSE,TRUE,,,FALSE,FALSE,,FALSE,0,TRUE,,,,,FALSE,1,,FALSE,0,,1,1,500,0,500,0,,BC+H,CartPole-v1,12500,0.059279803,150,"[0.09998364052583955, 0.11960167, 0.11854067, 0.1426965, 0.12658605, 0.15013121, 0.123109475, 0.11557708, 0.13058287, 0.16569051]",0,6.540612698,3.60E-05,1,1,TRUE,4,500,12500,500,0,0.232961014,0.224098921,0.106959999,1.505962257,4,0.007066612,0.224098921
4,100000,10,25,FALSE,0.1,5,2,2,FALSE,my_RL_experts,results_jan2021/results-CartPole-v1--BC.csv,FALSE,25,,,,0.1,0,"(64,)",50,50,128,FALSE,TRUE,,,FALSE,FALSE,,FALSE,0,TRUE,,,,,FALSE,1,,FALSE,0,,1,1,500,0,500,0,,BC,CartPole-v1,12500,0.060431469,7628,"[0.25881257982320405, 0.23143257, 0.21191461, 0.18456414, 0.20939477, 0.18188483, 0.18162943, 0.15634672, 0.19681379, 0.16460803]",7,3.190658092,0.000172108,1,1,FALSE,0,500,12500,500,0,0.144082487,0.140747309,0.060400002,0.248266176,0,0.050466718,0.140747309
4,200000,10,25,FALSE,0.1,5,2,2,FALSE,my_RL_experts,results_jan2021/results-CartPole-v1--BC.csv,FALSE,25,,,,0.1,0,"(64,)",50,50,128,FALSE,TRUE,,,FALSE,FALSE,,FALSE,0,TRUE,,,,,FALSE,1,,FALSE,0,,1,1,500,0,500,0,,BC,CartPole-v1,12500,0.047144618,274,"[0.14069710081068168, 0.152408, 0.16062613, 0.14519544, 0.16494903, 0.15233846, 0.15697592, 0.14780878, 0.14872248, 0.13713287]",9,4.104816437,3.67E-05,1,1,FALSE,1,500,12500,500,0,0.127506793,0.124991052,0.056000002,0.502305432,1,0.062464885,0.124991052
4,300000,10,25,FALSE,0.1,5,2,2,FALSE,my_RL_experts,results_jan2021/results-CartPole-v1--BC.csv,FALSE,25,,,,0.1,0,"(64,)",50,50,128,FALSE,TRUE,,,FALSE,FALSE,,FALSE,0,TRUE,,,,,FALSE,1,,FALSE,0,,1,1,500,0,500,0,,BC,CartPole-v1,12500,0.041055243,220,"[0.12562180709889254, 0.12477701, 0.1398534, 0.13216093, 0.14249964, 0.13490619, 0.13500167, 0.12452472, 0.141884, 0.1271818]",7,4.768525124,0.000843883,1,1,FALSE,2,500,12500,500,0,0.12204551,0.117785364,0.0546,0.750727141,2,0.061203635,0.117785364
4,400000,10,25,FALSE,0.1,5,2,2,FALSE,my_RL_experts,results_jan2021/results-CartPole-v1--BC.csv,FALSE,25,,,,0.1,0,"(64,)",50,50,128,FALSE,TRUE,,,FALSE,FALSE,,FALSE,0,TRUE,,,,,FALSE,1,,FALSE,0,,1,1,500,0,500,0,,BC,CartPole-v1,12500,0.036940034,311,"[0.11887056405269673, 0.1079965, 0.12613422, 0.11491073, 0.12554902, 0.12541352, 0.12370695, 0.10639811, 0.12735547, 0.112553045]",7,5.605645657,0.000164986,1,1,FALSE,3,500,12500,500,0,0.110637665,0.107289433,0.046519998,1.012527506,3,0.045267315,0.107289433
4,500000,10,25,FALSE,0.1,5,2,2,FALSE,my_RL_experts,results_jan2021/results-CartPole-v1--BC.csv,FALSE,25,,,,0.1,0,"(64,)",50,50,128,FALSE,TRUE,,,FALSE,FALSE,,FALSE,0,TRUE,,,,,FALSE,1,,FALSE,0,,1,1,500,0,500,0,,BC,CartPole-v1,12500,0.03354425,283,"[0.11367948392519345, 0.10024842, 0.121084705, 0.10964873, 0.13481511, 0.1313985, 0.12535058, 0.12078103, 0.123005144, 0.103374645]",1,5.969021797,9.41E-05,1,1,TRUE,4,500,12500,500,0,0.117993914,0.1147893,0.049079999,1.408206705,4,0.045267315,0.1147893
4,100000,10,25,TRUE,0.1,5,2,2,FALSE,my_RL_experts,results_jan2021/results-CartPole-v1--BC.csv,FALSE,25,,,,0.1,0,"(64,)",50,50,128,FALSE,TRUE,,,FALSE,FALSE,,FALSE,0,TRUE,,,,,FALSE,1,,FALSE,0,,1,1,500,0,500,0,,BC+H,CartPole-v1,12500,0.059678737,4412,"[0.23064788985465362, 0.21527793, 0.21550575, 0.18956818, 0.20406142, 0.17359142, 0.18720163, 0.16892977, 0.1765505, 0.16290379]",9,3.949488401,0.000236094,1,1,FALSE,0,500,12500,500,0,0.153811067,0.15506807,0.065880001,0.278220431,0,0.014892686,0.15506807
4,200000,10,25,TRUE,0.1,5,2,2,FALSE,my_RL_experts,results_jan2021/results-CartPole-v1--BC.csv,FALSE,25,,,,0.1,0,"(64,)",50,50,128,FALSE,TRUE,,,FALSE,FALSE,,FALSE,0,TRUE,,,,,FALSE,1,,FALSE,0,,1,1,500,0,500,0,,BC+H,CartPole-v1,12500,0.057953935,413,"[0.1374461446531218, 0.15906417, 0.15278839, 0.14841531, 0.16285816, 0.14891112, 0.16338903, 0.13972028, 0.14851022, 0.14199564]",0,4.32144165,0.000460565,1,1,FALSE,1,500,12500,500,0,0.136338338,0.135122657,0.058079999,0.543591173,1,0.0112542,0.135122657
4,300000,10,25,TRUE,0.1,5,2,2,FALSE,my_RL_experts,results_jan2021/results-CartPole-v1--BC.csv,FALSE,25,,,,0.1,0,"(64,)",50,50,128,FALSE,TRUE,,,FALSE,FALSE,,FALSE,0,TRUE,,,,,FALSE,1,,FALSE,0,,1,1,500,0,500,0,,BC+H,CartPole-v1,12500,0.052150033,400,"[0.11675508536705173, 0.14805473, 0.13382652, 0.13551201, 0.1450828, 0.13230856, 0.14789338, 0.13292143, 0.13438979, 0.13007009]",0,4.876473904,3.61E-05,1,1,FALSE,2,500,12500,500,0,0.116965584,0.114257209,0.047120001,0.820279535,2,0.008807056,0.114257209
4,400000,10,25,TRUE,0.1,5,2,2,FALSE,my_RL_experts,results_jan2021/results-CartPole-v1--BC.csv,FALSE,25,,,,0.1,0,"(64,)",50,50,128,FALSE,TRUE,,,FALSE,FALSE,,FALSE,0,TRUE,,,,,FALSE,1,,FALSE,0,,1,1,500,0,500,0,,BC+H,CartPole-v1,12500,0.049121581,142,"[0.1114406445130773, 0.13095711, 0.11927521, 0.12440683, 0.13252446, 0.1264766, 0.14159192, 0.12809858, 0.13527067, 0.125058]",0,5.520961285,0.000235736,1,1,FALSE,3,500,12500,500,0,0.11253617,0.109758988,0.044039998,1.093898503,3,0.005421637,0.109758988
4,500000,10,25,TRUE,0.1,5,2,2,FALSE,my_RL_experts,results_jan2021/results-CartPole-v1--BC.csv,FALSE,25,,,,0.1,0,"(64,)",50,50,128,FALSE,TRUE,,,FALSE,FALSE,,FALSE,0,TRUE,,,,,FALSE,1,,FALSE,0,,1,1,500,0,500,0,,BC+H,CartPole-v1,12500,0.045774963,151,"[0.10474850161915812, 0.12132244, 0.11304295, 0.12474889, 0.123082116, 0.12737803, 0.1396719, 0.12792185, 0.12211027, 0.11946963]",0,6.239639282,0.001051366,1,1,TRUE,4,500,12500,500,0,0.112738952,0.108613089,0.044599999,1.502199058,4,0.005421637,0.108613089
4,100000,10,25,FALSE,0.01,5,0,0,FALSE,my_RL_experts,results_jan2021/results-CartPole-v1--BC.csv,FALSE,25,,,,0.01,0,"(16,)",50,50,128,FALSE,TRUE,,,FALSE,FALSE,,FALSE,0,TRUE,,,,,FALSE,1,,FALSE,0,,1,1,500,0,500,0,,BC,CartPole-v1,12500,0.102721922,6129,"[0.35699590986942525, 0.30718186, 0.28010094, 0.2623733, 0.25159115, 0.24174367, 0.23153433, 0.22363949, 0.21858227, 0.2085759]",9,2.333462954,0.000841886,1,1,FALSE,0,500,12500,500,0,0.20202221,0.203953639,0.081239998,0.242109354,0,0.039117121,0.203953639
4,200000,10,25,FALSE,0.01,5,0,0,FALSE,my_RL_experts,results_jan2021/results-CartPole-v1--BC.csv,FALSE,25,,,,0.01,0,"(16,)",50,50,128,FALSE,TRUE,,,FALSE,FALSE,,FALSE,0,TRUE,,,,,FALSE,1,,FALSE,0,,1,1,500,0,500,0,,BC,CartPole-v1,12500,0.089268558,369,"[0.15793954715797082, 0.19705404, 0.19109277, 0.18623044, 0.18334106, 0.18032317, 0.17630967, 0.17558487, 0.17680092, 0.17174628]",0,2.997849941,0.000293434,1,1,FALSE,1,500,12500,500,0,0.170768276,0.171321899,0.064839996,0.475355009,1,0.04595546,0.171321899
4,300000,10,25,FALSE,0.01,5,0,0,FALSE,my_RL_experts,results_jan2021/results-CartPole-v1--BC.csv,FALSE,25,,,,0.01,0,"(16,)",50,50,128,FALSE,TRUE,,,FALSE,FALSE,,FALSE,0,TRUE,,,,,FALSE,1,,FALSE,0,,1,1,500,0,500,0,,BC,CartPole-v1,12500,0.07792329,342,"[0.1316792815050633, 0.16607039, 0.16222562, 0.15703002, 0.15370947, 0.1520026, 0.14866513, 0.14841844, 0.1499593, 0.14580925]",0,3.615558147,0.000497207,1,1,FALSE,2,500,12500,500,0,0.144856364,0.145719975,0.052519999,0.713127867,2,0.055570143,0.145719975
4,400000,10,25,FALSE,0.01,5,0,0,FALSE,my_RL_experts,results_jan2021/results-CartPole-v1--BC.csv,FALSE,25,,,,0.01,0,"(16,)",50,50,128,FALSE,TRUE,,,FALSE,FALSE,,FALSE,0,TRUE,,,,,FALSE,1,,FALSE,0,,1,1,500,0,500,0,,BC,CartPole-v1,12500,0.071428828,166,"[0.11291976760413276, 0.1427575, 0.14075378, 0.13603738, 0.1341159, 0.1345017, 0.13215882, 0.13246287, 0.13451408, 0.13149558]",0,4.149539948,0.000278816,1,1,FALSE,3,500,12500,500,0,0.132527262,0.133436427,0.04792,0.952145243,3,0.05446928,0.133436427
4,500000,10,25,FALSE,0.01,5,0,0,FALSE,my_RL_experts,results_jan2021/results-CartPole-v1--BC.csv,FALSE,25,,,,0.01,0,"(16,)",50,50,128,FALSE,TRUE,,,FALSE,FALSE,,FALSE,0,TRUE,,,,,FALSE,1,,FALSE,0,,1,1,500,0,500,0,,BC,CartPole-v1,12500,0.067031235,105,"[0.10275139204272184, 0.13067037, 0.12975089, 0.124424, 0.12313894, 0.12392188, 0.122189805, 0.12270135, 0.12508121, 0.12208767]",0,4.638841152,0.000543669,1,1,TRUE,4,500,12500,500,0,0.125068411,0.125940219,0.045960002,1.335314957,4,0.05446928,0.125940219
4,100000,10,25,TRUE,0.01,5,0,0,FALSE,my_RL_experts,results_jan2021/results-CartPole-v1--BC.csv,FALSE,25,,,,0.01,0,"(16,)",50,50,128,FALSE,TRUE,,,FALSE,FALSE,,FALSE,0,TRUE,,,,,FALSE,1,,FALSE,0,,1,1,500,0,500,0,,BC+H,CartPole-v1,12500,0.090191692,5718,"[0.30664926932079717, 0.29760134, 0.26021942, 0.24045004, 0.22757328, 0.21942995, 0.2086567, 0.20605291, 0.19803819, 0.19245046]",9,1.981600881,0.000160024,1,1,FALSE,0,500,12500,352.32,154.0895116,0.18341586,0.187229544,0.079240002,0.218605824,0,0.115685575,0.187229544
4,200000,10,25,TRUE,0.01,5,0,0,FALSE,my_RL_experts,results_jan2021/results-CartPole-v1--BC.csv,FALSE,25,,,,0.01,0,"(16,)",50,50,128,FALSE,TRUE,,,FALSE,FALSE,,FALSE,0,TRUE,,,,,FALSE,1,,FALSE,0,,1,1,500,0,500,0,,BC+H,CartPole-v1,12500,0.079225674,344,"[0.15025219951205868, 0.19000806, 0.18243735, 0.17989047, 0.17821366, 0.17754953, 0.17321402, 0.17642148, 0.17168699, 0.16916852]",0,2.474492788,0.000231871,1,1,FALSE,1,500,12500,432.2,106.8250907,0.161705717,0.164904058,0.0678,0.451691008,1,0.075828893,0.164904058
4,300000,10,25,TRUE,0.01,5,0,0,FALSE,my_RL_experts,results_jan2021/results-CartPole-v1--BC.csv,FALSE,25,,,,0.01,0,"(16,)",50,50,128,FALSE,TRUE,,,FALSE,FALSE,,FALSE,0,TRUE,,,,,FALSE,1,,FALSE,0,,1,1,500,0,500,0,,BC+H,CartPole-v1,12500,0.075157404,177,"[0.13378402536845538, 0.17080772, 0.1644868, 0.16311938, 0.16254777, 0.16300328, 0.15960522, 0.16366419, 0.16130325, 0.15774144]",0,2.784886837,0.00020805,1,1,FALSE,2,500,12500,493.52,21.86708943,0.152898237,0.155503601,0.063359998,0.705776167,2,0.048446045,0.155503601
4,400000,10,25,TRUE,0.01,5,0,0,FALSE,my_RL_experts,results_jan2021/results-CartPole-v1--BC.csv,FALSE,25,,,,0.01,0,"(16,)",50,50,128,FALSE,TRUE,,,FALSE,FALSE,,FALSE,0,TRUE,,,,,FALSE,1,,FALSE,0,,1,1,500,0,500,0,,BC+H,CartPole-v1,12500,0.071160637,136,"[0.1249959989649284, 0.16008389, 0.15440819, 0.1527939, 0.15224186, 0.15280408, 0.14974289, 0.15338895, 0.15341741, 0.1489447]",0,3.105720997,0.000159204,1,1,FALSE,3,500,12500,500,0,0.145331621,0.146707445,0.05796,0.955021048,3,0.041926857,0.146707445
4,500000,10,25,TRUE,0.01,5,0,0,FALSE,my_RL_experts,results_jan2021/results-CartPole-v1--BC.csv,FALSE,25,,,,0.01,0,"(16,)",50,50,128,FALSE,TRUE,,,FALSE,FALSE,,FALSE,0,TRUE,,,,,FALSE,1,,FALSE,0,,1,1,500,0,500,0,,BC+H,CartPole-v1,12500,0.068152882,88,"[0.1182543369254673, 0.151217, 0.14620094, 0.14487615, 0.1442576, 0.14576526, 0.14274013, 0.14661871, 0.14860043, 0.14289677]",0,3.417691946,0.001273438,1,1,TRUE,4,500,12500,500,0,0.140530169,0.14125903,0.054960001,1.354352176,4,0.041926857,0.14125903
4,100000,10,25,FALSE,0.01,5,1,1,FALSE,my_RL_experts,results_jan2021/results-CartPole-v1--BC.csv,FALSE,25,,,,0.01,0,"(16,)",50,50,128,FALSE,TRUE,,,FALSE,FALSE,,FALSE,0,TRUE,,,,,FALSE,1,,FALSE,0,,1,1,500,0,500,0,,BC,CartPole-v1,12500,0.095518708,4265,"[0.367495421498809, 0.30491295, 0.27077883, 0.2524776, 0.24282534, 0.23526783, 0.22852828, 0.22103176, 0.21556114, 0.20820561]",9,1.811850309,1.47E-05,1,1,FALSE,0,500,12500,343.72,84.70821448,0.203235775,0.205392092,0.08196,0.196664349,0,0.623153398,0.205392092
4,200000,10,25,FALSE,0.01,5,1,1,FALSE,my_RL_experts,results_jan2021/results-CartPole-v1--BC.csv,FALSE,25,,,,0.01,0,"(16,)",50,50,128,FALSE,TRUE,,,FALSE,FALSE,,FALSE,0,TRUE,,,,,FALSE,1,,FALSE,0,,1,1,500,0,500,0,,BC,CartPole-v1,12500,0.082304046,290,"[0.16593162396342756, 0.19990489, 0.19602212, 0.19196816, 0.18900652, 0.18626377, 0.1830369, 0.17826125, 0.17693481, 0.17180239]",0,2.345862865,0.000251755,1,1,FALSE,1,500,12500,500,0,0.171021014,0.171858907,0.069200002,0.429416668,1,0.355589964,0.171858907
4,300000,10,25,FALSE,0.01,5,1,1,FALSE,my_RL_experts,results_jan2021/results-CartPole-v1--BC.csv,FALSE,25,,,,0.01,0,"(16,)",50,50,128,FALSE,TRUE,,,FALSE,FALSE,,FALSE,0,TRUE,,,,,FALSE,1,,FALSE,0,,1,1,500,0,500,0,,BC,CartPole-v1,12500,0.074376196,174,"[0.1410197458166343, 0.1692967, 0.16776912, 0.16677223, 0.16566664, 0.16373435, 0.1613945, 0.15790074, 0.15833585, 0.15423428]",0,2.836824417,0.000250697,1,1,FALSE,2,500,12500,500,0,0.154605463,0.154875442,0.0614,0.682870412,2,0.268074253,0.154875442
4,400000,10,25,FALSE,0.01,5,1,1,FALSE,my_RL_experts,results_jan2021/results-CartPole-v1--BC.csv,FALSE,25,,,,0.01,0,"(16,)",50,50,128,FALSE,TRUE,,,FALSE,FALSE,,FALSE,0,TRUE,,,,,FALSE,1,,FALSE,0,,1,1,500,0,500,0,,BC,CartPole-v1,12500,0.069313504,110,"[0.12744927023647148, 0.15336366, 0.15253834, 0.1531581, 0.15220426, 0.15010639, 0.14811571, 0.14558986, 0.14646444, 0.142523]",0,3.277599335,0.000261456,1,1,FALSE,3,500,12500,500,0,0.142518222,0.143071041,0.05548,0.951466938,3,0.20069751,0.143071041
4,500000,10,25,FALSE,0.01,5,1,1,FALSE,my_RL_experts,results_jan2021/results-CartPole-v1--BC.csv,FALSE,25,,,,0.01,0,"(16,)",50,50,128,FALSE,TRUE,,,FALSE,FALSE,,FALSE,0,TRUE,,,,,FALSE,1,,FALSE,0,,1,1,500,0,500,0,,BC,CartPole-v1,12500,0.065473653,87,"[0.11787058665520717, 0.1424037, 0.14215359, 0.14340849, 0.14305942, 0.13999034, 0.13805611, 0.13611501, 0.13739072, 0.13312747]",0,3.682717562,0.000116527,1,1,TRUE,4,500,12500,500,0,0.133622348,0.133617133,0.051679999,1.353418064,4,0.20069751,0.133617133
4,100000,10,25,TRUE,0.01,5,1,1,FALSE,my_RL_experts,results_jan2021/results-CartPole-v1--BC.csv,FALSE,25,,,,0.01,0,"(16,)",50,50,128,FALSE,TRUE,,,FALSE,FALSE,,FALSE,0,TRUE,,,,,FALSE,1,,FALSE,0,,1,1,500,0,500,0,,BC+H,CartPole-v1,12500,0.087380238,5796,"[0.32945564179077746, 0.29631284, 0.25407594, 0.2347527, 0.22320959, 0.2138154, 0.20715758, 0.20166512, 0.19632904, 0.19095924]",9,1.831855297,0.000197585,1,1,FALSE,0,500,12500,184.4,54.46613627,0.184298158,0.188822985,0.076760001,0.171000993,0,0.390300971,0.188822985
4,200000,10,25,TRUE,0.01,5,1,1,FALSE,my_RL_experts,results_jan2021/results-CartPole-v1--BC.csv,FALSE,25,,,,0.01,0,"(16,)",50,50,128,FALSE,TRUE,,,FALSE,FALSE,,FALSE,0,TRUE,,,,,FALSE,1,,FALSE,0,,1,1,500,0,500,0,,BC+H,CartPole-v1,12500,0.076176494,291,"[0.15323978147350428, 0.18572101, 0.1817706, 0.1784891, 0.17571418, 0.17487024, 0.1724721, 0.16904402, 0.1675593, 0.16283266]",0,2.392858982,0.000189006,1,1,FALSE,1,500,12500,416.28,48.41612954,0.158504635,0.161705136,0.069159999,0.395685212,1,0.151567809,0.161705136
4,300000,10,25,TRUE,0.01,5,1,1,FALSE,my_RL_experts,results_jan2021/results-CartPole-v1--BC.csv,FALSE,25,,,,0.01,0,"(16,)",50,50,128,FALSE,TRUE,,,FALSE,FALSE,,FALSE,0,TRUE,,,,,FALSE,1,,FALSE,0,,1,1,500,0,500,0,,BC+H,CartPole-v1,12500,0.068173029,182,"[0.1326934343500286, 0.1597486, 0.15689617, 0.15622817, 0.15443845, 0.15433453, 0.15228178, 0.14945605, 0.15089723, 0.14635934]",0,2.926747561,2.10E-05,1,1,FALSE,2,500,12500,444.72,35.25395864,0.144097522,0.145310283,0.060959999,0.639450304,2,0.097651593,0.145310283
4,400000,10,25,TRUE,0.01,5,1,1,FALSE,my_RL_experts,results_jan2021/results-CartPole-v1--BC.csv,FALSE,25,,,,0.01,0,"(16,)",50,50,128,FALSE,TRUE,,,FALSE,FALSE,,FALSE,0,TRUE,,,,,FALSE,1,,FALSE,0,,1,1,500,0,500,0,,BC+H,CartPole-v1,12500,0.064753048,178,"[0.1209158645279115, 0.14609015, 0.14405729, 0.14491552, 0.14400162, 0.14326741, 0.14094426, 0.13895142, 0.14028646, 0.13606843]",0,3.309784412,0.000665462,1,1,FALSE,3,500,12500,455.84,40.89663067,0.133723617,0.133984312,0.056839999,0.885140411,3,0.073217744,0.133984312
4,500000,10,25,TRUE,0.01,5,1,1,FALSE,my_RL_experts,results_jan2021/results-CartPole-v1--BC.csv,FALSE,25,,,,0.01,0,"(16,)",50,50,128,FALSE,TRUE,,,FALSE,FALSE,,FALSE,0,TRUE,,,,,FALSE,1,,FALSE,0,,1,1,500,0,500,0,,BC+H,CartPole-v1,12500,0.060930498,154,"[0.11254624692932122, 0.13525821, 0.13376255, 0.13508904, 0.1356016, 0.13302168, 0.13122657, 0.12978244, 0.13110998, 0.12743862]",0,3.747515678,1.13E-05,1,1,TRUE,4,500,12500,465.88,42.08260448,0.12628673,0.126429945,0.052760001,1.254151567,4,0.073217744,0.126429945
4,100000,10,25,FALSE,0.01,5,2,2,FALSE,my_RL_experts,results_jan2021/results-CartPole-v1--BC.csv,FALSE,25,,,,0.01,0,"(16,)",50,50,128,FALSE,TRUE,,,FALSE,FALSE,,FALSE,0,TRUE,,,,,FALSE,1,,FALSE,0,,1,1,500,0,500,0,,BC,CartPole-v1,12500,0.0954559,6591,"[0.41541339385319503, 0.30708933, 0.2727017, 0.2583352, 0.24733257, 0.23979929, 0.22819202, 0.2233225, 0.2171939, 0.21257053]",9,2.346526861,0.000221997,1,1,FALSE,0,500,12500,271.08,83.99043755,0.205757976,0.208208397,0.083679996,0.187513872,0,0.514553144,0.208208397
4,200000,10,25,FALSE,0.01,5,2,2,FALSE,my_RL_experts,results_jan2021/results-CartPole-v1--BC.csv,FALSE,25,,,,0.01,0,"(16,)",50,50,128,FALSE,TRUE,,,FALSE,FALSE,,FALSE,0,TRUE,,,,,FALSE,1,,FALSE,0,,1,1,500,0,500,0,,BC,CartPole-v1,12500,0.085580036,248,"[0.16666296374599657, 0.20667939, 0.20317234, 0.20274898, 0.19877113, 0.19927411, 0.19176316, 0.1906972, 0.18615852, 0.18244617]",0,2.670105934,8.68E-05,1,1,FALSE,1,500,12500,325.96,107.9164418,0.176847592,0.178618208,0.076559998,0.376544003,1,0.498517372,0.178618208
4,300000,10,25,FALSE,0.01,5,2,2,FALSE,my_RL_experts,results_jan2021/results-CartPole-v1--BC.csv,FALSE,25,,,,0.01,0,"(16,)",50,50,128,FALSE,TRUE,,,FALSE,FALSE,,FALSE,0,TRUE,,,,,FALSE,1,,FALSE,0,,1,1,500,0,500,0,,BC,CartPole-v1,12500,0.075875297,208,"[0.143717118029167, 0.1775138, 0.17450128, 0.1742758, 0.17018129, 0.1720133, 0.16575563, 0.1657909, 0.16257155, 0.15981774]",0,3.172425985,3.03E-05,1,1,FALSE,2,500,12500,500,0,0.155006349,0.156340018,0.067560002,0.624475296,2,0.32480013,0.156340018
4,400000,10,25,FALSE,0.01,5,2,2,FALSE,my_RL_experts,results_jan2021/results-CartPole-v1--BC.csv,FALSE,25,,,,0.01,0,"(16,)",50,50,128,FALSE,TRUE,,,FALSE,FALSE,,FALSE,0,TRUE,,,,,FALSE,1,,FALSE,0,,1,1,500,0,500,0,,BC,CartPole-v1,12500,0.068565033,192,"[0.12725977398293437, 0.15771511, 0.15796867, 0.15778589, 0.15435119, 0.1571378, 0.15153328, 0.15232044, 0.14890401, 0.14781101]",0,3.605021238,0.000279188,1,1,FALSE,3,500,12500,500,0,0.144756675,0.145166069,0.063000001,0.860959717,3,0.258464485,0.145166069
4,500000,10,25,FALSE,0.01,5,2,2,FALSE,my_RL_experts,results_jan2021/results-CartPole-v1--BC.csv,FALSE,25,,,,0.01,0,"(16,)",50,50,128,FALSE,TRUE,,,FALSE,FALSE,,FALSE,0,TRUE,,,,,FALSE,1,,FALSE,0,,1,1,500,0,500,0,,BC,CartPole-v1,12500,0.064470142,115,"[0.11839053403098711, 0.14609061, 0.14791776, 0.14819762, 0.14447114, 0.14750159, 0.1423446, 0.14365786, 0.14028469, 0.13977285]",0,3.917379141,1.79E-05,1,1,TRUE,4,500,12500,500,0,0.136792585,0.137372985,0.058680002,1.269918048,4,0.258464485,0.137372985
4,100000,10,25,TRUE,0.01,5,2,2,FALSE,my_RL_experts,results_jan2021/results-CartPole-v1--BC.csv,FALSE,25,,,,0.01,0,"(16,)",50,50,128,FALSE,TRUE,,,FALSE,FALSE,,FALSE,0,TRUE,,,,,FALSE,1,,FALSE,0,,1,1,500,0,500,0,,BC+H,CartPole-v1,12500,0.094416454,6240,"[0.3261950586283393, 0.30398127, 0.28053242, 0.26730162, 0.25478122, 0.24437036, 0.23258322, 0.22524261, 0.21907091, 0.21307375]",9,1.357234955,3.09E-05,1,1,FALSE,0,500,12500,179.4,20.62619693,0.203533247,0.207610384,0.085079998,0.156201204,0,0.489303228,0.207610384
4,200000,10,25,TRUE,0.01,5,2,2,FALSE,my_RL_experts,results_jan2021/results-CartPole-v1--BC.csv,FALSE,25,,,,0.01,0,"(16,)",50,50,128,FALSE,TRUE,,,FALSE,FALSE,,FALSE,0,TRUE,,,,,FALSE,1,,FALSE,0,,1,1,500,0,500,0,,BC+H,CartPole-v1,12500,0.087023288,527,"[0.1647523000136415, 0.20531711, 0.20183174, 0.19763945, 0.19339727, 0.19206753, 0.18606038, 0.18431023, 0.18025051, 0.17880154]",0,1.584787011,1.42E-05,1,1,FALSE,1,500,12500,500,0,0.171999186,0.176124021,0.071280003,0.458817295,1,0.106998581,0.176124021
4,300000,10,25,TRUE,0.01,5,2,2,FALSE,my_RL_experts,results_jan2021/results-CartPole-v1--BC.csv,FALSE,25,,,,0.01,0,"(16,)",50,50,128,FALSE,TRUE,,,FALSE,FALSE,,FALSE,0,TRUE,,,,,FALSE,1,,FALSE,0,,1,1,500,0,500,0,,BC+H,CartPole-v1,12500,0.080251373,303,"[0.14031181934078685, 0.17581443, 0.17606726, 0.17254356, 0.17006883, 0.17066391, 0.16632244, 0.16555895, 0.16341506, 0.16283584]",0,1.86797452,0.000169635,1,1,FALSE,2,500,12500,500,0,0.161206156,0.164476603,0.074079998,0.810080373,2,0.071215031,0.164476603
4,400000,10,25,TRUE,0.01,5,2,2,FALSE,my_RL_experts,results_jan2021/results-CartPole-v1--BC.csv,FALSE,25,,,,0.01,0,"(16,)",50,50,128,FALSE,TRUE,,,FALSE,FALSE,,FALSE,0,TRUE,,,,,FALSE,1,,FALSE,0,,1,1,500,0,500,0,,BC+H,CartPole-v1,12500,0.078340009,219,"[0.1288195393001247, 0.16120663, 0.1623131, 0.15734771, 0.15686102, 0.15595435, 0.15356077, 0.15194811, 0.15063918, 0.14970404]",0,2.115074158,0.000179708,1,1,FALSE,3,500,12500,500,0,0.154027149,0.155791536,0.069399998,1.104579373,3,0.047134531,0.155791536
4,500000,10,25,TRUE,0.01,5,2,2,FALSE,my_RL_experts,results_jan2021/results-CartPole-v1--BC.csv,FALSE,25,,,,0.01,0,"(16,)",50,50,128,FALSE,TRUE,,,FALSE,FALSE,,FALSE,0,TRUE,,,,,FALSE,1,,FALSE,0,,1,1,500,0,500,0,,BC+H,CartPole-v1,12500,0.075237803,115,"[0.11989697427059784, 0.14910735, 0.14932254, 0.14626247, 0.14597863, 0.14519502, 0.1432708, 0.14218754, 0.14105262, 0.1404742]",0,2.304954052,0.000152558,1,1,TRUE,4,500,12500,500,0,0.146323368,0.147714913,0.064879999,1.523172569,4,0.047134531,0.147714913
4,100000,10,25,FALSE,0.01,5,0,0,FALSE,my_RL_experts,results_jan2021/results-CartPole-v1--BC.csv,FALSE,25,,,,0.01,0,"(32,)",50,50,128,FALSE,TRUE,,,FALSE,FALSE,,FALSE,0,TRUE,,,,,FALSE,1,,FALSE,0,,1,1,500,0,500,0,,BC,CartPole-v1,12500,0.092622526,6662,"[0.37123831786416706, 0.28829387, 0.25562224, 0.24021119, 0.22956109, 0.21920387, 0.20560311, 0.19947083, 0.19343133, 0.18301915]",9,2.239506721,1.13E-06,1,1,FALSE,0,500,12500,488.6,40.65661078,0.179526284,0.180690765,0.076279998,0.243619514,0,0.062245077,0.180690765
4,200000,10,25,FALSE,0.01,5,0,0,FALSE,my_RL_experts,results_jan2021/results-CartPole-v1--BC.csv,FALSE,25,,,,0.01,0,"(32,)",50,50,128,FALSE,TRUE,,,FALSE,FALSE,,FALSE,0,TRUE,,,,,FALSE,1,,FALSE,0,,1,1,500,0,500,0,,BC,CartPole-v1,12500,0.07652127,317,"[0.1402766814727204, 0.1770759, 0.17029525, 0.16582477, 0.1629289, 0.16104434, 0.15697339, 0.15865955, 0.15938886, 0.15326351]",0,2.922234774,0.000161923,1,1,FALSE,1,500,12500,500,0,0.15006189,0.150659159,0.060880002,0.487313509,1,0.068565531,0.150659159
4,300000,10,25,FALSE,0.01,5,0,0,FALSE,my_RL_experts,results_jan2021/results-CartPole-v1--BC.csv,FALSE,25,,,,0.01,0,"(32,)",50,50,128,FALSE,TRUE,,,FALSE,FALSE,,FALSE,0,TRUE,,,,,FALSE,1,,FALSE,0,,1,1,500,0,500,0,,BC,CartPole-v1,12500,0.070499636,194,"[0.12028371509204076, 0.15363535, 0.14728464, 0.14499192, 0.1420842, 0.14092663, 0.13820209, 0.14046109, 0.14174119, 0.13677053]",0,3.478225946,4.90E-05,1,1,FALSE,2,500,12500,500,0,0.136220798,0.136061624,0.052519999,0.72146405,2,0.067523664,0.136061624
4,400000,10,25,FALSE,0.01,5,0,0,FALSE,my_RL_experts,results_jan2021/results-CartPole-v1--BC.csv,FALSE,25,,,,0.01,0,"(32,)",50,50,128,FALSE,TRUE,,,FALSE,FALSE,,FALSE,0,TRUE,,,,,FALSE,1,,FALSE,0,,1,1,500,0,500,0,,BC,CartPole-v1,12500,0.065995127,149,"[0.10796673897615226, 0.13893797, 0.13371225, 0.13124043, 0.12836064, 0.12874977, 0.12597843, 0.1279114, 0.12909785, 0.12533829]",0,4.010576725,0.000807285,1,1,FALSE,3,500,12500,500,0,0.128628463,0.128079802,0.049199998,0.971162271,3,0.05657426,0.128079802
4,500000,10,25,FALSE,0.01,5,0,0,FALSE,my_RL_experts,results_jan2021/results-CartPole-v1--BC.csv,FALSE,25,,,,0.01,0,"(32,)",50,50,128,FALSE,TRUE,,,FALSE,FALSE,,FALSE,0,TRUE,,,,,FALSE,1,,FALSE,0,,1,1,500,0,500,0,,BC,CartPole-v1,12500,0.061996054,140,"[0.09986181793665717, 0.12916118, 0.124512985, 0.12159669, 0.11881254, 0.11971996, 0.116790205, 0.11830076, 0.11916828, 0.11576228]",0,4.520171642,0.000599653,1,1,TRUE,4,500,12500,500,0,0.121255793,0.12079113,0.04648,1.350270442,4,0.05657426,0.12079113
4,100000,10,25,TRUE,0.01,5,0,0,FALSE,my_RL_experts,results_jan2021/results-CartPole-v1--BC.csv,FALSE,25,,,,0.01,0,"(32,)",50,50,128,FALSE,TRUE,,,FALSE,FALSE,,FALSE,0,TRUE,,,,,FALSE,1,,FALSE,0,,1,1,500,0,500,0,,BC+H,CartPole-v1,12500,0.092129327,6074,"[0.30921571118302643, 0.29255295, 0.2538352, 0.23238361, 0.21777402, 0.20861453, 0.19670705, 0.19207168, 0.18652716, 0.17864493]",9,2.262009382,9.01E-05,1,1,FALSE,0,500,12500,451.28,59.88757467,0.186909258,0.19009836,0.089280002,0.247185715,0,0.024815796,0.19009836
4,200000,10,25,TRUE,0.01,5,0,0,FALSE,my_RL_experts,results_jan2021/results-CartPole-v1--BC.csv,FALSE,25,,,,0.01,0,"(32,)",50,50,128,FALSE,TRUE,,,FALSE,FALSE,,FALSE,0,TRUE,,,,,FALSE,1,,FALSE,0,,1,1,500,0,500,0,,BC+H,CartPole-v1,12500,0.079238378,262,"[0.13780387237292663, 0.1762234, 0.16669972, 0.16393246, 0.1609926, 0.1605667, 0.1569197, 0.1573383, 0.158036, 0.15277994]",0,2.88147378,0.000293288,1,1,FALSE,1,500,12500,496,19.59591794,0.164111704,0.165700465,0.079599999,0.504607256,1,0.007711648,0.165700465
4,300000,10,25,TRUE,0.01,5,0,0,FALSE,my_RL_experts,results_jan2021/results-CartPole-v1--BC.csv,FALSE,25,,,,0.01,0,"(32,)",50,50,128,FALSE,TRUE,,,FALSE,FALSE,,FALSE,0,TRUE,,,,,FALSE,1,,FALSE,0,,1,1,500,0,500,0,,BC+H,CartPole-v1,12500,0.072281286,167,"[0.1198225007635668, 0.1555775, 0.14928557, 0.1458966, 0.14448221, 0.1450385, 0.14155811, 0.14165507, 0.14299269, 0.13913965]",0,3.324912548,0.000194352,1,1,FALSE,2,500,12500,495.84,20.37975466,0.149591371,0.150422916,0.070200004,0.767747951,2,0.005622018,0.150422916
4,400000,10,25,TRUE,0.01,5,0,0,FALSE,my_RL_experts,results_jan2021/results-CartPole-v1--BC.csv,FALSE,25,,,,0.01,0,"(32,)",50,50,128,FALSE,TRUE,,,FALSE,FALSE,,FALSE,0,TRUE,,,,,FALSE,1,,FALSE,0,,1,1,500,0,500,0,,BC+H,CartPole-v1,12500,0.067610927,159,"[0.10999587759590095, 0.14327736, 0.14035052, 0.13433868, 0.1339609, 0.13471295, 0.13135828, 0.13134192, 0.13161895, 0.12892376]",0,3.675915003,0.000260971,1,1,FALSE,3,500,12500,500,0,0.134646267,0.135124221,0.0612,1.032416308,3,0.008257156,0.135124221
4,500000,10,25,TRUE,0.01,5,0,0,FALSE,my_RL_experts,results_jan2021/results-CartPole-v1--BC.csv,FALSE,25,,,,0.01,0,"(32,)",50,50,128,FALSE,TRUE,,,FALSE,FALSE,,FALSE,0,TRUE,,,,,FALSE,1,,FALSE,0,,1,1,500,0,500,0,,BC+H,CartPole-v1,12500,0.063827462,165,"[0.10265300988464682, 0.13349943, 0.13569242, 0.124988414, 0.1240916, 0.12614673, 0.12239484, 0.12197952, 0.12177717, 0.12047523]",0,4.051599979,0.000442274,1,1,TRUE,4,500,12500,500,0,0.124697067,0.124525174,0.05452,1.420468362,4,0.008257156,0.124525174
4,100000,10,25,FALSE,0.01,5,1,1,FALSE,my_RL_experts,results_jan2021/results-CartPole-v1--BC.csv,FALSE,25,,,,0.01,0,"(32,)",50,50,128,FALSE,TRUE,,,FALSE,FALSE,,FALSE,0,TRUE,,,,,FALSE,1,,FALSE,0,,1,1,500,0,500,0,,BC,CartPole-v1,12500,0.087199755,6509,"[0.3688389010497753, 0.28658184, 0.25599888, 0.24239258, 0.23129512, 0.21912271, 0.20833123, 0.19807832, 0.1928843, 0.18173338]",9,1.480732441,0.000534192,1,1,FALSE,0,500,12500,397.12,117.4983642,0.177991033,0.179346189,0.075999998,0.217851861,0,0.416676676,0.179346189
4,200000,10,25,FALSE,0.01,5,1,1,FALSE,my_RL_experts,results_jan2021/results-CartPole-v1--BC.csv,FALSE,25,,,,0.01,0,"(32,)",50,50,128,FALSE,TRUE,,,FALSE,FALSE,,FALSE,0,TRUE,,,,,FALSE,1,,FALSE,0,,1,1,500,0,500,0,,BC,CartPole-v1,12500,0.07102491,337,"[0.14493796698503808, 0.17210054, 0.16702035, 0.1665504, 0.1662688, 0.15536934, 0.1534621, 0.15133813, 0.14914492, 0.14347816]",9,2.046121836,0.000119716,1,1,FALSE,1,500,12500,500,0,0.143444911,0.144085065,0.057799999,0.451459444,1,0.133764284,0.144085065
4,300000,10,25,FALSE,0.01,5,1,1,FALSE,my_RL_experts,results_jan2021/results-CartPole-v1--BC.csv,FALSE,25,,,,0.01,0,"(32,)",50,50,128,FALSE,TRUE,,,FALSE,FALSE,,FALSE,0,TRUE,,,,,FALSE,1,,FALSE,0,,1,1,500,0,500,0,,BC,CartPole-v1,12500,0.063344404,168,"[0.11669134234661833, 0.14074081, 0.1382585, 0.1400819, 0.1409, 0.13215351, 0.13152239, 0.13062906, 0.12930799, 0.1252362]",0,2.615547419,0.000114083,1,1,FALSE,2,500,12500,500,0,0.126544297,0.126875356,0.050280001,0.681697742,2,0.067845908,0.126875356
4,400000,10,25,FALSE,0.01,5,1,1,FALSE,my_RL_experts,results_jan2021/results-CartPole-v1--BC.csv,FALSE,25,,,,0.01,0,"(32,)",50,50,128,FALSE,TRUE,,,FALSE,FALSE,,FALSE,0,TRUE,,,,,FALSE,1,,FALSE,0,,1,1,500,0,500,0,,BC,CartPole-v1,12500,0.057451397,107,"[0.10307290843428839, 0.12349093, 0.12241447, 0.12410836, 0.1238623, 0.11937883, 0.11846183, 0.11787206, 0.1172927, 0.1144896]",0,3.148425102,0.000115275,1,1,FALSE,3,500,12500,500,0,0.115220539,0.115113318,0.04552,0.941190406,3,0.042515715,0.115113318
4,500000,10,25,FALSE,0.01,5,1,1,FALSE,my_RL_experts,results_jan2021/results-CartPole-v1--BC.csv,FALSE,25,,,,0.01,0,"(32,)",50,50,128,FALSE,TRUE,,,FALSE,FALSE,,FALSE,0,TRUE,,,,,FALSE,1,,FALSE,0,,1,1,500,0,500,0,,BC,CartPole-v1,12500,0.053546961,76,"[0.09431915484483572, 0.113293655, 0.11197506, 0.11387181, 0.11335703, 0.111425295, 0.10991735, 0.10943501, 0.109147996, 0.107033126]",0,3.645731211,2.02E-05,1,1,TRUE,4,500,12500,500,0,0.107371569,0.107023321,0.042520002,1.336874529,4,0.042515715,0.107023321
4,100000,10,25,TRUE,0.01,5,1,1,FALSE,my_RL_experts,results_jan2021/results-CartPole-v1--BC.csv,FALSE,25,,,,0.01,0,"(32,)",50,50,128,FALSE,TRUE,,,FALSE,FALSE,,FALSE,0,TRUE,,,,,FALSE,1,,FALSE,0,,1,1,500,0,500,0,,BC+H,CartPole-v1,12500,0.082186639,6411,"[0.33369553731239865, 0.29169592, 0.25994277, 0.23207293, 0.21768548, 0.21022572, 0.20388685, 0.19598992, 0.19217098, 0.18404566]",9,1.878905773,0.000410216,1,1,FALSE,0,500,12500,248.44,89.04519302,0.180160761,0.182812378,0.075920001,0.189123738,0,0.264008537,0.182812378
4,200000,10,25,TRUE,0.01,5,1,1,FALSE,my_RL_experts,results_jan2021/results-CartPole-v1--BC.csv,FALSE,25,,,,0.01,0,"(32,)",50,50,128,FALSE,TRUE,,,FALSE,FALSE,,FALSE,0,TRUE,,,,,FALSE,1,,FALSE,0,,1,1,500,0,500,0,,BC+H,CartPole-v1,12500,0.069735564,255,"[0.1470200660349933, 0.17686008, 0.17308785, 0.17124397, 0.16883129, 0.16756639, 0.165767, 0.16140375, 0.1628245, 0.15745136]",0,2.432847738,6.98E-05,1,1,FALSE,1,500,12500,428.6,49.18048393,0.157876879,0.158881724,0.065279998,0.432078624,1,0.183584675,0.158881724
4,300000,10,25,TRUE,0.01,5,1,1,FALSE,my_RL_experts,results_jan2021/results-CartPole-v1--BC.csv,FALSE,25,,,,0.01,0,"(32,)",50,50,128,FALSE,TRUE,,,FALSE,FALSE,,FALSE,0,TRUE,,,,,FALSE,1,,FALSE,0,,1,1,500,0,500,0,,BC+H,CartPole-v1,12500,0.063976727,174,"[0.12855678201588666, 0.15510872, 0.15272488, 0.15350442, 0.15252936, 0.14920916, 0.14684659, 0.1440854, 0.14452858, 0.139508]",0,2.913196325,0.000240237,1,1,FALSE,2,500,12500,476,33.43052497,0.139667615,0.140092999,0.058559999,0.670645269,2,0.111390349,0.140092999
4,400000,10,25,TRUE,0.01,5,1,1,FALSE,my_RL_experts,results_jan2021/results-CartPole-v1--BC.csv,FALSE,25,,,,0.01,0,"(32,)",50,50,128,FALSE,TRUE,,,FALSE,FALSE,,FALSE,0,TRUE,,,,,FALSE,1,,FALSE,0,,1,1,500,0,500,0,,BC+H,CartPole-v1,12500,0.059300181,136,"[0.1141145082364309, 0.13614082, 0.13365375, 0.13739918, 0.13595526, 0.13154373, 0.12843668, 0.12745349, 0.12707049, 0.12414343]",0,3.439997196,0.000111893,1,1,FALSE,3,500,12500,500,0,0.122325294,0.122648932,0.05108,0.915789819,3,0.073528279,0.122648932
4,500000,10,25,TRUE,0.01,5,1,1,FALSE,my_RL_experts,results_jan2021/results-CartPole-v1--BC.csv,FALSE,25,,,,0.01,0,"(32,)",50,50,128,FALSE,TRUE,,,FALSE,FALSE,,FALSE,0,TRUE,,,,,FALSE,1,,FALSE,0,,1,1,500,0,500,0,,BC+H,CartPole-v1,12500,0.054886319,116,"[0.10049111941026619, 0.12079776, 0.1180254, 0.122998066, 0.12249668, 0.11714793, 0.11428452, 0.11487933, 0.11421879, 0.113703154]",0,3.982481956,0.000110865,1,1,TRUE,4,500,12500,500,0,0.109749041,0.109442852,0.045639999,1.294690879,4,0.073528279,0.109442852
4,100000,10,25,FALSE,0.01,5,2,2,FALSE,my_RL_experts,results_jan2021/results-CartPole-v1--BC.csv,FALSE,25,,,,0.01,0,"(32,)",50,50,128,FALSE,TRUE,,,FALSE,FALSE,,FALSE,0,TRUE,,,,,FALSE,1,,FALSE,0,,1,1,500,0,500,0,,BC,CartPole-v1,12500,0.089273624,5797,"[0.3485151525727863, 0.28292274, 0.25200897, 0.23673113, 0.21988724, 0.2095547, 0.19825277, 0.19092217, 0.18450734, 0.17668645]",9,2.417455673,3.75E-05,1,1,FALSE,0,500,12500,500,0,0.174701601,0.176009536,0.074519999,0.243300621,0,0.118787571,0.176009536
4,200000,10,25,FALSE,0.01,5,2,2,FALSE,my_RL_experts,results_jan2021/results-CartPole-v1--BC.csv,FALSE,25,,,,0.01,0,"(32,)",50,50,128,FALSE,TRUE,,,FALSE,FALSE,,FALSE,0,TRUE,,,,,FALSE,1,,FALSE,0,,1,1,500,0,500,0,,BC,CartPole-v1,12500,0.07609009,283,"[0.13999334031965963, 0.16989163, 0.16766305, 0.16668437, 0.16318326, 0.16171065, 0.15808661, 0.15619037, 0.15446168, 0.15099075]",0,3.087923527,0.000103727,1,1,FALSE,1,500,12500,500,0,0.151495025,0.15230903,0.063759997,0.470558035,1,0.114249431,0.15230903
4,300000,10,25,FALSE,0.01,5,2,2,FALSE,my_RL_experts,results_jan2021/results-CartPole-v1--BC.csv,FALSE,25,,,,0.01,0,"(32,)",50,50,128,FALSE,TRUE,,,FALSE,FALSE,,FALSE,0,TRUE,,,,,FALSE,1,,FALSE,0,,1,1,500,0,500,0,,BC,CartPole-v1,12500,0.07004299,189,"[0.12194982938198408, 0.1486487, 0.14719048, 0.14786588, 0.14566402, 0.14532013, 0.14237969, 0.14138651, 0.13965231, 0.13735017]",0,3.561336994,0.000988394,1,1,FALSE,2,500,12500,500,0,0.13878426,0.139511079,0.056559999,0.714835596,2,0.070495825,0.139511079
4,400000,10,25,FALSE,0.01,5,2,2,FALSE,my_RL_experts,results_jan2021/results-CartPole-v1--BC.csv,FALSE,25,,,,0.01,0,"(32,)",50,50,128,FALSE,TRUE,,,FALSE,FALSE,,FALSE,0,TRUE,,,,,FALSE,1,,FALSE,0,,1,1,500,0,500,0,,BC,CartPole-v1,12500,0.065092809,135,"[0.11185431310656968, 0.13580117, 0.13443856, 0.13607393, 0.13399501, 0.13450631, 0.1316374, 0.13085033, 0.12898867, 0.12729436]",0,3.982324362,0.000838518,1,1,FALSE,3,500,12500,500,0,0.130088449,0.13042073,0.052639998,0.954772079,3,0.045576128,0.13042073
4,500000,10,25,FALSE,0.01,5,2,2,FALSE,my_RL_experts,results_jan2021/results-CartPole-v1--BC.csv,FALSE,25,,,,0.01,0,"(32,)",50,50,128,FALSE,TRUE,,,FALSE,FALSE,,FALSE,0,TRUE,,,,,FALSE,1,,FALSE,0,,1,1,500,0,500,0,,BC,CartPole-v1,12500,0.060983114,96,"[0.10407412724930365, 0.12590149, 0.12536211, 0.12681754, 0.1249209, 0.12602095, 0.122741506, 0.1219089, 0.12006595, 0.11880496]",0,4.381183147,4.01E-05,1,1,TRUE,4,500,12500,500,0,0.123443894,0.123380058,0.05068,1.349177412,4,0.045576128,0.123380058
4,100000,10,25,TRUE,0.01,5,2,2,FALSE,my_RL_experts,results_jan2021/results-CartPole-v1--BC.csv,FALSE,25,,,,0.01,0,"(32,)",50,50,128,FALSE,TRUE,,,FALSE,FALSE,,FALSE,0,TRUE,,,,,FALSE,1,,FALSE,0,,1,1,500,0,500,0,,BC+H,CartPole-v1,12500,0.084982313,5834,"[0.3062986482479237, 0.27967367, 0.24551886, 0.2262506, 0.21060286, 0.2002759, 0.187282, 0.18136752, 0.17471148, 0.16797239]",9,2.650136948,0.00013192,1,1,FALSE,0,500,12500,487.48,61.33522316,0.166772619,0.168960527,0.079400003,0.255290167,0,0.037340518,0.168960527
4,200000,10,25,TRUE,0.01,5,2,2,FALSE,my_RL_experts,results_jan2021/results-CartPole-v1--BC.csv,FALSE,25,,,,0.01,0,"(32,)",50,50,128,FALSE,TRUE,,,FALSE,FALSE,,FALSE,0,TRUE,,,,,FALSE,1,,FALSE,0,,1,1,500,0,500,0,,BC+H,CartPole-v1,12500,0.073281705,286,"[0.13185840960453013, 0.16105862, 0.16272852, 0.15581818, 0.15260893, 0.15144989, 0.14761579, 0.14579694, 0.14532363, 0.14009392]",0,3.395551682,0.000964776,1,1,FALSE,1,500,12500,500,0,0.146638364,0.146593943,0.068719998,0.518166057,1,0.033101574,0.146593943
4,300000,10,25,TRUE,0.01,5,2,2,FALSE,my_RL_experts,results_jan2021/results-CartPole-v1--BC.csv,FALSE,25,,,,0.01,0,"(32,)",50,50,128,FALSE,TRUE,,,FALSE,FALSE,,FALSE,0,TRUE,,,,,FALSE,1,,FALSE,0,,1,1,500,0,500,0,,BC+H,CartPole-v1,12500,0.066468969,138,"[0.11353280206897234, 0.13777156, 0.13817295, 0.13524592, 0.13243893, 0.13319151, 0.12902522, 0.12852786, 0.12917481, 0.12472395]",0,3.990034342,0.000924762,1,1,FALSE,2,500,12500,500,0,0.135770306,0.133887753,0.06208,0.761651746,2,0.028423528,0.133887753
4,400000,10,25,TRUE,0.01,5,2,2,FALSE,my_RL_experts,results_jan2021/results-CartPole-v1--BC.csv,FALSE,25,,,,0.01,0,"(32,)",50,50,128,FALSE,TRUE,,,FALSE,FALSE,,FALSE,0,TRUE,,,,,FALSE,1,,FALSE,0,,1,1,500,0,500,0,,BC+H,CartPole-v1,12500,0.061532915,143,"[0.10299414488192557, 0.123822615, 0.12371176, 0.122648984, 0.1192928, 0.12313792, 0.11783394, 0.11647121, 0.11746006, 0.11408144]",0,4.471992493,0.00013864,1,1,FALSE,3,500,12500,500,0,0.126637533,0.124035411,0.057240002,1.026447976,3,0.01798701,0.124035411
4,500000,10,25,TRUE,0.01,5,2,2,FALSE,my_RL_experts,results_jan2021/results-CartPole-v1--BC.csv,FALSE,25,,,,0.01,0,"(32,)",50,50,128,FALSE,TRUE,,,FALSE,FALSE,,FALSE,0,TRUE,,,,,FALSE,1,,FALSE,0,,1,1,500,0,500,0,,BC+H,CartPole-v1,12500,0.056886945,117,"[0.09451500947960827, 0.11348193, 0.11284846, 0.11338328, 0.11012474, 0.11650962, 0.108827695, 0.107691, 0.10857664, 0.10513557]",0,4.984116077,0.000663266,1,1,TRUE,4,500,12500,500,0,0.11744386,0.114026837,0.052960001,1.427891906,4,0.01798701,0.114026837
4,100000,10,25,FALSE,0.01,5,3,3,FALSE,my_RL_experts,results_jan2021/results-CartPole-v1--BC.csv,FALSE,25,,,,0.01,0,"(32,)",50,50,128,FALSE,TRUE,,,FALSE,FALSE,,FALSE,0,TRUE,,,,,FALSE,1,,FALSE,0,,1,1,500,0,500,0,,BC,CartPole-v1,12500,0.091866173,7214,"[0.3516737373072299, 0.29584372, 0.26989332, 0.25397843, 0.2406479, 0.23044403, 0.22020775, 0.20938309, 0.20138805, 0.19379494]",9,1.62555778,0.000117593,1,1,FALSE,0,500,12500,500,0,0.18759492,0.190038919,0.077760004,0.244364067,0,0.042054454,0.190038919
4,200000,10,25,FALSE,0.01,5,3,3,FALSE,my_RL_experts,results_jan2021/results-CartPole-v1--BC.csv,FALSE,25,,,,0.01,0,"(32,)",50,50,128,FALSE,TRUE,,,FALSE,FALSE,,FALSE,0,TRUE,,,,,FALSE,1,,FALSE,0,,1,1,500,0,500,0,,BC,CartPole-v1,12500,0.075141154,314,"[0.14610331490551332, 0.1850214, 0.18084082, 0.17398463, 0.16947877, 0.16728629, 0.16442467, 0.16093674, 0.15813446, 0.15446106]",0,2.313611507,0.000145234,1,1,FALSE,1,500,12500,500,0,0.151838124,0.154033735,0.061480001,0.478669274,1,0.044148393,0.154033735
4,300000,10,25,FALSE,0.01,5,3,3,FALSE,my_RL_experts,results_jan2021/results-CartPole-v1--BC.csv,FALSE,25,,,,0.01,0,"(32,)",50,50,128,FALSE,TRUE,,,FALSE,FALSE,,FALSE,0,TRUE,,,,,FALSE,1,,FALSE,0,,1,1,500,0,500,0,,BC,CartPole-v1,12500,0.067794904,165,"[0.11969376216639961, 0.15458798, 0.1544512, 0.14913449, 0.14638548, 0.14567384, 0.14434752, 0.14159599, 0.14003265, 0.13645178]",0,2.788671494,0.000207201,1,1,FALSE,2,500,12500,500,0,0.13581185,0.137740642,0.052719999,0.721731782,2,0.037108597,0.137740642
4,400000,10,25,FALSE,0.01,5,3,3,FALSE,my_RL_experts,results_jan2021/results-CartPole-v1--BC.csv,FALSE,25,,,,0.01,0,"(32,)",50,50,128,FALSE,TRUE,,,FALSE,FALSE,,FALSE,0,TRUE,,,,,FALSE,1,,FALSE,0,,1,1,500,0,500,0,,BC,CartPole-v1,12500,0.063105486,123,"[0.10701680336350958, 0.13930066, 0.14040144, 0.13460466, 0.13241488, 0.13173878, 0.1311805, 0.12865679, 0.12845325, 0.12507586]",0,3.219194174,0.000539869,1,1,FALSE,3,500,12500,500,0,0.124610655,0.126279742,0.048999999,0.954649142,3,0.032464016,0.126279742
4,500000,10,25,FALSE,0.01,5,3,3,FALSE,my_RL_experts,results_jan2021/results-CartPole-v1--BC.csv,FALSE,25,,,,0.01,0,"(32,)",50,50,128,FALSE,TRUE,,,FALSE,FALSE,,FALSE,0,TRUE,,,,,FALSE,1,,FALSE,0,,1,1,500,0,500,0,,BC,CartPole-v1,12500,0.05865027,78,"[0.09915751581837612, 0.13021381, 0.12905814, 0.12453721, 0.122775495, 0.12209826, 0.12204145, 0.119796954, 0.11990651, 0.11700852]",0,3.645867109,0.000305355,1,1,TRUE,4,500,12500,498.52,10.36,0.116432332,0.117755711,0.045759998,1.341693219,4,0.032464016,0.117755711
4,100000,10,25,TRUE,0.01,5,3,3,FALSE,my_RL_experts,results_jan2021/results-CartPole-v1--BC.csv,FALSE,25,,,,0.01,0,"(32,)",50,50,128,FALSE,TRUE,,,FALSE,FALSE,,FALSE,0,TRUE,,,,,FALSE,1,,FALSE,0,,1,1,500,0,500,0,,BC+H,CartPole-v1,12500,0.083520159,5490,"[0.3175425483201444, 0.29114306, 0.25474703, 0.23344792, 0.21881367, 0.21014167, 0.2023232, 0.19411455, 0.18950883, 0.1837859]",9,2.378871202,0.000368176,1,1,FALSE,0,500,12500,408.24,42.54905874,0.182554901,0.186410353,0.079559997,0.233390617,0,0.076897267,0.186410353
4,200000,10,25,TRUE,0.01,5,3,3,FALSE,my_RL_experts,results_jan2021/results-CartPole-v1--BC.csv,FALSE,25,,,,0.01,0,"(32,)",50,50,128,FALSE,TRUE,,,FALSE,FALSE,,FALSE,0,TRUE,,,,,FALSE,1,,FALSE,0,,1,1,500,0,500,0,,BC+H,CartPole-v1,12500,0.07113006,256,"[0.14058906948309094, 0.17826599, 0.17455012, 0.16814555, 0.16502567, 0.16480955, 0.16197284, 0.15697138, 0.15679245, 0.153219]",0,3.105897188,8.19E-05,1,1,FALSE,1,500,12500,467.16,44.12589263,0.154680595,0.15717572,0.070799999,0.473647606,1,0.040365087,0.15717572
4,300000,10,25,TRUE,0.01,5,3,3,FALSE,my_RL_experts,results_jan2021/results-CartPole-v1--BC.csv,FALSE,25,,,,0.01,0,"(32,)",50,50,128,FALSE,TRUE,,,FALSE,FALSE,,FALSE,0,TRUE,,,,,FALSE,1,,FALSE,0,,1,1,500,0,500,0,,BC+H,CartPole-v1,12500,0.065074369,154,"[0.11937214346629171, 0.15444498, 0.15151869, 0.14722039, 0.14615312, 0.14590351, 0.14541537, 0.14209281, 0.14325717, 0.13993402]",0,3.682550669,0.000153475,1,1,FALSE,2,500,12500,476.2,38.24656847,0.143560126,0.144867286,0.066119999,0.713555733,2,0.030329225,0.144867286
4,400000,10,25,TRUE,0.01,5,3,3,FALSE,my_RL_experts,results_jan2021/results-CartPole-v1--BC.csv,FALSE,25,,,,0.01,0,"(32,)",50,50,128,FALSE,TRUE,,,FALSE,FALSE,,FALSE,0,TRUE,,,,,FALSE,1,,FALSE,0,,1,1,500,0,500,0,,BC+H,CartPole-v1,12500,0.062373903,148,"[0.10985638695123744, 0.14354382, 0.1413055, 0.13689733, 0.13616882, 0.136299, 0.13636823, 0.13294122, 0.13445802, 0.1300922]",0,4.113062859,8.27E-05,1,1,FALSE,3,500,12500,478.52,38.38345477,0.134121731,0.135360911,0.060679998,0.969994092,3,0.02255761,0.135360911
4,500000,10,25,TRUE,0.01,5,3,3,FALSE,my_RL_experts,results_jan2021/results-CartPole-v1--BC.csv,FALSE,25,,,,0.01,0,"(32,)",50,50,128,FALSE,TRUE,,,FALSE,FALSE,,FALSE,0,TRUE,,,,,FALSE,1,,FALSE,0,,1,1,500,0,500,0,,BC+H,CartPole-v1,12500,0.058954403,86,"[0.10303723730154568, 0.13571015, 0.13348494, 0.12903266, 0.12875023, 0.12890494, 0.12924457, 0.12614727, 0.12734166, 0.123200685]",0,4.508136749,8.55E-05,1,1,TRUE,4,500,12500,473.86,38.35101563,0.125728443,0.127101749,0.05672,1.351710606,4,0.02255761,0.127101749
4,100000,10,25,FALSE,0.01,5,4,4,FALSE,my_RL_experts,results_jan2021/results-CartPole-v1--BC.csv,FALSE,25,,,,0.01,0,"(32,)",50,50,128,FALSE,TRUE,,,FALSE,FALSE,,FALSE,0,TRUE,,,,,FALSE,1,,FALSE,0,,1,1,500,0,500,0,,BC,CartPole-v1,12500,0.093881994,6476,"[0.35412218900082226, 0.29522493, 0.2665736, 0.25226954, 0.238685, 0.22942124, 0.22036387, 0.20775105, 0.20093334, 0.19036666]",9,1.79969871,0.000115395,1,1,FALSE,0,500,12500,500,0,0.18543984,0.187201977,0.072640002,0.246019514,0,0.057104275,0.187201977
4,200000,10,25,FALSE,0.01,5,4,4,FALSE,my_RL_experts,results_jan2021/results-CartPole-v1--BC.csv,FALSE,25,,,,0.01,0,"(32,)",50,50,128,FALSE,TRUE,,,FALSE,FALSE,,FALSE,0,TRUE,,,,,FALSE,1,,FALSE,0,,1,1,500,0,500,0,,BC,CartPole-v1,12500,0.077761188,339,"[0.15122708295635123, 0.18105993, 0.17705071, 0.1719479, 0.16787529, 0.16706152, 0.165914, 0.15760058, 0.15647325, 0.15318336]",0,2.443208218,0.001069829,1,1,FALSE,1,500,12500,500,0,0.151633754,0.152400911,0.05996,0.488253721,1,0.081164361,0.152400911
4,300000,10,25,FALSE,0.01,5,4,4,FALSE,my_RL_experts,results_jan2021/results-CartPole-v1--BC.csv,FALSE,25,,,,0.01,0,"(32,)",50,50,128,FALSE,TRUE,,,FALSE,FALSE,,FALSE,0,TRUE,,,,,FALSE,1,,FALSE,0,,1,1,500,0,500,0,,BC,CartPole-v1,12500,0.069129065,161,"[0.12404844809274848, 0.15078822, 0.14969254, 0.14591464, 0.14499529, 0.1441328, 0.14507486, 0.13657813, 0.13578981, 0.13436863]",0,2.955700636,5.36E-05,1,1,FALSE,2,500,12500,500,0,0.132030278,0.132695735,0.050919998,0.722005137,2,0.07358836,0.132695735
4,400000,10,25,FALSE,0.01,5,4,4,FALSE,my_RL_experts,results_jan2021/results-CartPole-v1--BC.csv,FALSE,25,,,,0.01,0,"(32,)",50,50,128,FALSE,TRUE,,,FALSE,FALSE,,FALSE,0,TRUE,,,,,FALSE,1,,FALSE,0,,1,1,500,0,500,0,,BC,CartPole-v1,12500,0.063570194,131,"[0.10854861643224387, 0.13189381, 0.13154402, 0.1286762, 0.1282081, 0.12815942, 0.13112569, 0.12361711, 0.12210227, 0.12197198]",0,3.479083061,0.00036934,1,1,FALSE,3,500,12500,500,0,0.119469374,0.119903632,0.045120001,0.967222738,3,0.04931289,0.119903632
4,500000,10,25,FALSE,0.01,5,4,4,FALSE,my_RL_experts,results_jan2021/results-CartPole-v1--BC.csv,FALSE,25,,,,0.01,0,"(32,)",50,50,128,FALSE,TRUE,,,FALSE,FALSE,,FALSE,0,TRUE,,,,,FALSE,1,,FALSE,0,,1,1,500,0,500,0,,BC,CartPole-v1,12500,0.058556486,67,"[0.09894525463713176, 0.11972279, 0.12056048, 0.11805111, 0.11855925, 0.11823036, 0.12326644, 0.11570324, 0.11336234, 0.11362245]",0,3.974872589,0.000210837,1,1,TRUE,4,500,12500,500,0,0.110782444,0.111265525,0.042040002,1.356618718,4,0.04931289,0.111265525
4,100000,10,25,TRUE,0.01,5,4,4,FALSE,my_RL_experts,results_jan2021/results-CartPole-v1--BC.csv,FALSE,25,,,,0.01,0,"(32,)",50,50,128,FALSE,TRUE,,,FALSE,FALSE,,FALSE,0,TRUE,,,,,FALSE,1,,FALSE,0,,1,1,500,0,500,0,,BC+H,CartPole-v1,12500,0.080005057,5568,"[0.3047516454407759, 0.27780062, 0.242365, 0.22290483, 0.20550984, 0.19840059, 0.18836191, 0.17812602, 0.17329948, 0.16508695]",9,2.757085562,5.73E-06,1,1,FALSE,0,500,12500,474.28,43.66281713,0.161433816,0.164511159,0.072559997,0.252655196,0,0.07360553,0.164511159
4,200000,10,25,TRUE,0.01,5,4,4,FALSE,my_RL_experts,results_jan2021/results-CartPole-v1--BC.csv,FALSE,25,,,,0.01,0,"(32,)",50,50,128,FALSE,TRUE,,,FALSE,FALSE,,FALSE,0,TRUE,,,,,FALSE,1,,FALSE,0,,1,1,500,0,500,0,,BC+H,CartPole-v1,12500,0.067125089,276,"[0.1304778053273071, 0.15820754, 0.15568534, 0.15055752, 0.14764169, 0.1480906, 0.14924103, 0.14084966, 0.13902295, 0.13481194]",0,3.581949472,0.000103027,1,1,FALSE,1,500,12500,500,0,0.133670688,0.135404244,0.056079999,0.515107342,1,0.03759216,0.135404244
4,300000,10,25,TRUE,0.01,5,4,4,FALSE,my_RL_experts,results_jan2021/results-CartPole-v1--BC.csv,FALSE,25,,,,0.01,0,"(32,)",50,50,128,FALSE,TRUE,,,FALSE,FALSE,,FALSE,0,TRUE,,,,,FALSE,1,,FALSE,0,,1,1,500,0,500,0,,BC+H,CartPole-v1,12500,0.061131075,211,"[0.10960108573100776, 0.13408574, 0.13251238, 0.12854318, 0.1286519, 0.1289157, 0.13187633, 0.124017306, 0.12160818, 0.11875823]",0,4.200872421,0.001246944,1,1,FALSE,2,500,12500,500,0,0.118752785,0.119212292,0.046,0.774618157,2,0.023587589,0.119212292
4,400000,10,25,TRUE,0.01,5,4,4,FALSE,my_RL_experts,results_jan2021/results-CartPole-v1--BC.csv,FALSE,25,,,,0.01,0,"(32,)",50,50,128,FALSE,TRUE,,,FALSE,FALSE,,FALSE,0,TRUE,,,,,FALSE,1,,FALSE,0,,1,1,500,0,500,0,,BC+H,CartPole-v1,12500,0.056713104,142,"[0.09805023254321499, 0.119685374, 0.11870438, 0.11560209, 0.11702869, 0.117199495, 0.120262615, 0.11415792, 0.10977712, 0.10794026]",0,4.80458498,0.00073874,1,1,FALSE,3,500,12500,500,0,0.108185031,0.107896149,0.040199999,1.018680199,3,0.017794366,0.107896149
4,500000,10,25,TRUE,0.01,5,4,4,FALSE,my_RL_experts,results_jan2021/results-CartPole-v1--BC.csv,FALSE,25,,,,0.01,0,"(32,)",50,50,128,FALSE,TRUE,,,FALSE,FALSE,,FALSE,0,TRUE,,,,,FALSE,1,,FALSE,0,,1,1,500,0,500,0,,BC+H,CartPole-v1,12500,0.054099288,121,"[0.08973857103193228, 0.10947969, 0.108418494, 0.10558064, 0.10785147, 0.106312625, 0.11209967, 0.110754296, 0.10140624, 0.099440694]",0,5.314143658,0.000380456,1,1,TRUE,4,500,12500,500,0,0.102026857,0.100715213,0.036079999,1.425131345,4,0.017794366,0.100715213
4,100000,10,25,FALSE,0.01,5,5,5,FALSE,my_RL_experts,results_jan2021/results-CartPole-v1--BC.csv,FALSE,25,,,,0.01,0,"(32,)",50,50,128,FALSE,TRUE,,,FALSE,FALSE,,FALSE,0,TRUE,,,,,FALSE,1,,FALSE,0,,1,1,500,0,500,0,,BC,CartPole-v1,12500,0.083359532,4907,"[0.33679862550443157, 0.28325683, 0.26101348, 0.24957444, 0.23162988, 0.22082019, 0.21148613, 0.20347598, 0.19714716, 0.18958402]",9,1.697246194,9.12E-05,1,1,FALSE,0,500,12500,324.64,64.33405319,0.185073942,0.187828988,0.078960001,0.197385021,0,0.749435182,0.187828988
4,200000,10,25,FALSE,0.01,5,5,5,FALSE,my_RL_experts,results_jan2021/results-CartPole-v1--BC.csv,FALSE,25,,,,0.01,0,"(32,)",50,50,128,FALSE,TRUE,,,FALSE,FALSE,,FALSE,0,TRUE,,,,,FALSE,1,,FALSE,0,,1,1,500,0,500,0,,BC,CartPole-v1,12500,0.070177838,256,"[0.14876708825649282, 0.18146703, 0.17965555, 0.17569365, 0.16976114, 0.16631351, 0.16646884, 0.16328539, 0.16092725, 0.15746471]",0,2.185359716,0.00014241,1,1,FALSE,1,500,12500,500,0,0.154540718,0.156313881,0.066399999,0.442188255,1,0.348937183,0.156313881
4,300000,10,25,FALSE,0.01,5,5,5,FALSE,my_RL_experts,results_jan2021/results-CartPole-v1--BC.csv,FALSE,25,,,,0.01,0,"(32,)",50,50,128,FALSE,TRUE,,,FALSE,FALSE,,FALSE,0,TRUE,,,,,FALSE,1,,FALSE,0,,1,1,500,0,500,0,,BC,CartPole-v1,12500,0.06351614,163,"[0.12662752837462873, 0.15482444, 0.15624432, 0.15120307, 0.1468704, 0.14382543, 0.14535668, 0.14267652, 0.140646, 0.13751519]",0,2.536616802,0.000294283,1,1,FALSE,2,500,12500,500,0,0.135178462,0.136154711,0.05804,0.682475277,2,0.167152185,0.136154711
4,400000,10,25,FALSE,0.01,5,5,5,FALSE,my_RL_experts,results_jan2021/results-CartPole-v1--BC.csv,FALSE,25,,,,0.01,0,"(32,)",50,50,128,FALSE,TRUE,,,FALSE,FALSE,,FALSE,0,TRUE,,,,,FALSE,1,,FALSE,0,,1,1,500,0,500,0,,BC,CartPole-v1,12500,0.058707442,123,"[0.11162871386026912, 0.13549004, 0.13617454, 0.13241102, 0.13100673, 0.12738903, 0.13087085, 0.12782043, 0.12651427, 0.12463127]",0,2.998899937,0.000400975,1,1,FALSE,3,500,12500,500,0,0.120942257,0.121694513,0.049959999,0.933497262,3,0.100830094,0.121694513
4,500000,10,25,FALSE,0.01,5,5,5,FALSE,my_RL_experts,results_jan2021/results-CartPole-v1--BC.csv,FALSE,25,,,,0.01,0,"(32,)",50,50,128,FALSE,TRUE,,,FALSE,FALSE,,FALSE,0,TRUE,,,,,FALSE,1,,FALSE,0,,1,1,500,0,500,0,,BC,CartPole-v1,12500,0.055438247,85,"[0.10253388207678643, 0.12408309, 0.12449601, 0.12153768, 0.12125485, 0.11759212, 0.12137275, 0.118487366, 0.11754582, 0.11611795]",0,3.390996456,0.000405096,1,1,TRUE,4,500,12500,498.74,8.82,0.111277901,0.112102531,0.04448,1.323166041,4,0.100830094,0.112102531
4,100000,10,25,TRUE,0.01,5,5,5,FALSE,my_RL_experts,results_jan2021/results-CartPole-v1--BC.csv,FALSE,25,,,,0.01,0,"(32,)",50,50,128,FALSE,TRUE,,,FALSE,FALSE,,FALSE,0,TRUE,,,,,FALSE,1,,FALSE,0,,1,1,500,0,500,0,,BC+H,CartPole-v1,12500,0.076522693,6818,"[0.3202402450238913, 0.2935497, 0.25597176, 0.23254663, 0.21682014, 0.20499471, 0.19513988, 0.18531254, 0.18368915, 0.17352934]",9,3.042715073,0.000495318,1,1,FALSE,0,500,12500,273.92,124.2039999,0.172539726,0.176440954,0.076399997,0.186556268,0,0.219834447,0.176440954
4,200000,10,25,TRUE,0.01,5,5,5,FALSE,my_RL_experts,results_jan2021/results-CartPole-v1--BC.csv,FALSE,25,,,,0.01,0,"(32,)",50,50,128,FALSE,TRUE,,,FALSE,FALSE,,FALSE,0,TRUE,,,,,FALSE,1,,FALSE,0,,1,1,500,0,500,0,,BC+H,CartPole-v1,12500,0.061642587,246,"[0.13365347841143912, 0.1635568, 0.15801984, 0.15631767, 0.15166332, 0.14935929, 0.14862038, 0.14622927, 0.1480359, 0.14373529]",0,3.900099039,0.000595469,1,1,FALSE,1,500,12500,479.6,30.01866086,0.146660998,0.14920488,0.065800004,0.442508248,1,0.144487377,0.14920488
4,300000,10,25,TRUE,0.01,5,5,5,FALSE,my_RL_experts,results_jan2021/results-CartPole-v1--BC.csv,FALSE,25,,,,0.01,0,"(32,)",50,50,128,FALSE,TRUE,,,FALSE,FALSE,,FALSE,0,TRUE,,,,,FALSE,1,,FALSE,0,,1,1,500,0,500,0,,BC+H,CartPole-v1,12500,0.056598827,156,"[0.11480319955751184, 0.1415181, 0.13944276, 0.13786408, 0.13614297, 0.13327672, 0.13336585, 0.13149972, 0.13223298, 0.12932691]",0,4.481328011,0.000117091,1,1,FALSE,2,500,12500,500,0,0.13065511,0.132649973,0.058880001,0.707277234,2,0.099542506,0.132649973
4,400000,10,25,TRUE,0.01,5,5,5,FALSE,my_RL_experts,results_jan2021/results-CartPole-v1--BC.csv,FALSE,25,,,,0.01,0,"(32,)",50,50,128,FALSE,TRUE,,,FALSE,FALSE,,FALSE,0,TRUE,,,,,FALSE,1,,FALSE,0,,1,1,500,0,500,0,,BC+H,CartPole-v1,12500,0.052670937,117,"[0.10416536597314549, 0.1276845, 0.126863, 0.12446191, 0.12408248, 0.12024863, 0.12119792, 0.11935349, 0.1191322, 0.118290745]",0,5.072810173,2.92E-05,1,1,FALSE,3,500,12500,500,0,0.120465495,0.12180537,0.052519999,0.969264301,3,0.07530069,0.12180537
4,500000,10,25,TRUE,0.01,5,5,5,FALSE,my_RL_experts,results_jan2021/results-CartPole-v1--BC.csv,FALSE,25,,,,0.01,0,"(32,)",50,50,128,FALSE,TRUE,,,FALSE,FALSE,,FALSE,0,TRUE,,,,,FALSE,1,,FALSE,0,,1,1,500,0,500,0,,BC+H,CartPole-v1,12500,0.049236007,67,"[0.09632181515457751, 0.11749001, 0.11786916, 0.115916975, 0.11593408, 0.11159123, 0.11313884, 0.111398146, 0.110945314, 0.110056736]",0,5.607287407,0.001082439,1,1,TRUE,4,500,12500,500,0,0.113368221,0.114100099,0.04916,1.366390856,4,0.07530069,0.114100099
4,100000,10,25,FALSE,0.01,5,6,6,FALSE,my_RL_experts,results_jan2021/results-CartPole-v1--BC.csv,FALSE,25,,,,0.01,0,"(32,)",50,50,128,FALSE,TRUE,,,FALSE,FALSE,,FALSE,0,TRUE,,,,,FALSE,1,,FALSE,0,,1,1,500,0,500,0,,BC,CartPole-v1,12500,0.087647356,7879,"[0.3759310603844328, 0.29353407, 0.25615937, 0.24323614, 0.23303719, 0.2272638, 0.22039303, 0.2129425, 0.2084164, 0.19915207]",9,1.853326917,0.000166768,1,1,FALSE,0,500,12500,458.76,84.14477049,0.196200043,0.198906049,0.083360001,0.243957178,0,0.206004107,0.198906049
4,200000,10,25,FALSE,0.01,5,6,6,FALSE,my_RL_experts,results_jan2021/results-CartPole-v1--BC.csv,FALSE,25,,,,0.01,0,"(32,)",50,50,128,FALSE,TRUE,,,FALSE,FALSE,,FALSE,0,TRUE,,,,,FALSE,1,,FALSE,0,,1,1,500,0,500,0,,BC,CartPole-v1,12500,0.068836085,413,"[0.15451008514537157, 0.18785559, 0.18072094, 0.17621344, 0.17017949, 0.16591476, 0.16106825, 0.15689509, 0.15419477, 0.14784423]",9,2.561035872,0.000133842,1,1,FALSE,1,500,12500,500,0,0.142213464,0.144182965,0.06188,0.488534391,1,0.159212594,0.144182965
4,300000,10,25,FALSE,0.01,5,6,6,FALSE,my_RL_experts,results_jan2021/results-CartPole-v1--BC.csv,FALSE,25,,,,0.01,0,"(32,)",50,50,128,FALSE,TRUE,,,FALSE,FALSE,,FALSE,0,TRUE,,,,,FALSE,1,,FALSE,0,,1,1,500,0,500,0,,BC,CartPole-v1,12500,0.059918482,229,"[0.11829987925964458, 0.14396168, 0.14260525, 0.14041378, 0.13750035, 0.13579835, 0.13320933, 0.13203503, 0.13169517, 0.12654519]",0,3.201611519,0.000295267,1,1,FALSE,2,500,12500,500,0,0.12138845,0.122939885,0.04888,0.736565896,2,0.0984233,0.122939885
4,400000,10,25,FALSE,0.01,5,6,6,FALSE,my_RL_experts,results_jan2021/results-CartPole-v1--BC.csv,FALSE,25,,,,0.01,0,"(32,)",50,50,128,FALSE,TRUE,,,FALSE,FALSE,,FALSE,0,TRUE,,,,,FALSE,1,,FALSE,0,,1,1,500,0,500,0,,BC,CartPole-v1,12500,0.054029655,104,"[0.10338710193194518, 0.1256158, 0.1258899, 0.12340703, 0.12200843, 0.12077698, 0.11919508, 0.11831562, 0.11901105, 0.11444927]",0,3.771323442,0.000151128,1,1,FALSE,3,500,12500,500,0,0.110736541,0.112268485,0.045279998,0.972272404,3,0.080496144,0.112268485
4,500000,10,25,FALSE,0.01,5,6,6,FALSE,my_RL_experts,results_jan2021/results-CartPole-v1--BC.csv,FALSE,25,,,,0.01,0,"(32,)",50,50,128,FALSE,TRUE,,,FALSE,FALSE,,FALSE,0,TRUE,,,,,FALSE,1,,FALSE,0,,1,1,500,0,500,0,,BC,CartPole-v1,12500,0.049852148,95,"[0.0947838592854977, 0.11473716, 0.115617365, 0.11325151, 0.11219371, 0.11102458, 0.10965239, 0.10913036, 0.110080265, 0.10601283]",0,4.299316406,0.000522375,1,1,TRUE,4,500,12500,500,0,0.103900157,0.105621152,0.04236,1.354200331,4,0.080496144,0.105621152
4,100000,10,25,TRUE,0.01,5,6,6,FALSE,my_RL_experts,results_jan2021/results-CartPole-v1--BC.csv,FALSE,25,,,,0.01,0,"(32,)",50,50,128,FALSE,TRUE,,,FALSE,FALSE,,FALSE,0,TRUE,,,,,FALSE,1,,FALSE,0,,1,1,500,0,500,0,,BC+H,CartPole-v1,12500,0.086804025,8605,"[0.33956054837040606, 0.30466723, 0.2538091, 0.2315184, 0.2155066, 0.20494927, 0.193886, 0.18613824, 0.17620228, 0.16971125]",9,1.683054209,4.19E-06,1,1,FALSE,0,500,12500,500,0,0.163205385,0.165709332,0.065520003,0.278275291,0,0.155652778,0.165709332
4,200000,10,25,TRUE,0.01,5,6,6,FALSE,my_RL_experts,results_jan2021/results-CartPole-v1--BC.csv,FALSE,25,,,,0.01,0,"(32,)",50,50,128,FALSE,TRUE,,,FALSE,FALSE,,FALSE,0,TRUE,,,,,FALSE,1,,FALSE,0,,1,1,500,0,500,0,,BC+H,CartPole-v1,12500,0.067831367,346,"[0.1302066856653034, 0.16068484, 0.15502805, 0.1533668, 0.14841148, 0.14634918, 0.14469752, 0.14232656, 0.13892955, 0.1364479]",0,2.425410986,2.35E-05,1,1,FALSE,1,500,12500,500,0,0.131125674,0.132203862,0.053119998,0.525609513,1,0.155189026,0.132203862
4,300000,10,25,TRUE,0.01,5,6,6,FALSE,my_RL_experts,results_jan2021/results-CartPole-v1--BC.csv,FALSE,25,,,,0.01,0,"(32,)",50,50,128,FALSE,TRUE,,,FALSE,FALSE,,FALSE,0,TRUE,,,,,FALSE,1,,FALSE,0,,1,1,500,0,500,0,,BC+H,CartPole-v1,12500,0.057920791,176,"[0.10753743304273669, 0.13365702, 0.13129948, 0.1323989, 0.1274759, 0.12599492, 0.124600686, 0.124208495, 0.12202594, 0.1202566]",0,3.063602209,0.000235975,1,1,FALSE,2,500,12500,500,0,0.116041996,0.116511188,0.04792,0.770830405,2,0.143935807,0.116511188
4,400000,10,25,TRUE,0.01,5,6,6,FALSE,my_RL_experts,results_jan2021/results-CartPole-v1--BC.csv,FALSE,25,,,,0.01,0,"(32,)",50,50,128,FALSE,TRUE,,,FALSE,FALSE,,FALSE,0,TRUE,,,,,FALSE,1,,FALSE,0,,1,1,500,0,500,0,,BC+H,CartPole-v1,12500,0.051010605,103,"[0.09600372629046357, 0.11925472, 0.118431576, 0.11929999, 0.11440937, 0.1138034, 0.11235865, 0.111986354, 0.11114297, 0.10962106]",0,3.602501631,0.000213191,1,1,FALSE,3,500,12500,500,0,0.109076671,0.109230153,0.045400001,1.013587399,3,0.126621611,0.109230153
4,500000,10,25,TRUE,0.01,5,6,6,FALSE,my_RL_experts,results_jan2021/results-CartPole-v1--BC.csv,FALSE,25,,,,0.01,0,"(32,)",50,50,128,FALSE,TRUE,,,FALSE,FALSE,,FALSE,0,TRUE,,,,,FALSE,1,,FALSE,0,,1,1,500,0,500,0,,BC+H,CartPole-v1,12500,0.046441123,117,"[0.08845735179637557, 0.109544724, 0.10971652, 0.10909075, 0.104484804, 0.10389718, 0.10248327, 0.10238223, 0.10223746, 0.10095445]",0,4.100454807,1.33E-05,1,1,TRUE,4,500,12500,500,0,0.105072439,0.104778104,0.04648,1.387426694,4,0.126621611,0.104778104
4,50000,10,25,False,0.01,1,0,0,False,my_RL_experts,results_jan2021/results-CartPole-v1--BC.csv,False,25,,,,0.01,0,"(64,)",50,50,128,False,True,,,False,False,,False,0,True,,,,,False,1,,False,0,,1,1,500.0,0.0,500.0,0.0,,BC,CartPole-v1,12500,0.09307675063610077,8367,"[0.20353602438032628, 0.3324381, 0.2815408, 0.260495, 0.25293922, 0.24898084, 0.22798486, 0.22177859, 0.22002764, 0.2108319]",0,1.8125431537628174,0.0001436825841665268,1.0,1.0,True,0,500,12500.0,463.62,72.33308786440683,0.19447314739227295,0.19716337323188782,0.07671999931335449,1.1356419006983438,0,0.22812615831072602,0.19716337323188782
4,50000,10,25,True,0.01,1,0,0,False,my_RL_experts,results_jan2021/results-CartPole-v1--BC.csv,False,25,,,,0.01,0,"(64,)",50,50,128,False,True,,,False,False,,False,0,True,,,,,False,1,,False,0,,1,1,500.0,0.0,500.0,0.0,,BC+H,CartPole-v1,12500,0.0867125615477562,7426,"[0.17370751018226147, 0.33062872, 0.28117055, 0.25180408, 0.2409289, 0.24138713, 0.21340856, 0.2122505, 0.20737684, 0.19137062]",0,1.935193419456482,8.743256330490112e-06,1.0,1.0,True,0,500,12500.0,345.4,137.97724450067844,0.17678746581077576,0.1809045374393463,0.07540000230073929,2.0391122976938885,0,0.12054837681353092,0.1809045374393463
4,50000,10,25,False,0.01,1,0,0,False,my_RL_experts,results_jan2021/results-CartPole-v1--BC.csv,False,25,,,,0.01,0,"(64,)",50,50,128,False,True,,,False,False,,False,0,True,,,,,False,1,,False,0,,1,1,500.0,0.0,500.0,0.0,,BC,CartPole-v1,12500,0.09307675063610077,8367,"[0.20353602438032628, 0.3324381, 0.2815408, 0.260495, 0.25293922, 0.24898084, 0.22798486, 0.22177859, 0.22002764, 0.2108319]",0,1.8125431537628174,0.0001436825841665268,1.0,1.0,True,0,500,12500.0,463.62,72.33308786440683,0.19447314739227295,0.19716337323188782,0.07671999931335449,4.74272526105245,0,0.22812615831072602,0.19716337323188782
4,50000,10,25,True,0.01,1,0,0,False,my_RL_experts,results_jan2021/results-CartPole-v1--BC.csv,False,25,,,,0.01,0,"(64,)",50,50,128,False,True,,,False,False,,False,0,True,,,,,False,1,,False,0,,1,1,500.0,0.0,500.0,0.0,,BC+H,CartPole-v1,12500,0.0867125615477562,7426,"[0.17370751018226147, 0.33062872, 0.28117055, 0.25180408, 0.2409289, 0.24138713, 0.21340856, 0.2122505, 0.20737684, 0.19137062]",0,1.935193419456482,8.743256330490112e-06,1.0,1.0,True,0,500,12500.0,345.4,137.97724450067844,0.17678746581077576,0.1809045374393463,0.07540000230073929,1.6227270841598511,0,0.12054837681353092,0.1809045374393463
4,50000,10,25,False,0.01,1,1,1,False,my_RL_experts,results_jan2021/results-CartPole-v1--BC.csv,False,25,,,,0.01,0,"(64,)",50,50,128,False,True,,,False,False,,False,0,True,,,,,False,1,,False,0,,1,1,500.0,0.0,500.0,0.0,,BC,CartPole-v1,12500,0.08696702867746353,4969,"[0.1891562123938184, 0.3125508, 0.27371395, 0.25198162, 0.24306, 0.23347676, 0.22545984, 0.22127195, 0.20561066, 0.20669565]",0,1.9497873783111572,0.0011323392391204834,1.0,1.0,True,0,500,12500.0,335.84,90.08315269793792,0.19713081419467926,0.20044399797916412,0.08179999887943268,1.4503939827283223,0,0.7079001728554172,0.20044399797916412
4,50000,10,25,True,0.01,1,1,1,False,my_RL_experts,results_jan2021/results-CartPole-v1--BC.csv,False,25,,,,0.01,0,"(64,)",50,50,128,False,True,,,False,False,,False,0,True,,,,,False,1,,False,0,,1,1,500.0,0.0,500.0,0.0,,BC+H,CartPole-v1,12500,0.08225036412477493,8360,"[0.17287515210844576, 0.3246972, 0.28077754, 0.24815926, 0.23372664, 0.21840435, 0.21817188, 0.2153128, 0.19222492, 0.19212805]",0,1.704382300376892,0.00023108907043933868,1.0,1.0,True,0,500,12500.0,447.8,99.36276968764507,0.1902659386396408,0.19495366513729095,0.08495999872684479,4.175184285640716,0,0.3181743547320366,0.19495366513729095
4,50000,10,25,False,0.01,1,2,2,False,my_RL_experts,results_jan2021/results-CartPole-v1--BC.csv,False,25,,,,0.01,0,"(64,)",50,50,128,False,True,,,False,False,,False,0,True,,,,,False,1,,False,0,,1,1,500.0,0.0,500.0,0.0,,BC,CartPole-v1,12500,0.08930271118879318,7998,"[0.21046785380743444, 0.33385867, 0.2779178, 0.2578967, 0.24912481, 0.23318169, 0.22620961, 0.21965379, 0.21193543, 0.20774087]",9,1.848862648010254,0.0002384847030043602,1.0,1.0,True,0,500,12500.0,367.06,91.97378104655697,0.20090988278388977,0.20452426373958588,0.08367999643087387,3.90800967613856,0,0.8254582263003699,0.20452426373958588
4,50000,10,25,True,0.01,1,2,2,False,my_RL_experts,results_jan2021/results-CartPole-v1--BC.csv,False,25,,,,0.01,0,"(64,)",50,50,128,False,True,,,False,False,,False,0,True,,,,,False,1,,False,0,,1,1,500.0,0.0,500.0,0.0,,BC+H,CartPole-v1,12500,0.08598509430885315,3881,"[0.16356488646473735, 0.3167493, 0.2774051, 0.24701373, 0.23030362, 0.2141268, 0.21223402, 0.20238195, 0.19258803, 0.19013496]",0,2.0239787101745605,6.091129034757614e-05,1.0,1.0,True,0,500,12500.0,300.6,103.27400447353632,0.17627665400505066,0.18048536777496338,0.07583999633789062,1.2834582686424256,0,0.3407478420995176,0.18048536777496338
4,50000,10,25,False,0.01,1,3,3,False,my_RL_experts,results_jan2021/results-CartPole-v1--BC.csv,False,25,,,,0.01,0,"(64,)",50,50,128,False,True,,,False,False,,False,0,True,,,,,False,1,,False,0,,1,1,500.0,0.0,500.0,0.0,,BC,CartPole-v1,12500,0.09413802623748779,6137,"[0.19161145717365435, 0.31431442, 0.280901, 0.2603884, 0.25019902, 0.24040496, 0.23162457, 0.22178242, 0.22260843, 0.21185164]",0,1.5951560735702515,9.509921073913574e-05,1.0,1.0,True,0,500,12500.0,466.0,84.69687125272102,0.20353619754314423,0.20627853274345398,0.0820000022649765,4.409002256393433,0,0.11309387298295154,0.20627853274345398
4,50000,10,25,True,0.01,1,3,3,False,my_RL_experts,results_jan2021/results-CartPole-v1--BC.csv,False,25,,,,0.01,0,"(64,)",50,50,128,False,True,,,False,False,,False,0,True,,,,,False,1,,False,0,,1,1,500.0,0.0,500.0,0.0,,BC+H,CartPole-v1,12500,0.08728338032960892,6268,"[0.16369271119330078, 0.3218706, 0.28789225, 0.26416057, 0.24214606, 0.23138021, 0.2194432, 0.21092953, 0.20889662, 0.20763272]",0,1.9878780841827393,8.161365985870361e-05,1.0,1.0,True,0,500,12500.0,381.76,71.45895605170844,0.1992466002702713,0.2027796506881714,0.09096000343561172,2.460408055782318,0,0.057453883811831474,0.2027796506881714
4,50000,10,25,False,0.01,1,4,4,False,my_RL_experts,results_jan2021/results-CartPole-v1--BC.csv,False,25,,,,0.01,0,"(64,)",50,50,128,False,True,,,False,False,,False,0,True,,,,,False,1,,False,0,,1,1,500.0,0.0,500.0,0.0,,BC,CartPole-v1,12500,0.09895628690719604,7147,"[0.19751629772178828, 0.31811017, 0.27321705, 0.26221335, 0.2446609, 0.23910104, 0.22794129, 0.25392094, 0.21592613, 0.20669316]",0,1.8329823017120361,6.981287151575089e-05,1.0,1.0,True,0,500,12500.0,408.3,110.68554557845393,0.19300195574760437,0.19592657685279846,0.07968000322580338,4.032921691735585,0,0.04930173076730671,0.19592657685279846
4,50000,10,25,True,0.01,1,4,4,False,my_RL_experts,results_jan2021/results-CartPole-v1--BC.csv,False,25,,,,0.01,0,"(64,)",50,50,128,False,True,,,False,False,,False,0,True,,,,,False,1,,False,0,,1,1,500.0,0.0,500.0,0.0,,BC+H,CartPole-v1,12500,0.09275525063276291,5884,"[0.16570959027640522, 0.3181058, 0.27713352, 0.2595831, 0.23571071, 0.22605862, 0.22024328, 0.23748888, 0.20928165, 0.19923559]",0,1.8733205795288086,3.653764724731445e-05,1.0,1.0,True,0,500,12500.0,309.34,104.15384966481076,0.1888655722141266,0.19331614673137665,0.08216000348329544,2.179913377761841,0,0.12801851704716682,0.19331614673137665
4,50000,10,25,False,0.01,1,5,5,False,my_RL_experts,results_jan2021/results-CartPole-v1--BC.csv,False,25,,,,0.01,0,"(64,)",50,50,128,False,True,,,False,False,,False,0,True,,,,,False,1,,False,0,,1,1,500.0,0.0,500.0,0.0,,BC,CartPole-v1,12500,0.09158976376056671,5972,"[0.19432096807997207, 0.31636676, 0.2863727, 0.25931954, 0.25445658, 0.24021563, 0.23263812, 0.22866912, 0.22182895, 0.22168985]",0,1.8099786043167114,0.00011301785707473755,1.0,1.0,True,0,500,12500.0,303.68,121.02701186098912,0.2074914127588272,0.21067938208580017,0.08584000170230865,2.8524836858113605,0,0.461859036544467,0.21067938208580017
4,50000,10,25,True,0.01,1,5,5,False,my_RL_experts,results_jan2021/results-CartPole-v1--BC.csv,False,25,,,,0.01,0,"(64,)",50,50,128,False,True,,,False,False,,False,0,True,,,,,False,1,,False,0,,1,1,500.0,0.0,500.0,0.0,,BC+H,CartPole-v1,12500,0.07908211648464203,6803,"[0.17572770989838987, 0.33059406, 0.29113975, 0.26417473, 0.25319505, 0.23399633, 0.21985354, 0.21376836, 0.20806965, 0.20626609]",0,2.230128765106201,0.0002554412931203842,1.0,1.0,True,0,500,12500.0,234.0,98.94119465621992,0.19329652190208435,0.1973292976617813,0.08299999684095383,2.9177530646324157,0,0.21335457265377045,0.1973292976617813
4,50000,10,25,False,0.01,1,6,6,False,my_RL_experts,results_jan2021/results-CartPole-v1--BC.csv,False,25,,,,0.01,0,"(64,)",50,50,128,False,True,,,False,False,,False,0,True,,,,,False,1,,False,0,,1,1,500.0,0.0,500.0,0.0,,BC,CartPole-v1,12500,0.09569350630044937,5889,"[0.19256680977197363, 0.32057887, 0.28278056, 0.26607907, 0.26013905, 0.25385457, 0.24474281, 0.23586096, 0.22429578, 0.22343719]",0,1.7993515729904175,0.0010475516319274902,1.0,1.0,True,0,500,12500.0,365.64,135.27302170055933,0.20508037507534027,0.2085556834936142,0.08444000035524368,2.8881258209546408,0,0.2658020614873796,0.2085556834936142
4,50000,10,25,True,0.01,1,6,6,False,my_RL_experts,results_jan2021/results-CartPole-v1--BC.csv,False,25,,,,0.01,0,"(64,)",50,50,128,False,True,,,False,False,,False,0,True,,,,,False,1,,False,0,,1,1,500.0,0.0,500.0,0.0,,BC+H,CartPole-v1,12500,0.08290798217058182,10517,"[0.17192561184547842, 0.33479917, 0.28846458, 0.25506023, 0.24269673, 0.23267163, 0.21397656, 0.20312418, 0.19118285, 0.1921345]",0,2.1694319248199463,8.36830586194992e-05,1.0,1.0,True,0,500,12500.0,358.62,88.15529252404532,0.17825624346733093,0.18280427157878876,0.08188000321388245,3.022082455952962,0,0.1198343001306057,0.18280427157878876
