verbose,total_opt_steps,N_epoch,N_E_traj,add_history,learning_rate,H_dims,N_agg_iter,opt_seed,run_seed,linear,RL_expert_folder,results_path,FORWARD,N_ALICE_traj,kill_feats,density_ratio_feature_map,adversary_feature_map,learning_rate_BC,entropy_coeff,N_test_E_traj,N_test_rollout,batch_size,reinit_opt,record_intermediate,NN_mid_as_feats,N_FAIL_samps,render,render_final,switch_2_E_after,random_demos,RL_expert_exp_id,RL_expert_load_best,RL_expert_algo,T_max_all,T_max,model_reg_coeff,partial_obs,recent_samp_priority_exp,horizon_weight_offset_exp,pair_with_E,drop_first,adversary_t_bucket_size,recompute_adversary_freq,density_ratio_alpha,train_r_mean,train_r_std,test_r_mean,test_r_std,loss_function,alg,env_id,N_E_samp,epoch_losses,best_epoch_ind,entropy,num_switched,mean_abs_logit,min_abs_logit,w_max,w_min,final,iteration_num,horizon,w_ESS,reward,reward_std,loss_test,loss_train,class_test,runtime,best_ind,JS_div,hindsight_loss_train
4,100000,10,25,FALSE,0.01,"(64,)",5,0,0,FALSE,my_RL_experts,results_jan2021/results-CartPole-v1--BBC.csv,FALSE,25,,,,0.01,0,50,50,128,FALSE,TRUE,,,FALSE,FALSE,,FALSE,0,TRUE,,,,,FALSE,1,,FALSE,0,,1,1,500,0,500,0,,BC,CartPole-v1,12500,"[0.3280873683532973, 0.27291933, 0.24458554, 0.22679727, 0.21463159, 0.20339222, 0.19145685, 0.18740357, 0.18327023, 0.17558475]",9,0.090754226,8274,2.20579648,8.52E-05,1,1,FALSE,0,500,12500,487.6,33.74611089,0.178979427,0.179831758,0.078319997,0.540941628,0,0.040240095,0.179831758
4,200000,10,25,FALSE,0.01,"(64,)",5,0,0,FALSE,my_RL_experts,results_jan2021/results-CartPole-v1--BBC.csv,FALSE,25,,,,0.01,0,50,50,128,FALSE,TRUE,,,FALSE,FALSE,,FALSE,0,TRUE,,,,,FALSE,1,,FALSE,0,,1,1,500,0,500,0,,BC,CartPole-v1,12500,"[0.1362297653954924, 0.17082195, 0.16677867, 0.16142684, 0.1587281, 0.15598476, 0.14976758, 0.15000181, 0.14730953, 0.14495654]",0,0.077222183,388,2.847187757,3.99E-05,1,1,FALSE,1,500,12500,500,0,0.145100817,0.145221129,0.057,1.170514572,1,0.039172026,0.145221129
4,300000,10,25,FALSE,0.01,"(64,)",5,0,0,FALSE,my_RL_experts,results_jan2021/results-CartPole-v1--BBC.csv,FALSE,25,,,,0.01,0,50,50,128,FALSE,TRUE,,,FALSE,FALSE,,FALSE,0,TRUE,,,,,FALSE,1,,FALSE,0,,1,1,500,0,500,0,,BC,CartPole-v1,12500,"[0.11451829570084539, 0.14409043, 0.14270109, 0.13665599, 0.13412493, 0.1341403, 0.12745467, 0.12844718, 0.12671943, 0.1253208]",0,0.066409506,275,3.521761894,9.17E-05,1,1,FALSE,2,500,12500,500,0,0.121065788,0.120808341,0.04284,1.609812923,2,0.0353022,0.120808341
4,400000,10,25,FALSE,0.01,"(64,)",5,0,0,FALSE,my_RL_experts,results_jan2021/results-CartPole-v1--BBC.csv,FALSE,25,,,,0.01,0,50,50,128,FALSE,TRUE,,,FALSE,FALSE,,FALSE,0,TRUE,,,,,FALSE,1,,FALSE,0,,1,1,500,0,500,0,,BC,CartPole-v1,12500,"[0.10043909871099818, 0.12627211, 0.13269724, 0.120100886, 0.118427634, 0.12126527, 0.114064924, 0.1161887, 0.11449481, 0.11404258]",0,0.059312519,106,4.146732807,6.11E-05,1,1,FALSE,3,500,12500,500,0,0.108803116,0.10835176,0.038120002,2.044067915,3,0.026398562,0.10835176
4,500000,10,25,FALSE,0.01,"(64,)",5,0,0,FALSE,my_RL_experts,results_jan2021/results-CartPole-v1--BBC.csv,FALSE,25,,,,0.01,0,50,50,128,FALSE,TRUE,,,FALSE,FALSE,,FALSE,0,TRUE,,,,,FALSE,1,,FALSE,0,,1,1,500,0,500,0,,BC,CartPole-v1,12500,"[0.09212774900216042, 0.114412986, 0.12579335, 0.10923794, 0.10834299, 0.111760944, 0.10443492, 0.10640795, 0.104657196, 0.10476722]",0,0.054579932,104,4.62624073,0.000454456,1,1,TRUE,4,500,12500,500,0,0.098106764,0.097733349,0.033920001,3.044535434,4,0.026398562,0.097733349
4,100000,10,25,TRUE,0.01,"(64,)",5,0,0,FALSE,my_RL_experts,results_jan2021/results-CartPole-v1--BBC.csv,FALSE,25,,,,0.01,0,50,50,128,FALSE,TRUE,,,FALSE,FALSE,,FALSE,0,TRUE,,,,,FALSE,1,,FALSE,0,,1,1,500,0,500,0,,BC+H,CartPole-v1,12500,"[0.3006846221349109, 0.2733442, 0.23264773, 0.2098051, 0.19639304, 0.18520737, 0.17391023, 0.16951223, 0.1640398, 0.15820004]",9,0.079589806,6935,2.488079071,3.32E-06,1,1,FALSE,0,500,12500,499.12,2.984225193,0.157981291,0.160447732,0.076399997,0.707974589,0,0.013523335,0.160447732
4,200000,10,25,TRUE,0.01,"(64,)",5,0,0,FALSE,my_RL_experts,results_jan2021/results-CartPole-v1--BBC.csv,FALSE,25,,,,0.01,0,50,50,128,FALSE,TRUE,,,FALSE,FALSE,,FALSE,0,TRUE,,,,,FALSE,1,,FALSE,0,,1,1,500,0,500,0,,BC+H,CartPole-v1,12500,"[0.12265036051706284, 0.1571333, 0.15201914, 0.14577721, 0.1438461, 0.14143579, 0.13745587, 0.13862048, 0.1374053, 0.13268456]",0,0.068974778,256,3.195697069,0.000813078,1,1,FALSE,1,500,12500,500,0,0.138001412,0.138247803,0.064479999,1.332866152,1,0.021530159,0.138247803
4,300000,10,25,TRUE,0.01,"(64,)",5,0,0,FALSE,my_RL_experts,results_jan2021/results-CartPole-v1--BBC.csv,FALSE,25,,,,0.01,0,50,50,128,FALSE,TRUE,,,FALSE,FALSE,,FALSE,0,TRUE,,,,,FALSE,1,,FALSE,0,,1,1,500,0,500,0,,BC+H,CartPole-v1,12500,"[0.10536090681092519, 0.13542771, 0.13631207, 0.1267984, 0.124739334, 0.12438144, 0.12045569, 0.12162029, 0.12195569, 0.11781152]",0,0.061432227,198,3.829749346,0.000517599,1,1,FALSE,2,500,12500,500,0,0.12022759,0.118794046,0.054079998,1.920411559,2,0.028333915,0.118794046
4,400000,10,25,TRUE,0.01,"(64,)",5,0,0,FALSE,my_RL_experts,results_jan2021/results-CartPole-v1--BBC.csv,FALSE,25,,,,0.01,0,50,50,128,FALSE,TRUE,,,FALSE,FALSE,,FALSE,0,TRUE,,,,,FALSE,1,,FALSE,0,,1,1,500,0,500,0,,BC+H,CartPole-v1,12500,"[0.09499540967023333, 0.12146674, 0.12907512, 0.114657424, 0.11262279, 0.11352762, 0.10912379, 0.1110899, 0.111519925, 0.10820349]",0,0.055958573,111,4.377488613,0.000113621,1,1,FALSE,3,500,12500,500,0,0.109619014,0.107251808,0.048119999,2.447150815,3,0.028903145,0.107251808
4,500000,10,25,TRUE,0.01,"(64,)",5,0,0,FALSE,my_RL_experts,results_jan2021/results-CartPole-v1--BBC.csv,FALSE,25,,,,0.01,0,50,50,128,FALSE,TRUE,,,FALSE,FALSE,,FALSE,0,TRUE,,,,,FALSE,1,,FALSE,0,,1,1,500,0,500,0,,BC+H,CartPole-v1,12500,"[0.08824954913440906, 0.11151172, 0.12462203, 0.105751716, 0.10384859, 0.106468454, 0.1010947, 0.102090925, 0.10286351, 0.10020917]",0,0.05167786,107,4.927944183,0.000540391,1,1,TRUE,4,500,12500,500,0,0.100581437,0.097683787,0.04064,3.169903334,4,0.028903145,0.097683787
4,100000,10,25,FALSE,0.01,"(64,)",5,1,1,FALSE,my_RL_experts,results_jan2021/results-CartPole-v1--BBC.csv,FALSE,25,,,,0.01,0,50,50,128,FALSE,TRUE,,,FALSE,FALSE,,FALSE,0,TRUE,,,,,FALSE,1,,FALSE,0,,1,1,500,0,500,0,,BC,CartPole-v1,12500,"[0.3036120998692361, 0.26141512, 0.23671451, 0.22326604, 0.21176106, 0.19785748, 0.18907648, 0.18213563, 0.17812459, 0.16753753]",9,0.08453539,4487,2.408166885,6.60E-05,1,1,FALSE,0,500,12500,500,0,0.174349353,0.174746037,0.07384,0.419755483,0,0.034425635,0.174746037
4,200000,10,25,FALSE,0.01,"(64,)",5,1,1,FALSE,my_RL_experts,results_jan2021/results-CartPole-v1--BBC.csv,FALSE,25,,,,0.01,0,50,50,128,FALSE,TRUE,,,FALSE,FALSE,,FALSE,0,TRUE,,,,,FALSE,1,,FALSE,0,,1,1,500,0,500,0,,BC,CartPole-v1,12500,"[0.1380395330806296, 0.16063057, 0.15650633, 0.1551798, 0.15144938, 0.15154856, 0.14698586, 0.14397223, 0.14278291, 0.13684525]",9,0.069057785,318,3.285473824,3.49E-05,1,1,FALSE,1,500,12500,500,0,0.139536336,0.138958171,0.057080001,0.854611893,1,0.036532065,0.138958171
4,300000,10,25,FALSE,0.01,"(64,)",5,1,1,FALSE,my_RL_experts,results_jan2021/results-CartPole-v1--BBC.csv,FALSE,25,,,,0.01,0,50,50,128,FALSE,TRUE,,,FALSE,FALSE,,FALSE,0,TRUE,,,,,FALSE,1,,FALSE,0,,1,1,500,0,500,0,,BC,CartPole-v1,12500,"[0.11243025078767463, 0.13667637, 0.1315822, 0.13118999, 0.1284969, 0.13259679, 0.12741116, 0.12401913, 0.12430951, 0.12119759]",0,0.060994912,171,4.033155441,0.001088172,1,1,FALSE,2,500,12500,500,0,0.123807557,0.123035252,0.05068,1.316515505,2,0.020474338,0.123035252
4,400000,10,25,FALSE,0.01,"(64,)",5,1,1,FALSE,my_RL_experts,results_jan2021/results-CartPole-v1--BBC.csv,FALSE,25,,,,0.01,0,50,50,128,FALSE,TRUE,,,FALSE,FALSE,,FALSE,0,TRUE,,,,,FALSE,1,,FALSE,0,,1,1,500,0,500,0,,BC,CartPole-v1,12500,"[0.09970410294338065, 0.12052825, 0.1166693, 0.116681874, 0.11456805, 0.12075792, 0.115525186, 0.11130755, 0.11255539, 0.11243127]",0,0.055144865,90,4.70491457,0.000273377,1,1,FALSE,3,500,12500,500,0,0.112938792,0.112016447,0.044879999,1.824783285,3,0.013004775,0.112016447
4,500000,10,25,FALSE,0.01,"(64,)",5,1,1,FALSE,my_RL_experts,results_jan2021/results-CartPole-v1--BBC.csv,FALSE,25,,,,0.01,0,50,50,128,FALSE,TRUE,,,FALSE,FALSE,,FALSE,0,TRUE,,,,,FALSE,1,,FALSE,0,,1,1,500,0,500,0,,BC,CartPole-v1,12500,"[0.09266889541991512, 0.109266676, 0.1067471, 0.10685962, 0.1056213, 0.11168312, 0.10766455, 0.102976575, 0.104530565, 0.10675213]",0,0.050515532,56,5.278658867,0.001220316,1,1,TRUE,4,500,12500,500,0,0.104573362,0.103470773,0.041839998,2.528964837,4,0.013004775,0.103470773
4,100000,10,25,TRUE,0.01,"(64,)",5,1,1,FALSE,my_RL_experts,results_jan2021/results-CartPole-v1--BBC.csv,FALSE,25,,,,0.01,0,50,50,128,FALSE,TRUE,,,FALSE,FALSE,,FALSE,0,TRUE,,,,,FALSE,1,,FALSE,0,,1,1,500,0,500,0,,BC+H,CartPole-v1,12500,"[0.29508776218944227, 0.26883665, 0.22464126, 0.20641598, 0.19432618, 0.18328825, 0.17469871, 0.16670856, 0.16487406, 0.15803343]",9,0.07296247,8370,2.270733356,0.000141036,1,1,FALSE,0,500,12500,455.8,101.3038992,0.154119894,0.155842975,0.067000002,0.426404484,0,0.214846507,0.155842975
4,200000,10,25,TRUE,0.01,"(64,)",5,1,1,FALSE,my_RL_experts,results_jan2021/results-CartPole-v1--BBC.csv,FALSE,25,,,,0.01,0,50,50,128,FALSE,TRUE,,,FALSE,FALSE,,FALSE,0,TRUE,,,,,FALSE,1,,FALSE,0,,1,1,500,0,500,0,,BC+H,CartPole-v1,12500,"[0.12705509174002172, 0.15045445, 0.14438783, 0.14658163, 0.14296259, 0.143223, 0.1374613, 0.13485786, 0.1342255, 0.13249098]",0,0.061629381,273,3.008814573,0.000156432,1,1,FALSE,1,500,12500,500,0,0.127120167,0.127144441,0.053599998,0.878238734,1,0.111409429,0.127144441
4,300000,10,25,TRUE,0.01,"(64,)",5,1,1,FALSE,my_RL_experts,results_jan2021/results-CartPole-v1--BBC.csv,FALSE,25,,,,0.01,0,50,50,128,FALSE,TRUE,,,FALSE,FALSE,,FALSE,0,TRUE,,,,,FALSE,1,,FALSE,0,,1,1,500,0,500,0,,BC+H,CartPole-v1,12500,"[0.10753639083529296, 0.12948552, 0.12081334, 0.12518613, 0.12152836, 0.12682393, 0.118454635, 0.11697723, 0.11818706, 0.119716175]",0,0.056505334,261,3.698470354,0.000551537,1,1,FALSE,2,500,12500,500,0,0.116877072,0.115301266,0.049959999,1.326681519,2,0.060598018,0.115301266
4,400000,10,25,TRUE,0.01,"(64,)",5,1,1,FALSE,my_RL_experts,results_jan2021/results-CartPole-v1--BBC.csv,FALSE,25,,,,0.01,0,50,50,128,FALSE,TRUE,,,FALSE,FALSE,,FALSE,0,TRUE,,,,,FALSE,1,,FALSE,0,,1,1,500,0,500,0,,BC+H,CartPole-v1,12500,"[0.09248941365067755, 0.11754846, 0.106697224, 0.111573346, 0.10826626, 0.116873235, 0.10714238, 0.10539663, 0.107741624, 0.1126457]",0,0.052844677,160,4.373961449,0.000705689,1,1,FALSE,3,500,12500,500,0,0.112245969,0.110454924,0.048160002,1.775052905,3,0.03763818,0.110454924
4,500000,10,25,TRUE,0.01,"(64,)",5,1,1,FALSE,my_RL_experts,results_jan2021/results-CartPole-v1--BBC.csv,FALSE,25,,,,0.01,0,50,50,128,FALSE,TRUE,,,FALSE,FALSE,,FALSE,0,TRUE,,,,,FALSE,1,,FALSE,0,,1,1,500,0,500,0,,BC+H,CartPole-v1,12500,"[0.08706447727254486, 0.10588076, 0.09737244, 0.1015927, 0.09886994, 0.10709155, 0.099475905, 0.09751074, 0.10001978, 0.107412755]",0,0.050257001,151,4.974049091,9.12E-06,1,1,TRUE,4,500,12500,500,0,0.112325534,0.109592654,0.049679998,2.493519859,4,0.03763818,0.109592654
4,100000,10,25,FALSE,0.01,"(64,)",5,2,2,FALSE,my_RL_experts,results_jan2021/results-CartPole-v1--BBC.csv,FALSE,25,,,,0.01,0,50,50,128,FALSE,TRUE,,,FALSE,FALSE,,FALSE,0,TRUE,,,,,FALSE,1,,FALSE,0,,1,1,500,0,500,0,,BC,CartPole-v1,12500,"[0.3319780423269555, 0.2664569, 0.23939295, 0.22442019, 0.2053193, 0.19670992, 0.18418527, 0.17563984, 0.17380945, 0.16370404]",9,0.083188392,7549,2.262109995,0.000217164,1,1,FALSE,0,500,12500,500,0,0.161779046,0.162840992,0.070200004,0.417026889,0,0.155896129,0.162840992
4,200000,10,25,FALSE,0.01,"(64,)",5,2,2,FALSE,my_RL_experts,results_jan2021/results-CartPole-v1--BBC.csv,FALSE,25,,,,0.01,0,50,50,128,FALSE,TRUE,,,FALSE,FALSE,,FALSE,0,TRUE,,,,,FALSE,1,,FALSE,0,,1,1,500,0,500,0,,BC,CartPole-v1,12500,"[0.13083200114030072, 0.15621278, 0.15214844, 0.1540477, 0.14615875, 0.14754593, 0.13995689, 0.13513528, 0.13548581, 0.12938826]",9,0.069918208,371,2.961495638,0.000385635,1,1,FALSE,1,500,12500,500,0,0.129969507,0.129651293,0.049880002,0.849455118,1,0.104477143,0.129651293
4,300000,10,25,FALSE,0.01,"(64,)",5,2,2,FALSE,my_RL_experts,results_jan2021/results-CartPole-v1--BBC.csv,FALSE,25,,,,0.01,0,50,50,128,FALSE,TRUE,,,FALSE,FALSE,,FALSE,0,TRUE,,,,,FALSE,1,,FALSE,0,,1,1,500,0,500,0,,BC,CartPole-v1,12500,"[0.10641795578681125, 0.12457781, 0.12215796, 0.12540728, 0.11986893, 0.12478813, 0.115893066, 0.111384824, 0.112392195, 0.10882071]",0,0.060935069,212,3.693790674,0.000300854,1,1,FALSE,2,500,12500,500,0,0.113552414,0.112017781,0.041680001,1.279267637,2,0.078975032,0.112017781
4,400000,10,25,FALSE,0.01,"(64,)",5,2,2,FALSE,my_RL_experts,results_jan2021/results-CartPole-v1--BBC.csv,FALSE,25,,,,0.01,0,50,50,128,FALSE,TRUE,,,FALSE,FALSE,,FALSE,0,TRUE,,,,,FALSE,1,,FALSE,0,,1,1,500,0,500,0,,BC,CartPole-v1,12500,"[0.09084491841615581, 0.10446304, 0.10328695, 0.10756748, 0.10390846, 0.1102418, 0.100703575, 0.09626075, 0.09854131, 0.096109845]",0,0.053282533,131,4.467317581,0.000366881,1,1,FALSE,3,500,12500,500,0,0.104198985,0.101580352,0.041200001,1.70775669,3,0.047513536,0.101580352
4,500000,10,25,FALSE,0.01,"(64,)",5,2,2,FALSE,my_RL_experts,results_jan2021/results-CartPole-v1--BBC.csv,FALSE,25,,,,0.01,0,50,50,128,FALSE,TRUE,,,FALSE,FALSE,,FALSE,0,TRUE,,,,,FALSE,1,,FALSE,0,,1,1,500,0,500,0,,BC,CartPole-v1,12500,"[0.08115362025213718, 0.09295762, 0.09229257, 0.09639834, 0.09478072, 0.102501884, 0.092082694, 0.087035224, 0.09067656, 0.08809088]",0,0.048010986,53,5.119692326,0.001424819,1,1,TRUE,4,500,12500,500,0,0.097301774,0.094416209,0.039719999,2.404853805,4,0.047513536,0.094416209
4,100000,10,25,TRUE,0.01,"(64,)",5,2,2,FALSE,my_RL_experts,results_jan2021/results-CartPole-v1--BBC.csv,FALSE,25,,,,0.01,0,50,50,128,FALSE,TRUE,,,FALSE,FALSE,,FALSE,0,TRUE,,,,,FALSE,1,,FALSE,0,,1,1,500,0,500,0,,BC+H,CartPole-v1,12500,"[0.28394927132068437, 0.26158622, 0.22518717, 0.20942521, 0.19308577, 0.18738376, 0.17551473, 0.1692532, 0.16914722, 0.15996063]",9,0.080595665,4799,2.460534334,0.000113014,1,1,FALSE,0,500,12500,487.64,27.26885403,0.165010527,0.166979998,0.07976,0.440178724,0,0.072911384,0.166979998
4,200000,10,25,TRUE,0.01,"(64,)",5,2,2,FALSE,my_RL_experts,results_jan2021/results-CartPole-v1--BBC.csv,FALSE,25,,,,0.01,0,50,50,128,FALSE,TRUE,,,FALSE,FALSE,,FALSE,0,TRUE,,,,,FALSE,1,,FALSE,0,,1,1,500,0,500,0,,BC+H,CartPole-v1,12500,"[0.12760877282178568, 0.15429759, 0.1521969, 0.15191808, 0.14434735, 0.14635016, 0.13908705, 0.13806486, 0.14093493, 0.13238291]",0,0.069535002,243,3.25348115,0.000566207,1,1,FALSE,1,500,12500,500,0,0.144120201,0.143527046,0.06684,0.902121894,1,0.073989518,0.143527046
4,300000,10,25,TRUE,0.01,"(64,)",5,2,2,FALSE,my_RL_experts,results_jan2021/results-CartPole-v1--BBC.csv,FALSE,25,,,,0.01,0,50,50,128,FALSE,TRUE,,,FALSE,FALSE,,FALSE,0,TRUE,,,,,FALSE,1,,FALSE,0,,1,1,500,0,500,0,,BC+H,CartPole-v1,12500,"[0.10937596193917674, 0.13068822, 0.12723333, 0.12985197, 0.12428586, 0.13134952, 0.12088317, 0.11946784, 0.12289049, 0.115882225]",0,0.062651873,168,3.922501802,0.000229061,1,1,FALSE,2,500,12500,500,0,0.128807008,0.127087235,0.058079999,1.361139294,2,0.062283389,0.127087235
4,400000,10,25,TRUE,0.01,"(64,)",5,2,2,FALSE,my_RL_experts,results_jan2021/results-CartPole-v1--BBC.csv,FALSE,25,,,,0.01,0,50,50,128,FALSE,TRUE,,,FALSE,FALSE,,FALSE,0,TRUE,,,,,FALSE,1,,FALSE,0,,1,1,500,0,500,0,,BC+H,CartPole-v1,12500,"[0.09653083785051449, 0.11481358, 0.11181726, 0.11515363, 0.111209534, 0.12168344, 0.109141335, 0.10641626, 0.10950295, 0.103546605]",0,0.057073403,149,4.574553013,8.70E-06,1,1,FALSE,3,500,12500,500,0,0.116255,0.11300423,0.052000001,1.819176435,3,0.041056756,0.11300423
4,500000,10,25,TRUE,0.01,"(64,)",5,2,2,FALSE,my_RL_experts,results_jan2021/results-CartPole-v1--BBC.csv,FALSE,25,,,,0.01,0,50,50,128,FALSE,TRUE,,,FALSE,FALSE,,FALSE,0,TRUE,,,,,FALSE,1,,FALSE,0,,1,1,500,0,500,0,,BC+H,CartPole-v1,12500,"[0.08693849429045977, 0.10172783, 0.09945235, 0.104228996, 0.100976355, 0.11266096, 0.10020367, 0.09655896, 0.09967352, 0.094358034]",0,0.052955978,120,5.189225674,7.86E-05,1,1,TRUE,4,500,12500,500,0,0.111047484,0.106455281,0.049600001,2.546672297,4,0.041056756,0.106455281
4,100000,10,25,FALSE,0.01,"(64,)",5,3,3,FALSE,my_RL_experts,results_jan2021/results-CartPole-v1--BBC.csv,FALSE,25,,,,0.01,0,50,50,128,FALSE,TRUE,,,FALSE,FALSE,,FALSE,0,TRUE,,,,,FALSE,1,,FALSE,0,,1,1,500,0,500,0,,BC,CartPole-v1,12500,"[0.3153502601714467, 0.2688599, 0.2451966, 0.22866613, 0.21414867, 0.2033941, 0.19229077, 0.1837736, 0.17401363, 0.16762355]",9,0.073034249,5845,2.166978598,0.00061517,1,1,FALSE,0,500,12500,500,0,0.164395645,0.167407006,0.072039999,0.419008044,0,0.212943771,0.167407006
4,200000,10,25,FALSE,0.01,"(64,)",5,3,3,FALSE,my_RL_experts,results_jan2021/results-CartPole-v1--BBC.csv,FALSE,25,,,,0.01,0,50,50,128,FALSE,TRUE,,,FALSE,FALSE,,FALSE,0,TRUE,,,,,FALSE,1,,FALSE,0,,1,1,500,0,500,0,,BC,CartPole-v1,12500,"[0.12662246294806012, 0.15872435, 0.16029197, 0.14951152, 0.14638318, 0.14536473, 0.14202213, 0.13855033, 0.13637345, 0.13216501]",0,0.061736465,317,2.854079962,0.000316896,1,1,FALSE,1,500,12500,500,0,0.129519626,0.131673619,0.05136,0.840801398,1,0.13493572,0.131673619
4,300000,10,25,FALSE,0.01,"(64,)",5,3,3,FALSE,my_RL_experts,results_jan2021/results-CartPole-v1--BBC.csv,FALSE,25,,,,0.01,0,50,50,128,FALSE,TRUE,,,FALSE,FALSE,,FALSE,0,TRUE,,,,,FALSE,1,,FALSE,0,,1,1,500,0,500,0,,BC,CartPole-v1,12500,"[0.1028799858063966, 0.13068984, 0.13878465, 0.12643446, 0.12525252, 0.124953486, 0.12288815, 0.11998757, 0.11975585, 0.11555142]",0,0.0557638,148,3.443849087,0.000169143,1,1,FALSE,2,500,12500,500,0,0.113113925,0.114233017,0.044160001,1.249591362,2,0.094364961,0.114233017
4,400000,10,25,FALSE,0.01,"(64,)",5,3,3,FALSE,my_RL_experts,results_jan2021/results-CartPole-v1--BBC.csv,FALSE,25,,,,0.01,0,50,50,128,FALSE,TRUE,,,FALSE,FALSE,,FALSE,0,TRUE,,,,,FALSE,1,,FALSE,0,,1,1,500,0,500,0,,BC,CartPole-v1,12500,"[0.09108196979356613, 0.116273865, 0.12681319, 0.11340533, 0.11318112, 0.11230366, 0.11085283, 0.107623406, 0.10786499, 0.1048452]",0,0.050897509,101,3.984081268,4.53E-05,1,1,FALSE,3,500,12500,500,0,0.102066845,0.102674991,0.039519999,1.673085276,3,0.085968142,0.102674991
4,500000,10,25,FALSE,0.01,"(64,)",5,3,3,FALSE,my_RL_experts,results_jan2021/results-CartPole-v1--BBC.csv,FALSE,25,,,,0.01,0,50,50,128,FALSE,TRUE,,,FALSE,FALSE,,FALSE,0,TRUE,,,,,FALSE,1,,FALSE,0,,1,1,500,0,500,0,,BC,CartPole-v1,12500,"[0.0829631797155446, 0.10586203, 0.11632585, 0.10333377, 0.10311535, 0.10217984, 0.10070104, 0.09676279, 0.097199865, 0.095193975]",0,0.046659853,80,4.540567875,4.41E-05,1,1,TRUE,4,500,12500,500,0,0.091473997,0.091399901,0.035840001,2.353656212,4,0.085968142,0.091399901
4,100000,10,25,TRUE,0.01,"(64,)",5,3,3,FALSE,my_RL_experts,results_jan2021/results-CartPole-v1--BBC.csv,FALSE,25,,,,0.01,0,50,50,128,FALSE,TRUE,,,FALSE,FALSE,,FALSE,0,TRUE,,,,,FALSE,1,,FALSE,0,,1,1,500,0,500,0,,BC+H,CartPole-v1,12500,"[0.2881698907344183, 0.273504, 0.23866953, 0.21886371, 0.20636949, 0.20118609, 0.19123508, 0.18418266, 0.18004273, 0.17480113]",9,0.080112547,5830,2.488553524,7.93E-05,1,1,FALSE,0,500,12500,432.12,42.06501634,0.174490705,0.178510234,0.079960003,0.401742609,0,0.093358986,0.178510234
4,200000,10,25,TRUE,0.01,"(64,)",5,3,3,FALSE,my_RL_experts,results_jan2021/results-CartPole-v1--BBC.csv,FALSE,25,,,,0.01,0,50,50,128,FALSE,TRUE,,,FALSE,FALSE,,FALSE,0,TRUE,,,,,FALSE,1,,FALSE,0,,1,1,500,0,500,0,,BC+H,CartPole-v1,12500,"[0.13460165583174807, 0.17081434, 0.16566445, 0.15869567, 0.15514076, 0.15376173, 0.14914724, 0.1436088, 0.14246318, 0.13725498]",0,0.066225104,303,3.30582881,9.58E-05,1,1,FALSE,1,500,12500,500,0,0.137291625,0.138932601,0.062199999,0.84482638,1,0.036749617,0.138932601
4,300000,10,25,TRUE,0.01,"(64,)",5,3,3,FALSE,my_RL_experts,results_jan2021/results-CartPole-v1--BBC.csv,FALSE,25,,,,0.01,0,50,50,128,FALSE,TRUE,,,FALSE,FALSE,,FALSE,0,TRUE,,,,,FALSE,1,,FALSE,0,,1,1,500,0,500,0,,BC+H,CartPole-v1,12500,"[0.1065150986365154, 0.13706899, 0.13609645, 0.12716794, 0.1273649, 0.12641431, 0.12287115, 0.121058874, 0.120527536, 0.11663519]",0,0.05792132,243,4.127979755,0.000188492,1,1,FALSE,2,500,12500,500,0,0.116132304,0.115600556,0.050719999,1.284765669,2,0.028292406,0.115600556
4,400000,10,25,TRUE,0.01,"(64,)",5,3,3,FALSE,my_RL_experts,results_jan2021/results-CartPole-v1--BBC.csv,FALSE,25,,,,0.01,0,50,50,128,FALSE,TRUE,,,FALSE,FALSE,,FALSE,0,TRUE,,,,,FALSE,1,,FALSE,0,,1,1,500,0,500,0,,BC+H,CartPole-v1,12500,"[0.09246450951357393, 0.120118126, 0.12163078, 0.111817695, 0.11386689, 0.11281766, 0.10888371, 0.10796252, 0.10818892, 0.105719775]",0,0.052269828,132,4.83561039,0.000145331,1,1,FALSE,3,500,12500,500,0,0.10425429,0.10248705,0.043559998,1.722900975,3,0.024639479,0.10248705
4,500000,10,25,TRUE,0.01,"(64,)",5,3,3,FALSE,my_RL_experts,results_jan2021/results-CartPole-v1--BBC.csv,FALSE,25,,,,0.01,0,50,50,128,FALSE,TRUE,,,FALSE,FALSE,,FALSE,0,TRUE,,,,,FALSE,1,,FALSE,0,,1,1,500,0,500,0,,BC+H,CartPole-v1,12500,"[0.0846097529200001, 0.11057531, 0.11464539, 0.10272155, 0.10563873, 0.10455372, 0.10027246, 0.099184066, 0.10030197, 0.0986447]",0,0.048620995,79,5.411702633,0.000404492,1,1,TRUE,4,500,12500,500,0,0.09621197,0.093546741,0.039239999,2.392502697,4,0.024639479,0.093546741
4,100000,10,25,FALSE,0.01,"(64,)",5,4,4,FALSE,my_RL_experts,results_jan2021/results-CartPole-v1--BBC.csv,FALSE,25,,,,0.01,0,50,50,128,FALSE,TRUE,,,FALSE,FALSE,,FALSE,0,TRUE,,,,,FALSE,1,,FALSE,0,,1,1,500,0,500,0,,BC,CartPole-v1,12500,"[0.31379606920307573, 0.26162398, 0.23789719, 0.21964087, 0.20099165, 0.19425055, 0.18746343, 0.17240186, 0.1670969, 0.16142383]",9,0.082754239,6885,2.447967291,0.000241123,1,1,FALSE,0,500,12500,500,0,0.159540504,0.16050446,0.066799998,0.409553087,0,0.055273675,0.16050446
4,200000,10,25,FALSE,0.01,"(64,)",5,4,4,FALSE,my_RL_experts,results_jan2021/results-CartPole-v1--BBC.csv,FALSE,25,,,,0.01,0,50,50,128,FALSE,TRUE,,,FALSE,FALSE,,FALSE,0,TRUE,,,,,FALSE,1,,FALSE,0,,1,1,500,0,500,0,,BC,CartPole-v1,12500,"[0.12842409152458048, 0.1555922, 0.15312305, 0.14769262, 0.14419658, 0.14512736, 0.14681752, 0.13497011, 0.13141356, 0.12986533]",0,0.068956546,317,3.274766207,0.000615299,1,1,FALSE,1,500,12500,500,0,0.125875384,0.126193747,0.047800001,0.829756455,1,0.065208275,0.126193747
4,300000,10,25,FALSE,0.01,"(64,)",5,4,4,FALSE,my_RL_experts,results_jan2021/results-CartPole-v1--BBC.csv,FALSE,25,,,,0.01,0,50,50,128,FALSE,TRUE,,,FALSE,FALSE,,FALSE,0,TRUE,,,,,FALSE,1,,FALSE,0,,1,1,500,0,500,0,,BC,CartPole-v1,12500,"[0.10578334603536826, 0.1259046, 0.12577221, 0.121089645, 0.12080131, 0.12015782, 0.12587419, 0.11492959, 0.109452665, 0.10933094]",0,0.059364073,194,4.079545021,0.000438273,1,1,FALSE,2,500,12500,500,0,0.103773914,0.103644744,0.0352,1.253922645,2,0.041671605,0.103644744
4,400000,10,25,FALSE,0.01,"(64,)",5,4,4,FALSE,my_RL_experts,results_jan2021/results-CartPole-v1--BBC.csv,FALSE,25,,,,0.01,0,50,50,128,FALSE,TRUE,,,FALSE,FALSE,,FALSE,0,TRUE,,,,,FALSE,1,,FALSE,0,,1,1,500,0,500,0,,BC,CartPole-v1,12500,"[0.09098227279736186, 0.10692992, 0.10793191, 0.10526254, 0.10566755, 0.10441554, 0.11301006, 0.10397266, 0.09672296, 0.096876964]",0,0.052652381,103,4.832205772,0.001028985,1,1,FALSE,3,500,12500,500,0,0.091999896,0.091421202,0.03032,1.66753393,3,0.017910463,0.091421202
4,500000,10,25,FALSE,0.01,"(64,)",5,4,4,FALSE,my_RL_experts,results_jan2021/results-CartPole-v1--BBC.csv,FALSE,25,,,,0.01,0,50,50,128,FALSE,TRUE,,,FALSE,FALSE,,FALSE,0,TRUE,,,,,FALSE,1,,FALSE,0,,1,1,500,0,500,0,,BC,CartPole-v1,12500,"[0.08182607868761793, 0.095847756, 0.0971032, 0.096096605, 0.09631474, 0.09476698, 0.10482043, 0.09683293, 0.08800002, 0.08801409]",0,0.04809171,74,5.502236843,0.0001311,1,1,TRUE,4,500,12500,500,0,0.084576033,0.083557948,0.027519999,2.34859395,4,0.017910463,0.083557948
4,100000,10,25,TRUE,0.01,"(64,)",5,4,4,FALSE,my_RL_experts,results_jan2021/results-CartPole-v1--BBC.csv,FALSE,25,,,,0.01,0,50,50,128,FALSE,TRUE,,,FALSE,FALSE,,FALSE,0,TRUE,,,,,FALSE,1,,FALSE,0,,1,1,500,0,500,0,,BC+H,CartPole-v1,12500,"[0.28777062757618727, 0.26635984, 0.23327333, 0.21460721, 0.20091082, 0.19484912, 0.18892156, 0.17488371, 0.16907535, 0.1643699]",9,0.07378713,5655,2.527538061,0.000279158,1,1,FALSE,0,500,12500,449.2,62.50439985,0.163398057,0.165737212,0.071879998,0.399354398,0,0.067875268,0.165737212
4,200000,10,25,TRUE,0.01,"(64,)",5,4,4,FALSE,my_RL_experts,results_jan2021/results-CartPole-v1--BBC.csv,FALSE,25,,,,0.01,0,50,50,128,FALSE,TRUE,,,FALSE,FALSE,,FALSE,0,TRUE,,,,,FALSE,1,,FALSE,0,,1,1,500,0,500,0,,BC+H,CartPole-v1,12500,"[0.13232980126738178, 0.15874642, 0.15783346, 0.15325373, 0.15141766, 0.15321419, 0.15339755, 0.14082155, 0.13847665, 0.13524565]",0,0.064477757,327,3.234243631,0.000381798,1,1,FALSE,1,500,12500,500,0,0.133285746,0.134182423,0.05376,0.83611573,1,0.033644198,0.134182423
4,300000,10,25,TRUE,0.01,"(64,)",5,4,4,FALSE,my_RL_experts,results_jan2021/results-CartPole-v1--BBC.csv,FALSE,25,,,,0.01,0,50,50,128,FALSE,TRUE,,,FALSE,FALSE,,FALSE,0,TRUE,,,,,FALSE,1,,FALSE,0,,1,1,500,0,500,0,,BC+H,CartPole-v1,12500,"[0.11099861206235655, 0.13332096, 0.13236606, 0.12901674, 0.12789734, 0.12886642, 0.13167359, 0.120365076, 0.11707836, 0.114396974]",0,0.059588574,232,4.011245728,0.000452437,1,1,FALSE,2,500,12500,500,0,0.114718631,0.114840925,0.04456,1.288011805,2,0.02049649,0.114840925
4,400000,10,25,TRUE,0.01,"(64,)",5,4,4,FALSE,my_RL_experts,results_jan2021/results-CartPole-v1--BBC.csv,FALSE,25,,,,0.01,0,50,50,128,FALSE,TRUE,,,FALSE,FALSE,,FALSE,0,TRUE,,,,,FALSE,1,,FALSE,0,,1,1,500,0,500,0,,BC+H,CartPole-v1,12500,"[0.09574039066181265, 0.11429258, 0.11384093, 0.110976346, 0.11172591, 0.111228816, 0.11540836, 0.1079043, 0.1027937, 0.100993454]",0,0.055051945,166,4.788685322,0.00056529,1,1,FALSE,3,500,12500,500,0,0.104469433,0.103288859,0.037760001,1.732772847,3,0.014238946,0.103288859
4,500000,10,25,TRUE,0.01,"(64,)",5,4,4,FALSE,my_RL_experts,results_jan2021/results-CartPole-v1--BBC.csv,FALSE,25,,,,0.01,0,50,50,128,FALSE,TRUE,,,FALSE,FALSE,,FALSE,0,TRUE,,,,,FALSE,1,,FALSE,0,,1,1,500,0,500,0,,BC+H,CartPole-v1,12500,"[0.08732828825971123, 0.10268066, 0.10264874, 0.100562185, 0.10250874, 0.10145114, 0.10675699, 0.10118328, 0.094210185, 0.092919245]",0,0.049891338,84,5.492525101,9.14E-05,1,1,TRUE,4,500,12500,500,0,0.09654735,0.094606444,0.035080001,2.414229341,4,0.014238946,0.094606444
4,100000,10,25,FALSE,0.01,"(64,)",5,5,5,FALSE,my_RL_experts,results_jan2021/results-CartPole-v1--BBC.csv,FALSE,25,,,,0.01,0,50,50,128,FALSE,TRUE,,,FALSE,FALSE,,FALSE,0,TRUE,,,,,FALSE,1,,FALSE,0,,1,1,500,0,500,0,,BC,CartPole-v1,12500,"[0.3126918639250769, 0.2674718, 0.24932583, 0.23596305, 0.22003067, 0.21097247, 0.20447344, 0.19779544, 0.19007774, 0.18532275]",9,0.08060433,5705,2.264931679,8.70E-05,1,1,FALSE,0,500,12500,278.36,125.8188793,0.188198268,0.191122055,0.080119997,0.294409589,0,0.294353471,0.191122055
4,200000,10,25,FALSE,0.01,"(64,)",5,5,5,FALSE,my_RL_experts,results_jan2021/results-CartPole-v1--BBC.csv,FALSE,25,,,,0.01,0,50,50,128,FALSE,TRUE,,,FALSE,FALSE,,FALSE,0,TRUE,,,,,FALSE,1,,FALSE,0,,1,1,500,0,500,0,,BC,CartPole-v1,12500,"[0.1462776383657637, 0.17643297, 0.17777343, 0.17212048, 0.16771461, 0.16200727, 0.16422632, 0.16035205, 0.15595388, 0.15289895]",0,0.067322701,265,2.979199409,0.001114711,1,1,FALSE,1,500,12500,490.32,22.39056944,0.151193485,0.152824491,0.063519999,0.712885543,1,0.092009709,0.152824491
4,300000,10,25,FALSE,0.01,"(64,)",5,5,5,FALSE,my_RL_experts,results_jan2021/results-CartPole-v1--BBC.csv,FALSE,25,,,,0.01,0,50,50,128,FALSE,TRUE,,,FALSE,FALSE,,FALSE,0,TRUE,,,,,FALSE,1,,FALSE,0,,1,1,500,0,500,0,,BC,CartPole-v1,12500,"[0.12334928609684845, 0.1496085, 0.15114287, 0.14871876, 0.14586347, 0.14167386, 0.14660785, 0.14306335, 0.13962108, 0.13731124]",0,0.062296759,171,3.524651289,0.000358835,1,1,FALSE,2,500,12500,476.6,31.73641442,0.134659946,0.135772571,0.053800002,1.109205461,2,0.06018267,0.135772571
4,400000,10,25,FALSE,0.01,"(64,)",5,5,5,FALSE,my_RL_experts,results_jan2021/results-CartPole-v1--BBC.csv,FALSE,25,,,,0.01,0,50,50,128,FALSE,TRUE,,,FALSE,FALSE,,FALSE,0,TRUE,,,,,FALSE,1,,FALSE,0,,1,1,500,0,500,0,,BC,CartPole-v1,12500,"[0.11185354915857428, 0.13385879, 0.13550171, 0.13405573, 0.13340232, 0.1289095, 0.1341735, 0.13078275, 0.12749484, 0.12581173]",0,0.058399439,119,4.054089069,0.000310034,1,1,FALSE,3,500,12500,474.72,37.14137316,0.124105856,0.124821417,0.049320001,1.501562742,3,0.042354599,0.124821417
4,500000,10,25,FALSE,0.01,"(64,)",5,5,5,FALSE,my_RL_experts,results_jan2021/results-CartPole-v1--BBC.csv,FALSE,25,,,,0.01,0,50,50,128,FALSE,TRUE,,,FALSE,FALSE,,FALSE,0,TRUE,,,,,FALSE,1,,FALSE,0,,1,1,500,0,500,0,,BC,CartPole-v1,12500,"[0.10329867330827405, 0.123663455, 0.12563543, 0.12428143, 0.12503847, 0.120586894, 0.12615076, 0.12290893, 0.11992059, 0.11906475]",0,0.054951467,66,4.551115513,0.001855969,1,1,TRUE,4,500,12500,478.68,34.41130047,0.117396228,0.118312538,0.047400001,2.156711984,4,0.042354599,0.118312538
4,100000,10,25,TRUE,0.01,"(64,)",5,5,5,FALSE,my_RL_experts,results_jan2021/results-CartPole-v1--BBC.csv,FALSE,25,,,,0.01,0,50,50,128,FALSE,TRUE,,,FALSE,FALSE,,FALSE,0,TRUE,,,,,FALSE,1,,FALSE,0,,1,1,500,0,500,0,,BC+H,CartPole-v1,12500,"[0.30053242410249076, 0.2766324, 0.24124649, 0.21903288, 0.2031781, 0.19231129, 0.18533422, 0.17878273, 0.17764524, 0.16966063]",9,0.072591946,6680,2.603176117,6.38E-05,1,1,FALSE,0,500,12500,204.72,78.92757186,0.169723436,0.173508793,0.076800004,0.276873279,0,0.310866248,0.173508793
4,200000,10,25,TRUE,0.01,"(64,)",5,5,5,FALSE,my_RL_experts,results_jan2021/results-CartPole-v1--BBC.csv,FALSE,25,,,,0.01,0,50,50,128,FALSE,TRUE,,,FALSE,FALSE,,FALSE,0,TRUE,,,,,FALSE,1,,FALSE,0,,1,1,500,0,500,0,,BC+H,CartPole-v1,12500,"[0.13275542908290947, 0.1601059, 0.15919042, 0.15570642, 0.15244234, 0.14888896, 0.14918314, 0.14747705, 0.14673957, 0.14235924]",0,0.062401421,255,3.250790596,0.000174582,1,1,FALSE,1,500,12500,451,62.7145916,0.143633142,0.145594507,0.06216,0.69753658,1,0.135868307,0.145594507
4,300000,10,25,TRUE,0.01,"(64,)",5,5,5,FALSE,my_RL_experts,results_jan2021/results-CartPole-v1--BBC.csv,FALSE,25,,,,0.01,0,50,50,128,FALSE,TRUE,,,FALSE,FALSE,,FALSE,0,TRUE,,,,,FALSE,1,,FALSE,0,,1,1,500,0,500,0,,BC+H,CartPole-v1,12500,"[0.11469327207547114, 0.13760576, 0.13993868, 0.13551678, 0.13432075, 0.12879884, 0.13084121, 0.12797552, 0.12663706, 0.123264335]",0,0.058035392,242,3.807619333,0.000197306,1,1,FALSE,2,500,12500,500,0,0.121120222,0.122059301,0.048160002,1.156771473,2,0.084094509,0.122059301
4,400000,10,25,TRUE,0.01,"(64,)",5,5,5,FALSE,my_RL_experts,results_jan2021/results-CartPole-v1--BBC.csv,FALSE,25,,,,0.01,0,50,50,128,FALSE,TRUE,,,FALSE,FALSE,,FALSE,0,TRUE,,,,,FALSE,1,,FALSE,0,,1,1,500,0,500,0,,BC+H,CartPole-v1,12500,"[0.10098200828042944, 0.11997836, 0.12315998, 0.11931279, 0.1209214, 0.11223133, 0.114998534, 0.112371214, 0.1103648, 0.108158134]",0,0.05434617,206,4.436331749,0.001459062,1,1,FALSE,3,500,12500,500,0,0.105124228,0.104293816,0.039039999,1.611358682,3,0.058201777,0.104293816
4,500000,10,25,TRUE,0.01,"(64,)",5,5,5,FALSE,my_RL_experts,results_jan2021/results-CartPole-v1--BBC.csv,FALSE,25,,,,0.01,0,50,50,128,FALSE,TRUE,,,FALSE,FALSE,,FALSE,0,TRUE,,,,,FALSE,1,,FALSE,0,,1,1,500,0,500,0,,BC+H,CartPole-v1,12500,"[0.08997832402565066, 0.10616943, 0.10946777, 0.1059624, 0.11138865, 0.1002682, 0.10305671, 0.10211059, 0.10045783, 0.09777945]",0,0.050691877,121,5.065999985,0.000430137,1,1,TRUE,4,500,12500,500,0,0.096785299,0.095046856,0.035719998,2.301002308,4,0.058201777,0.095046856
4,100000,10,25,FALSE,0.01,"(64,)",5,6,6,FALSE,my_RL_experts,results_jan2021/results-CartPole-v1--BBC.csv,FALSE,25,,,,0.01,0,50,50,128,FALSE,TRUE,,,FALSE,FALSE,,FALSE,0,TRUE,,,,,FALSE,1,,FALSE,0,,1,1,500,0,500,0,,BC,CartPole-v1,12500,"[0.31776671570877485, 0.28038302, 0.25214902, 0.23616618, 0.221744, 0.20978627, 0.2004666, 0.19026832, 0.18367393, 0.18607926]",8,0.075570032,5831,2.381906986,0.000187267,1,1,FALSE,0,500,12500,500,0,0.170903489,0.173724294,0.072279997,0.407288698,0,0.330800162,0.173724294
4,200000,10,25,FALSE,0.01,"(64,)",5,6,6,FALSE,my_RL_experts,results_jan2021/results-CartPole-v1--BBC.csv,FALSE,25,,,,0.01,0,50,50,128,FALSE,TRUE,,,FALSE,FALSE,,FALSE,0,TRUE,,,,,FALSE,1,,FALSE,0,,1,1,500,0,500,0,,BC,CartPole-v1,12500,"[0.1376163857823424, 0.1684534, 0.16440235, 0.16087644, 0.15655082, 0.15236397, 0.15128748, 0.14533994, 0.14775264, 0.14774783]",0,0.062998392,325,3.233030558,0.000126256,1,1,FALSE,1,500,12500,500,0,0.134861067,0.136731282,0.05824,0.826824919,1,0.179070074,0.136731282
4,300000,10,25,FALSE,0.01,"(64,)",5,6,6,FALSE,my_RL_experts,results_jan2021/results-CartPole-v1--BBC.csv,FALSE,25,,,,0.01,0,50,50,128,FALSE,TRUE,,,FALSE,FALSE,,FALSE,0,TRUE,,,,,FALSE,1,,FALSE,0,,1,1,500,0,500,0,,BC,CartPole-v1,12500,"[0.1122712973905171, 0.13785875, 0.13542475, 0.13708162, 0.1317573, 0.12872554, 0.1286558, 0.12410813, 0.12884565, 0.1294598]",0,0.056521844,169,3.916898727,1.81E-05,1,1,FALSE,2,500,12500,500,0,0.11627984,0.117595628,0.046399999,1.263080204,2,0.111801648,0.117595628
4,400000,10,25,FALSE,0.01,"(64,)",5,6,6,FALSE,my_RL_experts,results_jan2021/results-CartPole-v1--BBC.csv,FALSE,25,,,,0.01,0,50,50,128,FALSE,TRUE,,,FALSE,FALSE,,FALSE,0,TRUE,,,,,FALSE,1,,FALSE,0,,1,1,500,0,500,0,,BC,CartPole-v1,12500,"[0.09895266130336888, 0.12260963, 0.11994088, 0.121771894, 0.117163554, 0.11431799, 0.1141529, 0.111224346, 0.11642381, 0.117484376]",0,0.051841382,122,4.595109463,0.000335678,1,1,FALSE,3,500,12500,500,0,0.105053946,0.106039554,0.041480001,1.694903425,3,0.086529455,0.106039554
4,500000,10,25,FALSE,0.01,"(64,)",5,6,6,FALSE,my_RL_experts,results_jan2021/results-CartPole-v1--BBC.csv,FALSE,25,,,,0.01,0,50,50,128,FALSE,TRUE,,,FALSE,FALSE,,FALSE,0,TRUE,,,,,FALSE,1,,FALSE,0,,1,1,500,0,500,0,,BC,CartPole-v1,12500,"[0.09019553641665716, 0.1135463, 0.110601805, 0.11251712, 0.107663445, 0.10510031, 0.105016686, 0.10233735, 0.10702992, 0.10854172]",0,0.04768002,55,5.251633644,0.00056579,1,1,TRUE,4,500,12500,500,0,0.097820714,0.098365076,0.039159998,2.395112491,4,0.086529455,0.098365076
4,100000,10,25,TRUE,0.01,"(64,)",5,6,6,FALSE,my_RL_experts,results_jan2021/results-CartPole-v1--BBC.csv,FALSE,25,,,,0.01,0,50,50,128,FALSE,TRUE,,,FALSE,FALSE,,FALSE,0,TRUE,,,,,FALSE,1,,FALSE,0,,1,1,500,0,500,0,,BC+H,CartPole-v1,12500,"[0.30240157893832775, 0.27436066, 0.22753009, 0.20650053, 0.1895027, 0.18104768, 0.17269443, 0.16499941, 0.1594182, 0.15860824]",9,0.07235609,10144,2.667183638,0.000544541,1,1,FALSE,0,500,12500,475.4,68.02411337,0.151029542,0.153080776,0.068680003,0.428520532,0,0.367933626,0.153080776
4,200000,10,25,TRUE,0.01,"(64,)",5,6,6,FALSE,my_RL_experts,results_jan2021/results-CartPole-v1--BBC.csv,FALSE,25,,,,0.01,0,50,50,128,FALSE,TRUE,,,FALSE,FALSE,,FALSE,0,TRUE,,,,,FALSE,1,,FALSE,0,,1,1,500,0,500,0,,BC+H,CartPole-v1,12500,"[0.121989351031109, 0.15011173, 0.1457866, 0.14494838, 0.13990128, 0.13896692, 0.13717377, 0.13515939, 0.13368186, 0.13228376]",0,0.05917871,243,3.562246799,2.10E-06,1,1,FALSE,1,500,12500,500,0,0.13081032,0.13153781,0.055640001,0.877746475,1,0.287676204,0.13153781
4,300000,10,25,TRUE,0.01,"(64,)",5,6,6,FALSE,my_RL_experts,results_jan2021/results-CartPole-v1--BBC.csv,FALSE,25,,,,0.01,0,50,50,128,FALSE,TRUE,,,FALSE,FALSE,,FALSE,0,TRUE,,,,,FALSE,1,,FALSE,0,,1,1,500,0,500,0,,BC+H,CartPole-v1,12500,"[0.10484134596292657, 0.12945813, 0.12760267, 0.12618887, 0.12117367, 0.11993779, 0.11987965, 0.11822582, 0.1186645, 0.11753447]",0,0.052881241,176,4.333176136,5.78E-05,1,1,FALSE,2,500,12500,500,0,0.115650147,0.115461193,0.046920002,1.324782884,2,0.207842829,0.115461193
4,400000,10,25,TRUE,0.01,"(64,)",5,6,6,FALSE,my_RL_experts,results_jan2021/results-CartPole-v1--BBC.csv,FALSE,25,,,,0.01,0,50,50,128,FALSE,TRUE,,,FALSE,FALSE,,FALSE,0,TRUE,,,,,FALSE,1,,FALSE,0,,1,1,500,0,500,0,,BC+H,CartPole-v1,12500,"[0.09310785305161315, 0.11513754, 0.11483979, 0.112696, 0.108836025, 0.10745111, 0.10879577, 0.1070929, 0.108493656, 0.10785172]",0,0.049035039,129,4.927921772,0.002226315,1,1,FALSE,3,500,12500,500,0,0.102888264,0.10211125,0.040279999,1.77004048,3,0.156028273,0.10211125
4,500000,10,25,TRUE,0.01,"(64,)",5,6,6,FALSE,my_RL_experts,results_jan2021/results-CartPole-v1--BBC.csv,FALSE,25,,,,0.01,0,50,50,128,FALSE,TRUE,,,FALSE,FALSE,,FALSE,0,TRUE,,,,,FALSE,1,,FALSE,0,,1,1,500,0,500,0,,BC+H,CartPole-v1,12500,"[0.08531979515890967, 0.1049551, 0.10498392, 0.10515072, 0.09934253, 0.09802574, 0.09939681, 0.09857561, 0.10000931, 0.099636845]",0,0.045670703,101,5.517950535,0.000530496,1,1,TRUE,4,500,12500,500,0,0.094655789,0.09334714,0.036800001,2.478692456,4,0.156028273,0.09334714
4,50000,10,25,FALSE,0.01,1,0,0,FALSE,my_RL_experts,results_jan2021/results-CartPole-v1--BC.csv,FALSE,25,,,,0.01,0,"(64,)",50,50,128,FALSE,TRUE,,,FALSE,FALSE,,FALSE,0,TRUE,,,,,FALSE,1,,FALSE,0,,1,1,500,0,500,0,,BC,CartPole-v1,12500,0.093076751,8367,"[0.20353602438032628, 0.3324381, 0.2815408, 0.260495, 0.25293922, 0.24898084, 0.22798486, 0.22177859, 0.22002764, 0.2108319]",0,1.812543154,0.000143683,1,1,TRUE,0,500,12500,463.62,72.33308786,0.194473147,0.197163373,0.076719999,4.742725261,0,0.228126158,0.197163373
4,50000,10,25,TRUE,0.01,1,0,0,FALSE,my_RL_experts,results_jan2021/results-CartPole-v1--BC.csv,FALSE,25,,,,0.01,0,"(64,)",50,50,128,FALSE,TRUE,,,FALSE,FALSE,,FALSE,0,TRUE,,,,,FALSE,1,,FALSE,0,,1,1,500,0,500,0,,BC+H,CartPole-v1,12500,0.086712562,7426,"[0.17370751018226147, 0.33062872, 0.28117055, 0.25180408, 0.2409289, 0.24138713, 0.21340856, 0.2122505, 0.20737684, 0.19137062]",0,1.935193419,8.74E-06,1,1,TRUE,0,500,12500,345.4,137.9772445,0.176787466,0.180904537,0.075400002,1.622727084,0,0.120548377,0.180904537
4,50000,10,25,FALSE,0.01,1,1,1,FALSE,my_RL_experts,results_jan2021/results-CartPole-v1--BC.csv,FALSE,25,,,,0.01,0,"(64,)",50,50,128,FALSE,TRUE,,,FALSE,FALSE,,FALSE,0,TRUE,,,,,FALSE,1,,FALSE,0,,1,1,500,0,500,0,,BC,CartPole-v1,12500,0.086967029,4969,"[0.1891562123938184, 0.3125508, 0.27371395, 0.25198162, 0.24306, 0.23347676, 0.22545984, 0.22127195, 0.20561066, 0.20669565]",0,1.949787378,0.001132339,1,1,TRUE,0,500,12500,335.84,90.0831527,0.197130814,0.200443998,0.081799999,1.450393983,0,0.707900173,0.200443998
4,50000,10,25,TRUE,0.01,1,1,1,FALSE,my_RL_experts,results_jan2021/results-CartPole-v1--BC.csv,FALSE,25,,,,0.01,0,"(64,)",50,50,128,FALSE,TRUE,,,FALSE,FALSE,,FALSE,0,TRUE,,,,,FALSE,1,,FALSE,0,,1,1,500,0,500,0,,BC+H,CartPole-v1,12500,0.082250364,8360,"[0.17287515210844576, 0.3246972, 0.28077754, 0.24815926, 0.23372664, 0.21840435, 0.21817188, 0.2153128, 0.19222492, 0.19212805]",0,1.7043823,0.000231089,1,1,TRUE,0,500,12500,447.8,99.36276969,0.190265939,0.194953665,0.084959999,4.175184286,0,0.318174355,0.194953665
4,50000,10,25,FALSE,0.01,1,2,2,FALSE,my_RL_experts,results_jan2021/results-CartPole-v1--BC.csv,FALSE,25,,,,0.01,0,"(64,)",50,50,128,FALSE,TRUE,,,FALSE,FALSE,,FALSE,0,TRUE,,,,,FALSE,1,,FALSE,0,,1,1,500,0,500,0,,BC,CartPole-v1,12500,0.089302711,7998,"[0.21046785380743444, 0.33385867, 0.2779178, 0.2578967, 0.24912481, 0.23318169, 0.22620961, 0.21965379, 0.21193543, 0.20774087]",9,1.848862648,0.000238485,1,1,TRUE,0,500,12500,367.06,91.97378105,0.200909883,0.204524264,0.083679996,3.908009676,0,0.825458226,0.204524264
4,50000,10,25,TRUE,0.01,1,2,2,FALSE,my_RL_experts,results_jan2021/results-CartPole-v1--BC.csv,FALSE,25,,,,0.01,0,"(64,)",50,50,128,FALSE,TRUE,,,FALSE,FALSE,,FALSE,0,TRUE,,,,,FALSE,1,,FALSE,0,,1,1,500,0,500,0,,BC+H,CartPole-v1,12500,0.085985094,3881,"[0.16356488646473735, 0.3167493, 0.2774051, 0.24701373, 0.23030362, 0.2141268, 0.21223402, 0.20238195, 0.19258803, 0.19013496]",0,2.02397871,6.09E-05,1,1,TRUE,0,500,12500,300.6,103.2740045,0.176276654,0.180485368,0.075839996,1.283458269,0,0.340747842,0.180485368
4,50000,10,25,FALSE,0.01,1,3,3,FALSE,my_RL_experts,results_jan2021/results-CartPole-v1--BC.csv,FALSE,25,,,,0.01,0,"(64,)",50,50,128,FALSE,TRUE,,,FALSE,FALSE,,FALSE,0,TRUE,,,,,FALSE,1,,FALSE,0,,1,1,500,0,500,0,,BC,CartPole-v1,12500,0.094138026,6137,"[0.19161145717365435, 0.31431442, 0.280901, 0.2603884, 0.25019902, 0.24040496, 0.23162457, 0.22178242, 0.22260843, 0.21185164]",0,1.595156074,9.51E-05,1,1,TRUE,0,500,12500,466,84.69687125,0.203536198,0.206278533,0.082000002,4.409002256,0,0.113093873,0.206278533
4,50000,10,25,TRUE,0.01,1,3,3,FALSE,my_RL_experts,results_jan2021/results-CartPole-v1--BC.csv,FALSE,25,,,,0.01,0,"(64,)",50,50,128,FALSE,TRUE,,,FALSE,FALSE,,FALSE,0,TRUE,,,,,FALSE,1,,FALSE,0,,1,1,500,0,500,0,,BC+H,CartPole-v1,12500,0.08728338,6268,"[0.16369271119330078, 0.3218706, 0.28789225, 0.26416057, 0.24214606, 0.23138021, 0.2194432, 0.21092953, 0.20889662, 0.20763272]",0,1.987878084,8.16E-05,1,1,TRUE,0,500,12500,381.76,71.45895605,0.1992466,0.202779651,0.090960003,2.460408056,0,0.057453884,0.202779651
4,50000,10,25,FALSE,0.01,1,4,4,FALSE,my_RL_experts,results_jan2021/results-CartPole-v1--BC.csv,FALSE,25,,,,0.01,0,"(64,)",50,50,128,FALSE,TRUE,,,FALSE,FALSE,,FALSE,0,TRUE,,,,,FALSE,1,,FALSE,0,,1,1,500,0,500,0,,BC,CartPole-v1,12500,0.098956287,7147,"[0.19751629772178828, 0.31811017, 0.27321705, 0.26221335, 0.2446609, 0.23910104, 0.22794129, 0.25392094, 0.21592613, 0.20669316]",0,1.832982302,6.98E-05,1,1,TRUE,0,500,12500,408.3,110.6855456,0.193001956,0.195926577,0.079680003,4.032921692,0,0.049301731,0.195926577
4,50000,10,25,TRUE,0.01,1,4,4,FALSE,my_RL_experts,results_jan2021/results-CartPole-v1--BC.csv,FALSE,25,,,,0.01,0,"(64,)",50,50,128,FALSE,TRUE,,,FALSE,FALSE,,FALSE,0,TRUE,,,,,FALSE,1,,FALSE,0,,1,1,500,0,500,0,,BC+H,CartPole-v1,12500,0.092755251,5884,"[0.16570959027640522, 0.3181058, 0.27713352, 0.2595831, 0.23571071, 0.22605862, 0.22024328, 0.23748888, 0.20928165, 0.19923559]",0,1.87332058,3.65E-05,1,1,TRUE,0,500,12500,309.34,104.1538497,0.188865572,0.193316147,0.082160003,2.179913378,0,0.128018517,0.193316147
4,50000,10,25,FALSE,0.01,1,5,5,FALSE,my_RL_experts,results_jan2021/results-CartPole-v1--BC.csv,FALSE,25,,,,0.01,0,"(64,)",50,50,128,FALSE,TRUE,,,FALSE,FALSE,,FALSE,0,TRUE,,,,,FALSE,1,,FALSE,0,,1,1,500,0,500,0,,BC,CartPole-v1,12500,0.091589764,5972,"[0.19432096807997207, 0.31636676, 0.2863727, 0.25931954, 0.25445658, 0.24021563, 0.23263812, 0.22866912, 0.22182895, 0.22168985]",0,1.809978604,0.000113018,1,1,TRUE,0,500,12500,303.68,121.0270119,0.207491413,0.210679382,0.085840002,2.852483686,0,0.461859037,0.210679382
4,50000,10,25,TRUE,0.01,1,5,5,FALSE,my_RL_experts,results_jan2021/results-CartPole-v1--BC.csv,FALSE,25,,,,0.01,0,"(64,)",50,50,128,FALSE,TRUE,,,FALSE,FALSE,,FALSE,0,TRUE,,,,,FALSE,1,,FALSE,0,,1,1,500,0,500,0,,BC+H,CartPole-v1,12500,0.079082116,6803,"[0.17572770989838987, 0.33059406, 0.29113975, 0.26417473, 0.25319505, 0.23399633, 0.21985354, 0.21376836, 0.20806965, 0.20626609]",0,2.230128765,0.000255441,1,1,TRUE,0,500,12500,234,98.94119466,0.193296522,0.197329298,0.082999997,2.917753065,0,0.213354573,0.197329298
4,50000,10,25,FALSE,0.01,1,6,6,FALSE,my_RL_experts,results_jan2021/results-CartPole-v1--BC.csv,FALSE,25,,,,0.01,0,"(64,)",50,50,128,FALSE,TRUE,,,FALSE,FALSE,,FALSE,0,TRUE,,,,,FALSE,1,,FALSE,0,,1,1,500,0,500,0,,BC,CartPole-v1,12500,0.095693506,5889,"[0.19256680977197363, 0.32057887, 0.28278056, 0.26607907, 0.26013905, 0.25385457, 0.24474281, 0.23586096, 0.22429578, 0.22343719]",0,1.799351573,0.001047552,1,1,TRUE,0,500,12500,365.64,135.2730217,0.205080375,0.208555683,0.08444,2.888125821,0,0.265802061,0.208555683
4,50000,10,25,TRUE,0.01,1,6,6,FALSE,my_RL_experts,results_jan2021/results-CartPole-v1--BC.csv,FALSE,25,,,,0.01,0,"(64,)",50,50,128,FALSE,TRUE,,,FALSE,FALSE,,FALSE,0,TRUE,,,,,FALSE,1,,FALSE,0,,1,1,500,0,500,0,,BC+H,CartPole-v1,12500,0.082907982,10517,"[0.17192561184547842, 0.33479917, 0.28846458, 0.25506023, 0.24269673, 0.23267163, 0.21397656, 0.20312418, 0.19118285, 0.1921345]",0,2.169431925,8.37E-05,1,1,TRUE,0,500,12500,358.62,88.15529252,0.178256243,0.182804272,0.081880003,3.022082456,0,0.1198343,0.182804272
4,25000,10,25,False,0.01,"(64,)",1,0,0,False,my_RL_experts,results_jan2021/results-CartPole-v1--BBC.csv,False,25,,,,0.01,0,50,50,128,False,True,,,False,False,,False,0,True,,,,,False,1,,False,0,,1,1,500.0,0.0,500.0,0.0,,BC,CartPole-v1,12500,"[0.11988256881177425, 0.48597884, 0.34781173, 0.30418828, 0.2880108, 0.27664322, 0.26444995, 0.260708, 0.2536947, 0.24566337]",0,0.10268257558345795,8185,1.5493003129959106,0.0004628486931324005,1.0,1.0,True,0,500,12500.0,243.38,53.82337410456539,0.2385006844997406,0.2422289103269577,0.09179999679327011,3.8011148015658063,0,0.5417297967485781,0.2422289103269577
4,25000,10,25,True,0.01,"(64,)",1,0,0,False,my_RL_experts,results_jan2021/results-CartPole-v1--BBC.csv,False,25,,,,0.01,0,50,50,128,False,True,,,False,False,,False,0,True,,,,,False,1,,False,0,,1,1,500.0,0.0,500.0,0.0,,BC+H,CartPole-v1,12500,"[0.10559393249064684, 0.38312197, 0.33354118, 0.31087583, 0.2938156, 0.277832, 0.263824, 0.25342312, 0.24790238, 0.23235139]",0,0.09860247373580933,7456,1.524046540260315,0.0002582143060863018,1.0,1.0,True,0,500,12500.0,201.74,45.45142902043895,0.22021199762821198,0.2236666977405548,0.08511999994516373,0.9142431100209554,0,0.4294184520840645,0.2236666977405548
4,25000,10,25,False,0.01,"(64,)",1,1,1,False,my_RL_experts,results_jan2021/results-CartPole-v1--BBC.csv,False,25,,,,0.01,0,50,50,128,False,True,,,False,False,,False,0,True,,,,,False,1,,False,0,,1,1,500.0,0.0,500.0,0.0,,BC,CartPole-v1,12500,"[0.11146334570348262, 0.42389977, 0.3189527, 0.28638422, 0.27037406, 0.26851943, 0.2523542, 0.24695598, 0.24315546, 0.23525551]",0,0.1020040214061737,5047,1.6914347410202026,0.00010034069418907166,1.0,1.0,True,0,500,12500.0,272.84,104.08926169399032,0.2262044996023178,0.2300482839345932,0.0920799970626831,2.417312769095103,0,0.23445089796963783,0.2300482839345932
4,25000,10,25,True,0.01,"(64,)",1,1,1,False,my_RL_experts,results_jan2021/results-CartPole-v1--BBC.csv,False,25,,,,0.01,0,50,50,128,False,True,,,False,False,,False,0,True,,,,,False,1,,False,0,,1,1,500.0,0.0,500.0,0.0,,BC+H,CartPole-v1,12500,"[0.09834739225924015, 0.36812457, 0.3329682, 0.3066991, 0.2854699, 0.2747233, 0.25477266, 0.24223827, 0.2375966, 0.22812366]",0,0.10098591446876526,8699,1.229060411453247,1.4606863260269165e-05,1.0,1.0,True,0,500,12500.0,209.9,59.46335005698889,0.2178741991519928,0.22235523164272308,0.08912000060081482,3.035668730735779,0,0.2788800075650215,0.22235523164272308
4,25000,10,25,False,0.01,"(64,)",1,2,2,False,my_RL_experts,results_jan2021/results-CartPole-v1--BBC.csv,False,25,,,,0.01,0,50,50,128,False,True,,,False,False,,False,0,True,,,,,False,1,,False,0,,1,1,500.0,0.0,500.0,0.0,,BC,CartPole-v1,12500,"[0.12379818959295749, 0.50209326, 0.34901297, 0.3030737, 0.27848282, 0.26627812, 0.26014218, 0.25056952, 0.24683005, 0.24020739]",0,0.10062144696712494,7990,1.5559206008911133,0.00047530606389045715,1.0,1.0,True,0,500,12500.0,375.22,121.84174818181162,0.23481173813343048,0.23893822729587555,0.0894400030374527,5.307987380027771,0,0.4721258528858666,0.23893822729587555
4,25000,10,25,True,0.01,"(64,)",1,2,2,False,my_RL_experts,results_jan2021/results-CartPole-v1--BBC.csv,False,25,,,,0.01,0,50,50,128,False,True,,,False,False,,False,0,True,,,,,False,1,,False,0,,1,1,500.0,0.0,500.0,0.0,,BC+H,CartPole-v1,12500,"[0.09307849479749798, 0.36849505, 0.32965624, 0.30746308, 0.28139707, 0.2647667, 0.250814, 0.23725995, 0.23549835, 0.22304219]",0,0.08830457180738449,3673,1.6695835590362549,0.0008062226697802544,1.0,1.0,True,0,500,12500.0,311.84,142.49061162055554,0.21728485822677612,0.22151648998260498,0.09027999639511108,1.4287492156028747,0,0.43985534459352493,0.22151648998260498
4,25000,10,25,False,0.01,"(64,)",1,3,3,False,my_RL_experts,results_jan2021/results-CartPole-v1--BBC.csv,False,25,,,,0.01,0,50,50,128,False,True,,,False,False,,False,0,True,,,,,False,1,,False,0,,1,1,500.0,0.0,500.0,0.0,,BC,CartPole-v1,12500,"[0.1159232735311985, 0.44615218, 0.3358303, 0.29742154, 0.28023848, 0.26759973, 0.26524788, 0.25367785, 0.24992745, 0.25265518]",0,0.1099749282002449,6311,1.4005290269851685,7.992982864379883e-05,1.0,1.0,True,0,500,12500.0,296.64,39.92631212621571,0.24545204639434814,0.2478494942188263,0.09591999650001526,2.1104273080825804,0,0.05458212323395052,0.2478494942188263
