verbose,total_opt_steps,N_epoch,N_E_traj,add_history,learning_rate,H_dims,N_agg_iter,opt_seed,run_seed,linear,RL_expert_folder,results_path,FORWARD,N_ALICE_traj,kill_feats,density_ratio_feature_map,adversary_feature_map,learning_rate_BC,entropy_coeff,N_test_E_traj,N_test_rollout,batch_size,reinit_opt,record_intermediate,NN_mid_as_feats,N_FAIL_samps,render,render_final,switch_2_E_after,random_demos,RL_expert_exp_id,RL_expert_load_best,RL_expert_algo,T_max_all,T_max,model_reg_coeff,partial_obs,recent_samp_priority_exp,horizon_weight_offset_exp,pair_with_E,drop_first,adversary_t_bucket_size,recompute_adversary_freq,density_ratio_alpha,train_r_mean,train_r_std,test_r_mean,test_r_std,loss_function,alg,env_id,N_E_samp,epoch_losses,best_epoch_ind,entropy,num_switched,mean_abs_logit,min_abs_logit,w_max,w_min,final,iteration_num,horizon,w_ESS,reward,reward_std,loss_test,loss_train,class_test,runtime,best_ind,JS_div,hindsight_loss_train
4,100000,10,25,False,0.01,"(64,)",5,0,0,False,my_RL_experts,results_jan2021/results-Acrobot-v1--BBC.csv,False,25,,,,0.01,0,50,50,128,False,True,,,False,False,,False,0,True,,,,,False,1,,False,0,,1,1,-71.68,11.481184607870391,-78.36,14.316088851358808,,BC,Acrobot-v1,1817,"[0.284712227106831, 0.2457378, 0.22910139, 0.20046543, 0.17871514, 0.16753268, 0.15264787, 0.14864355, 0.14366537, 0.14044598]",9,0.05783325806260109,1691,4.109561443328857,0.0006292909383773804,1.0,1.0,False,0,200,1817.0000000000002,-83.0,13.25745073534124,0.3026679754257202,0.1288553774356842,0.08341734111309052,0.17868783473968505,0,0.0500448539796392,0.1288553774356842
4,200000,10,25,False,0.01,"(64,)",5,0,0,False,my_RL_experts,results_jan2021/results-Acrobot-v1--BBC.csv,False,25,,,,0.01,0,50,50,128,False,True,,,False,False,,False,0,True,,,,,False,1,,False,0,,1,1,-71.68,11.481184607870391,-78.36,14.316088851358808,,BC,Acrobot-v1,1817,"[0.12701306676921503, 0.1222004, 0.12569585, 0.11557443, 0.10997309, 0.10740591, 0.10313755, 0.11202511, 0.10386163, 0.105494805]",6,0.044408515095710754,30,5.603938102722168,0.009790226817131042,1.0,1.0,False,1,200,1817.0000000000002,-80.56,16.361124655719728,0.34944096207618713,0.09586960077285767,0.07535282522439957,0.36325652996699015,1,0.05728843195294009,0.09586960077285767
4,300000,10,25,False,0.01,"(64,)",5,0,0,False,my_RL_experts,results_jan2021/results-Acrobot-v1--BBC.csv,False,25,,,,0.01,0,50,50,128,False,True,,,False,False,,False,0,True,,,,,False,1,,False,0,,1,1,-71.68,11.481184607870391,-78.36,14.316088851358808,,BC,Acrobot-v1,1817,"[0.10028978988234862, 0.09838439, 0.10292304, 0.09735996, 0.09450753, 0.09022908, 0.08801884, 0.10195599, 0.09098341, 0.0946991]",6,0.03896033391356468,20,6.615311145782471,0.006296955049037933,1.0,1.0,False,2,200,1817.0000000000002,-84.0,21.91255347968374,0.39339059591293335,0.08570123463869095,0.06905242055654526,0.5569242278734843,2,0.05284714291101797,0.08570123463869095
4,400000,10,25,False,0.01,"(64,)",5,0,0,False,my_RL_experts,results_jan2021/results-Acrobot-v1--BBC.csv,False,25,,,,0.01,0,50,50,128,False,True,,,False,False,,False,0,True,,,,,False,1,,False,0,,1,1,-71.68,11.481184607870391,-78.36,14.316088851358808,,BC,Acrobot-v1,1817,"[0.08885273657006529, 0.08718753, 0.09235603, 0.08629447, 0.08444194, 0.080834664, 0.078624316, 0.097764224, 0.08261531, 0.086114995]",6,0.035540468990802765,9,7.5613932609558105,0.013312205672264099,1.0,1.0,False,3,200,1817.0000000000002,-81.76,12.060779410966772,0.43894368410110474,0.07933884859085083,0.0713205635547638,0.7391833980878194,3,0.048887597674318606,0.07933884859085083
4,500000,10,25,False,0.01,"(64,)",5,0,0,False,my_RL_experts,results_jan2021/results-Acrobot-v1--BBC.csv,False,25,,,,0.01,0,50,50,128,False,True,,,False,False,,False,0,True,,,,,False,1,,False,0,,1,1,-71.68,11.481184607870391,-78.36,14.316088851358808,,BC,Acrobot-v1,1817,"[0.08007742877223216, 0.0786854, 0.08496622, 0.07814348, 0.07627175, 0.07320452, 0.071940325, 0.09179482, 0.07617768, 0.08026243]",6,0.033045314252376556,13,8.383379936218262,0.009119763970375061,1.0,1.0,True,4,200,1817.0000000000002,-81.72,14.512119073381392,0.48273414373397827,0.07487549632787704,0.0713205635547638,0.9811159133911133,4,0.048887597674318606,0.07487549632787704
4,100000,10,25,True,0.01,"(64,)",5,0,0,False,my_RL_experts,results_jan2021/results-Acrobot-v1--BBC.csv,False,25,,,,0.01,0,50,50,128,False,True,,,False,False,,False,0,True,,,,,False,1,,False,0,,1,1,-71.68,11.481184607870391,-78.36,14.316088851358808,,BC+H,Acrobot-v1,1817,"[0.26725127440380814, 0.22162051, 0.20959498, 0.18107784, 0.16507249, 0.15503061, 0.14660396, 0.14962052, 0.1403624, 0.14355949]",8,0.0549442283809185,806,5.030836582183838,0.00895476434379816,1.0,1.0,False,0,200,1817.0000000000002,-83.36,18.061849296237636,0.31935009360313416,0.12805025279521942,0.08291330933570862,0.1845081647237142,0,0.11397718451917171,0.12805025279521942
4,200000,10,25,True,0.01,"(64,)",5,0,0,False,my_RL_experts,results_jan2021/results-Acrobot-v1--BBC.csv,False,25,,,,0.01,0,50,50,128,False,True,,,False,False,,False,0,True,,,,,False,1,,False,0,,1,1,-71.68,11.481184607870391,-78.36,14.316088851358808,,BC+H,Acrobot-v1,1817,"[0.12836595405734835, 0.12741856, 0.13491502, 0.11959741, 0.11428613, 0.111579046, 0.10856521, 0.115661874, 0.110046774, 0.11175759]",6,0.04555869475007057,21,6.216813564300537,0.003906644880771637,1.0,1.0,False,1,200,1817.0000000000002,-85.16,34.567823188624416,0.372280091047287,0.10190563648939133,0.08089717477560043,0.3754335840543111,1,0.10001696646213531,0.10190563648939133
4,300000,10,25,True,0.01,"(64,)",5,0,0,False,my_RL_experts,results_jan2021/results-Acrobot-v1--BBC.csv,False,25,,,,0.01,0,50,50,128,False,True,,,False,False,,False,0,True,,,,,False,1,,False,0,,1,1,-71.68,11.481184607870391,-78.36,14.316088851358808,,BC+H,Acrobot-v1,1817,"[0.10285503558144561, 0.10611095, 0.1071214, 0.098956175, 0.096350655, 0.09359459, 0.09167477, 0.10045358, 0.09286913, 0.09942679]",6,0.040488723665475845,19,7.078688621520996,0.003632470965385437,1.0,1.0,False,2,200,1817.0000000000002,-81.84,18.145368555088652,0.4200311303138733,0.09368955343961716,0.07610887289047241,0.5662726600964864,2,0.08171570301055908,0.09368955343961716
4,400000,10,25,True,0.01,"(64,)",5,0,0,False,my_RL_experts,results_jan2021/results-Acrobot-v1--BBC.csv,False,25,,,,0.01,0,50,50,128,False,True,,,False,False,,False,0,True,,,,,False,1,,False,0,,1,1,-71.68,11.481184607870391,-78.36,14.316088851358808,,BC+H,Acrobot-v1,1817,"[0.09016566407085272, 0.09508676, 0.091213524, 0.08872095, 0.08313402, 0.08106915, 0.08005633, 0.091657214, 0.07971678, 0.08717596]",8,0.03622695431113243,18,7.861654281616211,0.003751815762370825,1.0,1.0,False,3,200,1817.0000000000002,-84.36,21.939699177518364,0.4724610447883606,0.08271347731351852,0.07686492055654526,0.7609893441200256,3,0.08718859404325485,0.08271347731351852
4,500000,10,25,True,0.01,"(64,)",5,0,0,False,my_RL_experts,results_jan2021/results-Acrobot-v1--BBC.csv,False,25,,,,0.01,0,50,50,128,False,True,,,False,False,,False,0,True,,,,,False,1,,False,0,,1,1,-71.68,11.481184607870391,-78.36,14.316088851358808,,BC+H,Acrobot-v1,1817,"[0.07899358147092142, 0.08305348, 0.0810064, 0.07935884, 0.07281317, 0.07111234, 0.07159014, 0.08366008, 0.07438827, 0.0774317]",5,0.03296564146876335,10,8.442811012268066,0.012914985418319702,1.0,1.0,True,4,200,1817.0000000000002,-81.46,17.998011001218995,0.5209049582481384,0.07249835878610611,0.07610887289047241,1.0073081970214843,4,0.08718859404325485,0.07249835878610611
4,100000,10,25,False,0.01,"(64,)",5,1,1,False,my_RL_experts,results_jan2021/results-Acrobot-v1--BBC.csv,False,25,,,,0.01,0,50,50,128,False,True,,,False,False,,False,0,True,,,,,False,1,,False,0,,1,1,-71.68,11.481184607870391,-78.36,14.316088851358808,,BC,Acrobot-v1,1817,"[0.27726115573508553, 0.23398057, 0.20964436, 0.18733339, 0.17874843, 0.16803983, 0.15310223, 0.14858584, 0.13823673, 0.13580066]",9,0.05959839001297951,1094,3.939788579940796,0.0019797533750534058,1.0,1.0,False,0,200,1817.0000000000002,-76.88,21.795999632960175,0.3395337164402008,0.13386082649230957,0.09097782522439957,0.16881246566772462,0,0.0979355835204061,0.13386082649230957
4,200000,10,25,False,0.01,"(64,)",5,1,1,False,my_RL_experts,results_jan2021/results-Acrobot-v1--BBC.csv,False,25,,,,0.01,0,50,50,128,False,True,,,False,False,,False,0,True,,,,,False,1,,False,0,,1,1,-71.68,11.481184607870391,-78.36,14.316088851358808,,BC,Acrobot-v1,1817,"[0.12543033971890513, 0.116811946, 0.11809854, 0.11118631, 0.10707761, 0.11301876, 0.10170815, 0.11742512, 0.09939674, 0.101407275]",8,0.04557054862380028,32,4.733584880828857,0.00452655553817749,1.0,1.0,False,1,200,1817.0000000000002,-72.44,11.132223497576755,0.3753570318222046,0.10055375844240189,0.08291330933570862,0.3405824979146322,1,0.044242889149766165,0.10055375844240189
4,300000,10,25,False,0.01,"(64,)",5,1,1,False,my_RL_experts,results_jan2021/results-Acrobot-v1--BBC.csv,False,25,,,,0.01,0,50,50,128,False,True,,,False,False,,False,0,True,,,,,False,1,,False,0,,1,1,-71.68,11.481184607870391,-78.36,14.316088851358808,,BC,Acrobot-v1,1817,"[0.09632178829646472, 0.092756286, 0.09627451, 0.090915486, 0.0889814, 0.096829794, 0.08666607, 0.10155939, 0.088789135, 0.08951355]",6,0.039311930537223816,18,5.199210166931152,0.001848652958869934,1.0,1.0,False,2,200,1817.0000000000002,-74.76,11.727847202278856,0.4775938093662262,0.08966182917356491,0.08240927755832672,0.5090608278910319,2,0.024894035734142728,0.08966182917356491
4,400000,10,25,False,0.01,"(64,)",5,1,1,False,my_RL_experts,results_jan2021/results-Acrobot-v1--BBC.csv,False,25,,,,0.01,0,50,50,128,False,True,,,False,False,,False,0,True,,,,,False,1,,False,0,,1,1,-71.68,11.481184607870391,-78.36,14.316088851358808,,BC,Acrobot-v1,1817,"[0.08509042210896595, 0.08167748, 0.08604274, 0.08060999, 0.079658605, 0.0891339, 0.078951426, 0.0847676, 0.07967696, 0.07999536]",6,0.03551875799894333,11,5.4870476722717285,0.0013222917914390564,1.0,1.0,False,3,200,1817.0000000000002,-72.88,13.070026778855505,0.5588653087615967,0.08226513862609863,0.08215726166963577,0.6804454406102498,3,0.026220618766459786,0.08226513862609863
4,500000,10,25,False,0.01,"(64,)",5,1,1,False,my_RL_experts,results_jan2021/results-Acrobot-v1--BBC.csv,False,25,,,,0.01,0,50,50,128,False,True,,,False,False,,False,0,True,,,,,False,1,,False,0,,1,1,-71.68,11.481184607870391,-78.36,14.316088851358808,,BC,Acrobot-v1,1817,"[0.07591653776333689, 0.07275297, 0.07627651, 0.07334165, 0.07207859, 0.08093738, 0.072487466, 0.07666342, 0.07287864, 0.073339745]",4,0.032620709389448166,13,5.778896808624268,0.002356894314289093,1.0,1.0,True,4,200,1817.0000000000002,-76.0,14.109571219565817,0.6241105794906616,0.07706566900014877,0.08014112710952759,0.9033892591794331,4,0.026220618766459786,0.07706566900014877
4,100000,10,25,True,0.01,"(64,)",5,1,1,False,my_RL_experts,results_jan2021/results-Acrobot-v1--BBC.csv,False,25,,,,0.01,0,50,50,128,False,True,,,False,False,,False,0,True,,,,,False,1,,False,0,,1,1,-71.68,11.481184607870391,-78.36,14.316088851358808,,BC+H,Acrobot-v1,1817,"[0.2734949577677424, 0.22658682, 0.1998217, 0.17791459, 0.1668577, 0.15767315, 0.15233314, 0.13866228, 0.13415007, 0.13152134]",9,0.05641179904341698,1276,4.344088554382324,0.0030647991225123405,1.0,1.0,False,0,200,1817.0000000000002,-164.16,168.715305766845,0.34371688961982727,0.12969939410686493,0.09072580933570862,0.23696556488672893,0,0.5697080940008163,0.12969939410686493
4,200000,10,25,True,0.01,"(64,)",5,1,1,False,my_RL_experts,results_jan2021/results-Acrobot-v1--BBC.csv,False,25,,,,0.01,0,50,50,128,False,True,,,False,False,,False,0,True,,,,,False,1,,False,0,,1,1,-71.68,11.481184607870391,-78.36,14.316088851358808,,BC+H,Acrobot-v1,1817,"[0.11986597570352739, 0.12228871, 0.11515359, 0.109874725, 0.10805526, 0.11273949, 0.11296268, 0.10488243, 0.10118196, 0.10307424]",8,0.044017188251018524,34,5.653679370880127,0.000577881932258606,1.0,1.0,False,1,200,1817.0000000000002,-74.0,16.975276139138355,0.3963196277618408,0.10018900781869888,0.08291330933570862,0.4186758001645406,1,0.23290349915623665,0.10018900781869888
4,300000,10,25,True,0.01,"(64,)",5,1,1,False,my_RL_experts,results_jan2021/results-Acrobot-v1--BBC.csv,False,25,,,,0.01,0,50,50,128,False,True,,,False,False,,False,0,True,,,,,False,1,,False,0,,1,1,-71.68,11.481184607870391,-78.36,14.316088851358808,,BC+H,Acrobot-v1,1817,"[0.09641718366540152, 0.100148425, 0.09359971, 0.09130957, 0.092000745, 0.0954922, 0.10072507, 0.08814561, 0.08656906, 0.09084798]",8,0.0391085147857666,18,6.3219828605651855,0.011522344313561916,1.0,1.0,False,2,200,1817.0000000000002,-79.56,10.789179764931161,0.43139100074768066,0.08687936514616013,0.08014112710952759,0.6023622274398803,2,0.1298773307353258,0.08687936514616013
4,400000,10,25,True,0.01,"(64,)",5,1,1,False,my_RL_experts,results_jan2021/results-Acrobot-v1--BBC.csv,False,25,,,,0.01,0,50,50,128,False,True,,,False,False,,False,0,True,,,,,False,1,,False,0,,1,1,-71.68,11.481184607870391,-78.36,14.316088851358808,,BC+H,Acrobot-v1,1817,"[0.08324655583856336, 0.0868597, 0.081644654, 0.080306254, 0.08091235, 0.082827635, 0.09168001, 0.07706342, 0.07508745, 0.08087433]",8,0.03564698249101639,16,6.618785858154297,0.00028298795223236084,1.0,1.0,False,3,200,1817.0000000000002,-82.76,18.95105274120675,0.47256389260292053,0.07628031075000763,0.08215726166963577,0.7906082352002461,3,0.0836221007630229,0.07628031075000763
4,500000,10,25,True,0.01,"(64,)",5,1,1,False,my_RL_experts,results_jan2021/results-Acrobot-v1--BBC.csv,False,25,,,,0.01,0,50,50,128,False,True,,,False,False,,False,0,True,,,,,False,1,,False,0,,1,1,-71.68,11.481184607870391,-78.36,14.316088851358808,,BC+H,Acrobot-v1,1817,"[0.072318639489532, 0.07704555, 0.073326536, 0.071197055, 0.07111171, 0.07444163, 0.0815538, 0.0682817, 0.06573805, 0.07239507]",8,0.03110017441213131,28,7.117554187774658,0.000784747302532196,1.0,1.0,True,4,200,1817.0000000000002,-80.52,15.583632439197224,0.5002824068069458,0.06193861737847328,0.0791330635547638,1.0242214759190877,4,0.0836221007630229,0.06193861737847328
4,100000,10,25,False,0.01,"(64,)",5,2,2,False,my_RL_experts,results_jan2021/results-Acrobot-v1--BBC.csv,False,25,,,,0.01,0,50,50,128,False,True,,,False,False,,False,0,True,,,,,False,1,,False,0,,1,1,-71.68,11.481184607870391,-78.36,14.316088851358808,,BC,Acrobot-v1,1817,"[0.2706327583281591, 0.22104548, 0.19193155, 0.18183377, 0.16095263, 0.15810391, 0.15317792, 0.14638764, 0.14322999, 0.13225138]",9,0.054719477891922,459,4.8013129234313965,0.0004532933235168457,1.0,1.0,False,0,200,1817.0000000000002,-88.64,28.73169678247353,0.3241288959980011,0.127846822142601,0.08669354766607285,0.17621573209762573,0,0.018454394912744934,0.127846822142601
4,200000,10,25,False,0.01,"(64,)",5,2,2,False,my_RL_experts,results_jan2021/results-Acrobot-v1--BBC.csv,False,25,,,,0.01,0,50,50,128,False,True,,,False,False,,False,0,True,,,,,False,1,,False,0,,1,1,-71.68,11.481184607870391,-78.36,14.316088851358808,,BC,Acrobot-v1,1817,"[0.12438249112785768, 0.122001424, 0.12019406, 0.12509699, 0.11599129, 0.1177899, 0.11881475, 0.11167578, 0.118345715, 0.107737996]",9,0.04432537034153938,25,5.788829326629639,0.00010186061263084412,1.0,1.0,False,1,200,1817.0000000000002,-73.8,13.145341380123988,0.35785621404647827,0.1000642478466034,0.07938507944345474,0.34335803190867104,1,0.01915569841154839,0.1000642478466034
4,300000,10,25,False,0.01,"(64,)",5,2,2,False,my_RL_experts,results_jan2021/results-Acrobot-v1--BBC.csv,False,25,,,,0.01,0,50,50,128,False,True,,,False,False,,False,0,True,,,,,False,1,,False,0,,1,1,-71.68,11.481184607870391,-78.36,14.316088851358808,,BC,Acrobot-v1,1817,"[0.10026595027277901, 0.10271218, 0.10008884, 0.10585132, 0.09874748, 0.10096772, 0.10188379, 0.09593546, 0.10056696, 0.09057759]",9,0.03812329098582268,14,6.459732532501221,0.00826871395111084,1.0,1.0,False,2,200,1817.0000000000002,-75.36,13.050302678482213,0.39167729020118713,0.08535989373922348,0.07585685700178146,0.5096778829892477,2,0.015919510726688513,0.08535989373922348
4,400000,10,25,False,0.01,"(64,)",5,2,2,False,my_RL_experts,results_jan2021/results-Acrobot-v1--BBC.csv,False,25,,,,0.01,0,50,50,128,False,True,,,False,False,,False,0,True,,,,,False,1,,False,0,,1,1,-71.68,11.481184607870391,-78.36,14.316088851358808,,BC,Acrobot-v1,1817,"[0.08579643008726273, 0.08919989, 0.08714312, 0.09097156, 0.08707333, 0.089087665, 0.09263452, 0.08476907, 0.08947577, 0.08028639]",9,0.03428516536951065,10,7.184659957885742,0.00404772162437439,1.0,1.0,False,3,200,1817.0000000000002,-71.76,10.685616500698497,0.4322590231895447,0.07492424547672272,0.0771169364452362,0.6753824591636658,3,0.016461898820456566,0.07492424547672272
4,500000,10,25,False,0.01,"(64,)",5,2,2,False,my_RL_experts,results_jan2021/results-Acrobot-v1--BBC.csv,False,25,,,,0.01,0,50,50,128,False,True,,,False,False,,False,0,True,,,,,False,1,,False,0,,1,1,-71.68,11.481184607870391,-78.36,14.316088851358808,,BC,Acrobot-v1,1817,"[0.07662671821375577, 0.08019081, 0.07820506, 0.08181711, 0.08094637, 0.08192355, 0.08568385, 0.07597747, 0.08136561, 0.07322221]",9,0.031658705323934555,8,7.811305046081543,0.007593035697937012,1.0,1.0,True,4,200,1817.0000000000002,-73.8,11.612062693595828,0.4773637652397156,0.06761277467012405,0.0771169364452362,0.8854600667953492,4,0.016461898820456566,0.06761277467012405
4,100000,10,25,True,0.01,"(64,)",5,2,2,False,my_RL_experts,results_jan2021/results-Acrobot-v1--BBC.csv,False,25,,,,0.01,0,50,50,128,False,True,,,False,False,,False,0,True,,,,,False,1,,False,0,,1,1,-71.68,11.481184607870391,-78.36,14.316088851358808,,BC+H,Acrobot-v1,1817,"[0.2796053034927936, 0.23589025, 0.21201742, 0.19769695, 0.17344432, 0.1658556, 0.15942, 0.15136759, 0.15212058, 0.13887653]",9,0.05689031258225441,1237,4.7304463386535645,0.0015162061899900436,1.0,1.0,False,0,200,1817.0000000000002,-245.88,207.73758831756953,0.33182674646377563,0.1369108110666275,0.09148185700178146,0.2867715438206991,0,1.6874263435602188,0.1369108110666275
4,200000,10,25,True,0.01,"(64,)",5,2,2,False,my_RL_experts,results_jan2021/results-Acrobot-v1--BBC.csv,False,25,,,,0.01,0,50,50,128,False,True,,,False,False,,False,0,True,,,,,False,1,,False,0,,1,1,-71.68,11.481184607870391,-78.36,14.316088851358808,,BC+H,Acrobot-v1,1817,"[0.12715704153388743, 0.12323429, 0.12474311, 0.12529469, 0.11504225, 0.11478092, 0.1180609, 0.11108885, 0.11994892, 0.10513596]",9,0.0431428961455822,29,6.064065456390381,0.0013575120829045773,1.0,1.0,False,1,200,1817.0000000000002,-73.0,10.658330075579382,0.3634939193725586,0.09835811704397202,0.0771169364452362,0.46524572372436523,1,0.6678562089800835,0.09835811704397202
4,300000,10,25,True,0.01,"(64,)",5,2,2,False,my_RL_experts,results_jan2021/results-Acrobot-v1--BBC.csv,False,25,,,,0.01,0,50,50,128,False,True,,,False,False,,False,0,True,,,,,False,1,,False,0,,1,1,-71.68,11.481184607870391,-78.36,14.316088851358808,,BC+H,Acrobot-v1,1817,"[0.09704170500647576, 0.10040555, 0.10502966, 0.10277146, 0.09530533, 0.09777081, 0.10191992, 0.092373066, 0.103479415, 0.08935741]",9,0.03682691603899002,18,6.917749881744385,0.00020757876336574554,1.0,1.0,False,2,200,1817.0000000000002,-77.76,14.838544403006651,0.4176805913448334,0.08372107148170471,0.07686492055654526,0.6466896017392476,2,0.3570542335510254,0.08372107148170471
4,400000,10,25,True,0.01,"(64,)",5,2,2,False,my_RL_experts,results_jan2021/results-Acrobot-v1--BBC.csv,False,25,,,,0.01,0,50,50,128,False,True,,,False,False,,False,0,True,,,,,False,1,,False,0,,1,1,-71.68,11.481184607870391,-78.36,14.316088851358808,,BC+H,Acrobot-v1,1817,"[0.08403479513547368, 0.08840892, 0.09121746, 0.08911894, 0.08449974, 0.08608426, 0.09401005, 0.08204435, 0.09425927, 0.07943222]",9,0.03316282480955124,12,7.499032974243164,0.00045266561210155487,1.0,1.0,False,3,200,1817.0000000000002,-75.52,15.333936220031697,0.46656325459480286,0.07511290162801743,0.07888104766607285,0.8255601684252422,3,0.22803271934390068,0.07511290162801743
4,500000,10,25,True,0.01,"(64,)",5,2,2,False,my_RL_experts,results_jan2021/results-Acrobot-v1--BBC.csv,False,25,,,,0.01,0,50,50,128,False,True,,,False,False,,False,0,True,,,,,False,1,,False,0,,1,1,-71.68,11.481184607870391,-78.36,14.316088851358808,,BC+H,Acrobot-v1,1817,"[0.07754496593701579, 0.07906443, 0.0851216, 0.078853376, 0.07803687, 0.08020073, 0.085441634, 0.07530951, 0.08460768, 0.07252053]",9,0.030636776238679886,10,7.929539203643799,0.008206754922866821,1.0,1.0,True,4,200,1817.0000000000002,-74.68,12.63081945085116,0.5151118636131287,0.06754233688116074,0.08089717477560043,1.0560218175252278,4,0.22803271934390068,0.06754233688116074
4,100000,10,25,False,0.01,"(64,)",5,3,3,False,my_RL_experts,results_jan2021/results-Acrobot-v1--BBC.csv,False,25,,,,0.01,0,50,50,128,False,True,,,False,False,,False,0,True,,,,,False,1,,False,0,,1,1,-71.68,11.481184607870391,-78.36,14.316088851358808,,BC,Acrobot-v1,1817,"[0.28220263932960227, 0.24636357, 0.21348317, 0.19360669, 0.17719588, 0.16219164, 0.1600284, 0.16405813, 0.1437327, 0.14252757]",9,0.055299822241067886,998,6.130061626434326,0.0016552116721868515,1.0,1.0,False,0,200,1817.0000000000002,-78.96,11.350700418916887,0.32900717854499817,0.1303718388080597,0.08770161122083664,0.17289514541625978,0,0.051487105235516153,0.1303718388080597
4,200000,10,25,False,0.01,"(64,)",5,3,3,False,my_RL_experts,results_jan2021/results-Acrobot-v1--BBC.csv,False,25,,,,0.01,0,50,50,128,False,True,,,False,False,,False,0,True,,,,,False,1,,False,0,,1,1,-71.68,11.481184607870391,-78.36,14.316088851358808,,BC,Acrobot-v1,1817,"[0.12968959403300345, 0.13161446, 0.1195824, 0.12874536, 0.11631182, 0.1093731, 0.12343707, 0.12994392, 0.10189821, 0.10740713]",8,0.04252452403306961,27,7.775779724121094,0.0066201575100421906,1.0,1.0,False,1,200,1817.0000000000002,-82.52,20.76558691681986,0.3859976828098297,0.09609018266201019,0.08014112710952759,0.34859896898269654,1,0.06486543354288071,0.09609018266201019
4,300000,10,25,False,0.01,"(64,)",5,3,3,False,my_RL_experts,results_jan2021/results-Acrobot-v1--BBC.csv,False,25,,,,0.01,0,50,50,128,False,True,,,False,False,,False,0,True,,,,,False,1,,False,0,,1,1,-71.68,11.481184607870391,-78.36,14.316088851358808,,BC,Acrobot-v1,1817,"[0.10003803527689505, 0.10359986, 0.095163345, 0.1076483, 0.09758426, 0.09144644, 0.10594252, 0.118012615, 0.08664247, 0.095188364]",8,0.037394195795059204,18,8.808274269104004,0.009293854236602783,1.0,1.0,False,2,200,1817.0000000000002,-79.96,13.524732899395833,0.44728943705558777,0.08297733217477798,0.07736895233392715,0.5191558003425598,2,0.058158412756491834,0.08297733217477798
4,400000,10,25,False,0.01,"(64,)",5,3,3,False,my_RL_experts,results_jan2021/results-Acrobot-v1--BBC.csv,False,25,,,,0.01,0,50,50,128,False,True,,,False,False,,False,0,True,,,,,False,1,,False,0,,1,1,-71.68,11.481184607870391,-78.36,14.316088851358808,,BC,Acrobot-v1,1817,"[0.08784767833372634, 0.09258916, 0.0846171, 0.09465325, 0.09009985, 0.082512796, 0.093280286, 0.10660788, 0.078563936, 0.08813412]",8,0.03398257493972778,8,9.4728364944458,0.007219269871711731,1.0,1.0,False,3,200,1817.0000000000002,-77.8,12.702755606560334,0.49663758277893066,0.07448682188987732,0.07736895233392715,0.6937473853429158,3,0.05295462223714996,0.07448682188987732
4,500000,10,25,False,0.01,"(64,)",5,3,3,False,my_RL_experts,results_jan2021/results-Acrobot-v1--BBC.csv,False,25,,,,0.01,0,50,50,128,False,True,,,False,False,,False,0,True,,,,,False,1,,False,0,,1,1,-71.68,11.481184607870391,-78.36,14.316088851358808,,BC,Acrobot-v1,1817,"[0.0798395093116958, 0.083082825, 0.076640554, 0.0856211, 0.08347352, 0.07384859, 0.08304194, 0.09191702, 0.069506824, 0.082844086]",8,0.03120749071240425,12,9.892461776733398,0.009553760290145874,1.0,1.0,True,4,200,1817.0000000000002,-83.94,13.232399631208242,0.5418031811714172,0.06773494184017181,0.07434476166963577,0.9252466003100077,4,0.05295462223714996,0.06773494184017181
4,100000,10,25,True,0.01,"(64,)",5,3,3,False,my_RL_experts,results_jan2021/results-Acrobot-v1--BBC.csv,False,25,,,,0.01,0,50,50,128,False,True,,,False,False,,False,0,True,,,,,False,1,,False,0,,1,1,-71.68,11.481184607870391,-78.36,14.316088851358808,,BC+H,Acrobot-v1,1817,"[0.2665166682008565, 0.22531869, 0.19877265, 0.18811916, 0.17208616, 0.16085008, 0.15287496, 0.14842387, 0.13881558, 0.13369782]",9,0.05565408617258072,1014,4.601856708526611,0.005838178098201752,1.0,1.0,False,0,200,1817.0000000000002,-133.92,136.04937927091032,0.31683066487312317,0.12370948493480682,0.09022177755832672,0.2099451502164205,0,0.21735263988375664,0.12370948493480682
4,200000,10,25,True,0.01,"(64,)",5,3,3,False,my_RL_experts,results_jan2021/results-Acrobot-v1--BBC.csv,False,25,,,,0.01,0,50,50,128,False,True,,,False,False,,False,0,True,,,,,False,1,,False,0,,1,1,-71.68,11.481184607870391,-78.36,14.316088851358808,,BC+H,Acrobot-v1,1817,"[0.12879103066910033, 0.12475428, 0.1179737, 0.14401345, 0.11816617, 0.11060877, 0.11287221, 0.11767808, 0.10242811, 0.10449002]",8,0.04452260211110115,22,6.207626819610596,0.0018485719338059425,1.0,1.0,False,1,200,1817.0000000000002,-81.96,16.12818650685811,0.3802264332771301,0.09551282972097397,0.08568548411130905,0.390979798634847,1,0.07030654512345791,0.09551282972097397
4,300000,10,25,True,0.01,"(64,)",5,3,3,False,my_RL_experts,results_jan2021/results-Acrobot-v1--BBC.csv,False,25,,,,0.01,0,50,50,128,False,True,,,False,False,,False,0,True,,,,,False,1,,False,0,,1,1,-71.68,11.481184607870391,-78.36,14.316088851358808,,BC+H,Acrobot-v1,1817,"[0.10562252135078735, 0.10331834, 0.096347585, 0.112943456, 0.10187664, 0.09321368, 0.09820703, 0.0999207, 0.08916149, 0.09100936]",8,0.0388626903295517,20,7.069602966308594,0.0023478493094444275,1.0,1.0,False,2,200,1817.0000000000002,-77.6,11.852425912023243,0.4313275218009949,0.082318015396595,0.08064515888690948,0.5651419560114542,2,0.046406753128394485,0.082318015396595
4,400000,10,25,True,0.01,"(64,)",5,3,3,False,my_RL_experts,results_jan2021/results-Acrobot-v1--BBC.csv,False,25,,,,0.01,0,50,50,128,False,True,,,False,False,,False,0,True,,,,,False,1,,False,0,,1,1,-71.68,11.481184607870391,-78.36,14.316088851358808,,BC+H,Acrobot-v1,1817,"[0.09294031398253737, 0.090538956, 0.08428315, 0.09874603, 0.09091761, 0.08374413, 0.08898827, 0.08858168, 0.08143803, 0.08223303]",8,0.035139307379722595,11,7.613460540771484,0.007238149642944336,1.0,1.0,False,3,200,1817.0000000000002,-84.84,29.98757075856596,0.48231378197669983,0.07338299602270126,0.07988911122083664,0.7460077444712321,3,0.05378745589405298,0.07338299602270126
4,500000,10,25,True,0.01,"(64,)",5,3,3,False,my_RL_experts,results_jan2021/results-Acrobot-v1--BBC.csv,False,25,,,,0.01,0,50,50,128,False,True,,,False,False,,False,0,True,,,,,False,1,,False,0,,1,1,-71.68,11.481184607870391,-78.36,14.316088851358808,,BC+H,Acrobot-v1,1817,"[0.08372370502836476, 0.08172742, 0.07551984, 0.08861361, 0.08168291, 0.07512608, 0.07998957, 0.080380015, 0.073121175, 0.07512522]",8,0.03218037262558937,9,8.084454536437988,0.024631351232528687,1.0,1.0,True,4,200,1817.0000000000002,-80.66,11.865260216278445,0.5417503714561462,0.06612718105316162,0.0786290317773819,0.9724761247634888,4,0.05378745589405298,0.06612718105316162
4,100000,10,25,False,0.01,"(64,)",5,4,4,False,my_RL_experts,results_jan2021/results-Acrobot-v1--BBC.csv,False,25,,,,0.01,0,50,50,128,False,True,,,False,False,,False,0,True,,,,,False,1,,False,0,,1,1,-71.68,11.481184607870391,-78.36,14.316088851358808,,BC,Acrobot-v1,1817,"[0.2740366135842883, 0.24134889, 0.21321614, 0.19510818, 0.17674844, 0.16186531, 0.15857461, 0.14597064, 0.13863893, 0.13109815]",9,0.055239930748939514,455,4.606340408325195,0.006037105340510607,1.0,1.0,False,0,200,1817.0000000000002,-75.4,11.443775600735973,0.3348354697227478,0.12324832379817963,0.08719757944345474,0.161971910794576,0,0.04804628549958579,0.12324832379817963
4,200000,10,25,False,0.01,"(64,)",5,4,4,False,my_RL_experts,results_jan2021/results-Acrobot-v1--BBC.csv,False,25,,,,0.01,0,50,50,128,False,True,,,False,False,,False,0,True,,,,,False,1,,False,0,,1,1,-71.68,11.481184607870391,-78.36,14.316088851358808,,BC,Acrobot-v1,1817,"[0.12746377187437083, 0.12204591, 0.123067416, 0.12074513, 0.114002846, 0.11104607, 0.11605573, 0.10938881, 0.102631554, 0.10204301]",9,0.044831532984972,39,5.768084526062012,0.0008375979959964752,1.0,1.0,False,1,200,1817.0000000000002,-74.64,8.997244022477105,0.3869475722312927,0.09593091160058975,0.0791330635547638,0.32810149987538656,1,0.03961006397406862,0.09593091160058975
4,300000,10,25,False,0.01,"(64,)",5,4,4,False,my_RL_experts,results_jan2021/results-Acrobot-v1--BBC.csv,False,25,,,,0.01,0,50,50,128,False,True,,,False,False,,False,0,True,,,,,False,1,,False,0,,1,1,-71.68,11.481184607870391,-78.36,14.316088851358808,,BC,Acrobot-v1,1817,"[0.10239962670096012, 0.1005157, 0.10327173, 0.10075955, 0.09657719, 0.09289789, 0.09892247, 0.0963707, 0.08686236, 0.08823927]",8,0.0393177755177021,16,6.505924224853516,0.0012405142188072205,1.0,1.0,False,2,200,1817.0000000000002,-77.72,12.084767271238615,0.434963196516037,0.08247719705104828,0.07484879344701767,0.49358749787012735,2,0.039193629204751466,0.08247719705104828
4,400000,10,25,False,0.01,"(64,)",5,4,4,False,my_RL_experts,results_jan2021/results-Acrobot-v1--BBC.csv,False,25,,,,0.01,0,50,50,128,False,True,,,False,False,,False,0,True,,,,,False,1,,False,0,,1,1,-71.68,11.481184607870391,-78.36,14.316088851358808,,BC,Acrobot-v1,1817,"[0.09268700682904785, 0.087983176, 0.09144274, 0.09030233, 0.08524974, 0.08283163, 0.089119054, 0.08878548, 0.07672621, 0.07911516]",8,0.03577037155628204,6,7.132436275482178,0.021099083125591278,1.0,1.0,False,3,200,1817.0000000000002,-85.6,12.921300244170476,0.47971823811531067,0.07302772253751755,0.07182459533214569,0.6745286027590434,3,0.030733183497028582,0.07302772253751755
4,500000,10,25,False,0.01,"(64,)",5,4,4,False,my_RL_experts,results_jan2021/results-Acrobot-v1--BBC.csv,False,25,,,,0.01,0,50,50,128,False,True,,,False,False,,False,0,True,,,,,False,1,,False,0,,1,1,-71.68,11.481184607870391,-78.36,14.316088851358808,,BC,Acrobot-v1,1817,"[0.08403999273248705, 0.08310199, 0.082823046, 0.08473752, 0.077981874, 0.07551959, 0.082115516, 0.08182471, 0.0688231, 0.07180189]",8,0.033260002732276917,13,7.695398330688477,0.007778111845254898,1.0,1.0,True,4,200,1817.0000000000002,-76.52,13.904301492703615,0.5224430561065674,0.06599531322717667,0.07106854766607285,0.8974849422772725,4,0.030733183497028582,0.06599531322717667
4,100000,10,25,True,0.01,"(64,)",5,4,4,False,my_RL_experts,results_jan2021/results-Acrobot-v1--BBC.csv,False,25,,,,0.01,0,50,50,128,False,True,,,False,False,,False,0,True,,,,,False,1,,False,0,,1,1,-71.68,11.481184607870391,-78.36,14.316088851358808,,BC+H,Acrobot-v1,1817,"[0.2765606747963112, 0.2360783, 0.20986806, 0.19604363, 0.17815669, 0.16793464, 0.16464251, 0.14908907, 0.14704725, 0.13729425]",9,0.05696960911154747,1253,4.0478105545043945,0.012033075094223022,1.0,1.0,False,0,200,1817.0000000000002,-149.92,155.2960836595695,0.3075529932975769,0.12877675890922546,0.08770161122083664,0.22976047197977703,0,0.45854461565613747,0.12877675890922546
4,200000,10,25,True,0.01,"(64,)",5,4,4,False,my_RL_experts,results_jan2021/results-Acrobot-v1--BBC.csv,False,25,,,,0.01,0,50,50,128,False,True,,,False,False,,False,0,True,,,,,False,1,,False,0,,1,1,-71.68,11.481184607870391,-78.36,14.316088851358808,,BC+H,Acrobot-v1,1817,"[0.13617968171957281, 0.1319706, 0.1287373, 0.13127543, 0.11775381, 0.11574867, 0.1282963, 0.11130807, 0.10683291, 0.10466307]",9,0.04599521681666374,37,5.274470806121826,0.004244089126586914,1.0,1.0,False,1,200,1817.0000000000002,-96.44,79.43051302868439,0.3281306028366089,0.09740997850894928,0.07837701588869095,0.4291117787361145,1,0.21452820301055908,0.09740997850894928
4,300000,10,25,True,0.01,"(64,)",5,4,4,False,my_RL_experts,results_jan2021/results-Acrobot-v1--BBC.csv,False,25,,,,0.01,0,50,50,128,False,True,,,False,False,,False,0,True,,,,,False,1,,False,0,,1,1,-71.68,11.481184607870391,-78.36,14.316088851358808,,BC+H,Acrobot-v1,1817,"[0.11248408608772117, 0.10545006, 0.10430511, 0.104871415, 0.09740613, 0.09515524, 0.1117908, 0.09533946, 0.08904116, 0.08956064]",8,0.040117472410202026,18,6.2462053298950195,0.005480166524648666,1.0,1.0,False,2,200,1817.0000000000002,-74.08,10.441915533081083,0.35736533999443054,0.08226442337036133,0.07459677755832672,0.6077739238739014,2,0.12966036796569824,0.08226442337036133
4,400000,10,25,True,0.01,"(64,)",5,4,4,False,my_RL_experts,results_jan2021/results-Acrobot-v1--BBC.csv,False,25,,,,0.01,0,50,50,128,False,True,,,False,False,,False,0,True,,,,,False,1,,False,0,,1,1,-71.68,11.481184607870391,-78.36,14.316088851358808,,BC+H,Acrobot-v1,1817,"[0.09850785105276878, 0.095413975, 0.092684336, 0.091229774, 0.0878653, 0.08280356, 0.09930319, 0.08571511, 0.07848627, 0.07936191]",8,0.036110926419496536,9,7.00181245803833,0.0006147772073745728,1.0,1.0,False,3,200,1817.0000000000002,-81.96,14.392998297783546,0.38891738653182983,0.07266683876514435,0.07182459533214569,0.7945793986320495,3,0.07943392731249332,0.07266683876514435
4,500000,10,25,True,0.01,"(64,)",5,4,4,False,my_RL_experts,results_jan2021/results-Acrobot-v1--BBC.csv,False,25,,,,0.01,0,50,50,128,False,True,,,False,False,,False,0,True,,,,,False,1,,False,0,,1,1,-71.68,11.481184607870391,-78.36,14.316088851358808,,BC+H,Acrobot-v1,1817,"[0.08634154309663433, 0.08974212, 0.08436812, 0.08123688, 0.08011664, 0.07371151, 0.08928067, 0.07797614, 0.07105951, 0.07106415]",8,0.03321108594536781,14,7.519586086273193,0.0011719521135091782,1.0,1.0,True,4,200,1817.0000000000002,-80.36,18.00528811210751,0.4192218780517578,0.06385927647352219,0.0708165317773819,1.0300891121228537,4,0.07943392731249332,0.06385927647352219
4,100000,10,25,False,0.01,"(64,)",5,5,5,False,my_RL_experts,results_jan2021/results-Acrobot-v1--BBC.csv,False,25,,,,0.01,0,50,50,128,False,True,,,False,False,,False,0,True,,,,,False,1,,False,0,,1,1,-71.68,11.481184607870391,-78.36,14.316088851358808,,BC,Acrobot-v1,1817,"[0.2804470162341298, 0.24438736, 0.21951793, 0.19994731, 0.1821165, 0.1749104, 0.15770397, 0.1457568, 0.14641757, 0.13938144]",9,0.05741981416940689,1415,5.186678886413574,0.013550564646720886,1.0,1.0,False,0,200,1817.0000000000002,-84.04,25.13719156946535,0.3055044710636139,0.1282506287097931,0.08719757944345474,0.17919013500213624,0,0.09181036743151783,0.1282506287097931
4,200000,10,25,False,0.01,"(64,)",5,5,5,False,my_RL_experts,results_jan2021/results-Acrobot-v1--BBC.csv,False,25,,,,0.01,0,50,50,128,False,True,,,False,False,,False,0,True,,,,,False,1,,False,0,,1,1,-71.68,11.481184607870391,-78.36,14.316088851358808,,BC,Acrobot-v1,1817,"[0.12432288017595787, 0.12642312, 0.11609613, 0.11900789, 0.10849162, 0.117554925, 0.11419893, 0.103248894, 0.10799707, 0.10682588]",7,0.044234197586774826,36,6.812610149383545,0.0013826638460159302,1.0,1.0,False,1,200,1817.0000000000002,-82.24,37.79659243900169,0.3586837947368622,0.09586295485496521,0.08064515888690948,0.3573055863380432,1,0.14674434055187605,0.09586295485496521
4,300000,10,25,False,0.01,"(64,)",5,5,5,False,my_RL_experts,results_jan2021/results-Acrobot-v1--BBC.csv,False,25,,,,0.01,0,50,50,128,False,True,,,False,False,,False,0,True,,,,,False,1,,False,0,,1,1,-71.68,11.481184607870391,-78.36,14.316088851358808,,BC,Acrobot-v1,1817,"[0.09957499512520591, 0.099793956, 0.095396146, 0.09945198, 0.09129561, 0.10082186, 0.09931507, 0.08975188, 0.09381425, 0.089500986]",9,0.038434676826000214,15,7.950405597686768,0.0035751014947891235,1.0,1.0,False,2,200,1817.0000000000002,-80.72,20.275147348416485,0.40713441371917725,0.08038798719644547,0.07535282522439957,0.5303612987200419,2,0.08304613656065227,0.08038798719644547
4,400000,10,25,False,0.01,"(64,)",5,5,5,False,my_RL_experts,results_jan2021/results-Acrobot-v1--BBC.csv,False,25,,,,0.01,0,50,50,128,False,True,,,False,False,,False,0,True,,,,,False,1,,False,0,,1,1,-71.68,11.481184607870391,-78.36,14.316088851358808,,BC,Acrobot-v1,1817,"[0.08629884699963589, 0.0906362, 0.08391351, 0.089276694, 0.08202361, 0.09104801, 0.09068151, 0.08253427, 0.08459506, 0.081150256]",9,0.03479743003845215,6,8.609017372131348,0.002154439687728882,1.0,1.0,False,3,200,1817.0000000000002,-78.6,14.786480311419618,0.4540815055370331,0.07063484191894531,0.07409273833036423,0.7049041390419006,3,0.07689160489714664,0.07063484191894531
4,500000,10,25,False,0.01,"(64,)",5,5,5,False,my_RL_experts,results_jan2021/results-Acrobot-v1--BBC.csv,False,25,,,,0.01,0,50,50,128,False,True,,,False,False,,False,0,True,,,,,False,1,,False,0,,1,1,-71.68,11.481184607870391,-78.36,14.316088851358808,,BC,Acrobot-v1,1817,"[0.07853154961317232, 0.08553295, 0.0757889, 0.08217035, 0.07464968, 0.08210865, 0.084967025, 0.07729504, 0.07698846, 0.07539284]",4,0.03254544734954834,8,9.104913711547852,0.0037469863891601562,1.0,1.0,True,4,200,1817.0000000000002,-77.68,15.427819029273062,0.502828061580658,0.06435456871986389,0.07358870655298233,0.9348671515782674,4,0.07689160489714664,0.06435456871986389
4,100000,10,25,True,0.01,"(64,)",5,5,5,False,my_RL_experts,results_jan2021/results-Acrobot-v1--BBC.csv,False,25,,,,0.01,0,50,50,128,False,True,,,False,False,,False,0,True,,,,,False,1,,False,0,,1,1,-71.68,11.481184607870391,-78.36,14.316088851358808,,BC+H,Acrobot-v1,1817,"[0.27559464118125, 0.239308, 0.21215041, 0.19741915, 0.17347816, 0.17103995, 0.15532789, 0.14661965, 0.15486997, 0.14919606]",7,0.05777805671095848,1514,5.219091415405273,0.0018776021897792816,1.0,1.0,False,0,200,1817.0000000000002,-82.52,12.139588131398856,0.34258005023002625,0.14234866201877594,0.08896169066429138,0.1797925074895223,0,0.030990472063422203,0.14234866201877594
4,200000,10,25,True,0.01,"(64,)",5,5,5,False,my_RL_experts,results_jan2021/results-Acrobot-v1--BBC.csv,False,25,,,,0.01,0,50,50,128,False,True,,,False,False,,False,0,True,,,,,False,1,,False,0,,1,1,-71.68,11.481184607870391,-78.36,14.316088851358808,,BC+H,Acrobot-v1,1817,"[0.12460987339760513, 0.13506661, 0.1146678, 0.11978181, 0.10516873, 0.11209234, 0.10769509, 0.10163445, 0.11025025, 0.100992136]",9,0.043356917798519135,44,7.349998474121094,0.027182448655366898,1.0,1.0,False,1,200,1817.0000000000002,-77.84,13.107799205053455,0.4111309051513672,0.09084834158420563,0.0791330635547638,0.3539547801017761,1,0.02647588960826397,0.09084834158420563
4,300000,10,25,True,0.01,"(64,)",5,5,5,False,my_RL_experts,results_jan2021/results-Acrobot-v1--BBC.csv,False,25,,,,0.01,0,50,50,128,False,True,,,False,False,,False,0,True,,,,,False,1,,False,0,,1,1,-71.68,11.481184607870391,-78.36,14.316088851358808,,BC+H,Acrobot-v1,1817,"[0.09998084592777777, 0.09834997, 0.09173433, 0.09947637, 0.08725249, 0.092313014, 0.092445955, 0.08558342, 0.09345438, 0.086206585]",7,0.03766682744026184,13,8.846765518188477,0.012035336345434189,1.0,1.0,False,2,200,1817.0000000000002,-80.0,15.43243337908834,0.4886568486690521,0.07673922181129456,0.07535282522439957,0.5322070360183716,2,0.03182651288807392,0.07673922181129456
4,400000,10,25,True,0.01,"(64,)",5,5,5,False,my_RL_experts,results_jan2021/results-Acrobot-v1--BBC.csv,False,25,,,,0.01,0,50,50,128,False,True,,,False,False,,False,0,True,,,,,False,1,,False,0,,1,1,-71.68,11.481184607870391,-78.36,14.316088851358808,,BC+H,Acrobot-v1,1817,"[0.08813423729418865, 0.084191985, 0.08125162, 0.0944718, 0.07807785, 0.08227534, 0.08173898, 0.07603117, 0.0841093, 0.0774504]",7,0.03410177677869797,10,9.901658058166504,0.006772130727767944,1.0,1.0,False,3,200,1817.0000000000002,-78.48,12.677917810113772,0.5584825277328491,0.06811146438121796,0.07283265888690948,0.7132185856501262,3,0.03299437835812569,0.06811146438121796
4,500000,10,25,True,0.01,"(64,)",5,5,5,False,my_RL_experts,results_jan2021/results-Acrobot-v1--BBC.csv,False,25,,,,0.01,0,50,50,128,False,True,,,False,False,,False,0,True,,,,,False,1,,False,0,,1,1,-71.68,11.481184607870391,-78.36,14.316088851358808,,BC+H,Acrobot-v1,1817,"[0.07931190377044471, 0.075837426, 0.07409312, 0.07813358, 0.06927848, 0.073957965, 0.07673805, 0.071606, 0.07533957, 0.0694043]",4,0.031090084463357925,6,10.838817596435547,0.014939751476049423,1.0,1.0,True,4,200,1817.0000000000002,-81.5,12.96495275733776,0.6230006217956543,0.05998138338327408,0.07308467477560043,0.9441966931025187,4,0.03299437835812569,0.05998138338327408
4,100000,10,25,False,0.01,"(64,)",5,6,6,False,my_RL_experts,results_jan2021/results-Acrobot-v1--BBC.csv,False,25,,,,0.01,0,50,50,128,False,True,,,False,False,,False,0,True,,,,,False,1,,False,0,,1,1,-71.68,11.481184607870391,-78.36,14.316088851358808,,BC,Acrobot-v1,1817,"[0.27260701418923905, 0.2348481, 0.21547574, 0.20017654, 0.18314202, 0.17389587, 0.15883383, 0.14968729, 0.14594625, 0.1450837]",9,0.056157853454351425,962,4.516315460205078,0.005673572421073914,1.0,1.0,False,0,200,1817.0000000000002,-143.88,155.8605325282831,0.35207638144493103,0.14423641562461853,0.09526209533214569,0.2079794963200887,0,0.2767713456564658,0.14423641562461853
4,200000,10,25,False,0.01,"(64,)",5,6,6,False,my_RL_experts,results_jan2021/results-Acrobot-v1--BBC.csv,False,25,,,,0.01,0,50,50,128,False,True,,,False,False,,False,0,True,,,,,False,1,,False,0,,1,1,-71.68,11.481184607870391,-78.36,14.316088851358808,,BC,Acrobot-v1,1817,"[0.13876297134386353, 0.12500031, 0.12571815, 0.12919626, 0.1222337, 0.12799902, 0.11354209, 0.1131182, 0.114362024, 0.11560301]",7,0.045036520808935165,38,5.66185998916626,0.0011947974562644958,1.0,1.0,False,1,200,1817.0000000000002,-82.12,21.48733580507365,0.3776215612888336,0.10803204029798508,0.0864415317773819,0.3793113271395365,1,0.06899501844214506,0.10803204029798508
4,300000,10,25,False,0.01,"(64,)",5,6,6,False,my_RL_experts,results_jan2021/results-Acrobot-v1--BBC.csv,False,25,,,,0.01,0,50,50,128,False,True,,,False,False,,False,0,True,,,,,False,1,,False,0,,1,1,-71.68,11.481184607870391,-78.36,14.316088851358808,,BC,Acrobot-v1,1817,"[0.11240777216319825, 0.10182026, 0.10404198, 0.10955383, 0.10452021, 0.12058043, 0.09777834, 0.09871278, 0.10093273, 0.10234163]",6,0.03964652121067047,18,6.499865531921387,0.00023385509848594666,1.0,1.0,False,2,200,1817.0000000000002,-79.36,15.019667106830298,0.42001110315322876,0.09180524200201035,0.08215726166963577,0.5510916233062744,2,0.037388346449779286,0.09180524200201035
4,400000,10,25,False,0.01,"(64,)",5,6,6,False,my_RL_experts,results_jan2021/results-Acrobot-v1--BBC.csv,False,25,,,,0.01,0,50,50,128,False,True,,,False,False,,False,0,True,,,,,False,1,,False,0,,1,1,-71.68,11.481184607870391,-78.36,14.316088851358808,,BC,Acrobot-v1,1817,"[0.09991367681870522, 0.08967793, 0.09249277, 0.10062981, 0.09390298, 0.114750765, 0.08834498, 0.0889422, 0.092072725, 0.09219611]",6,0.03591546416282654,12,7.386202812194824,0.0036865323781967163,1.0,1.0,False,3,200,1817.0000000000002,-75.08,11.94293096354492,0.45817831158638,0.08166056871414185,0.08316532522439957,0.722721254825592,3,0.03113322892710116,0.08166056871414185
4,500000,10,25,False,0.01,"(64,)",5,6,6,False,my_RL_experts,results_jan2021/results-Acrobot-v1--BBC.csv,False,25,,,,0.01,0,50,50,128,False,True,,,False,False,,False,0,True,,,,,False,1,,False,0,,1,1,-71.68,11.481184607870391,-78.36,14.316088851358808,,BC,Acrobot-v1,1817,"[0.09075315731132423, 0.080798805, 0.08361857, 0.09295505, 0.08489711, 0.078147, 0.080005735, 0.08193309, 0.0878906, 0.08560507]",5,0.032853562384843826,7,8.17841911315918,0.005876705050468445,1.0,1.0,True,4,200,1817.0000000000002,-78.94,13.926104983088415,0.4967763423919678,0.0727912038564682,0.08215726166963577,0.9482158025105795,4,0.03113322892710116,0.0727912038564682
4,100000,10,25,True,0.01,"(64,)",5,6,6,False,my_RL_experts,results_jan2021/results-Acrobot-v1--BBC.csv,False,25,,,,0.01,0,50,50,128,False,True,,,False,False,,False,0,True,,,,,False,1,,False,0,,1,1,-71.68,11.481184607870391,-78.36,14.316088851358808,,BC+H,Acrobot-v1,1817,"[0.2778690387723412, 0.236924, 0.21641468, 0.19757903, 0.18502776, 0.17354344, 0.15840457, 0.15097257, 0.14530136, 0.14939485]",8,0.05939524248242378,1599,4.871397972106934,0.011274680495262146,1.0,1.0,False,0,200,1817.0000000000002,-298.8,209.52536839246935,0.37254446744918823,0.15550196170806885,0.10181451588869095,0.32424005270004275,0,2.31562303006649,0.15550196170806885
4,200000,10,25,True,0.01,"(64,)",5,6,6,False,my_RL_experts,results_jan2021/results-Acrobot-v1--BBC.csv,False,25,,,,0.01,0,50,50,128,False,True,,,False,False,,False,0,True,,,,,False,1,,False,0,,1,1,-71.68,11.481184607870391,-78.36,14.316088851358808,,BC+H,Acrobot-v1,1817,"[0.1382823142163911, 0.12302486, 0.12147727, 0.12217396, 0.11598035, 0.12047216, 0.10608908, 0.10337528, 0.10710047, 0.1081069]",7,0.044172003865242004,61,6.5802764892578125,0.0015234798192977905,1.0,1.0,False,1,200,1817.0000000000002,-212.36,197.534580263811,0.42607879638671875,0.106388621032238,0.09072580933570862,0.5952980478604635,1,1.7411967515945435,0.106388621032238
4,300000,10,25,True,0.01,"(64,)",5,6,6,False,my_RL_experts,results_jan2021/results-Acrobot-v1--BBC.csv,False,25,,,,0.01,0,50,50,128,False,True,,,False,False,,False,0,True,,,,,False,1,,False,0,,1,1,-71.68,11.481184607870391,-78.36,14.316088851358808,,BC+H,Acrobot-v1,1817,"[0.10679914897588305, 0.094578944, 0.09503348, 0.10140679, 0.094722226, 0.09785978, 0.087712094, 0.08518737, 0.09311784, 0.09158131]",7,0.03672691062092781,30,7.9323248863220215,0.00395607203245163,1.0,1.0,False,2,200,1817.0000000000002,-118.24,119.32653686418625,0.49367398023605347,0.08333789557218552,0.08266129344701767,0.8099193016688029,2,1.1351018100976944,0.08333789557218552
4,400000,10,25,True,0.01,"(64,)",5,6,6,False,my_RL_experts,results_jan2021/results-Acrobot-v1--BBC.csv,False,25,,,,0.01,0,50,50,128,False,True,,,False,False,,False,0,True,,,,,False,1,,False,0,,1,1,-71.68,11.481184607870391,-78.36,14.316088851358808,,BC+H,Acrobot-v1,1817,"[0.0934795481436455, 0.08013956, 0.08288116, 0.09000072, 0.082445495, 0.07938691, 0.07880722, 0.07742622, 0.08170712, 0.08102957]",7,0.03235802426934242,10,8.84737491607666,0.008369088172912598,1.0,1.0,False,3,200,1817.0000000000002,-80.44,12.122969933147571,0.5571784973144531,0.07354875653982162,0.08190523833036423,0.9958689888318379,3,0.7475360780954361,0.07354875653982162
4,500000,10,25,True,0.01,"(64,)",5,6,6,False,my_RL_experts,results_jan2021/results-Acrobot-v1--BBC.csv,False,25,,,,0.01,0,50,50,128,False,True,,,False,False,,False,0,True,,,,,False,1,,False,0,,1,1,-71.68,11.481184607870391,-78.36,14.316088851358808,,BC+H,Acrobot-v1,1817,"[0.08121306723131315, 0.07141092, 0.074223, 0.080681324, 0.07366496, 0.06894598, 0.070812084, 0.071836226, 0.07317779, 0.07164776]",5,0.029120689257979393,10,9.839370727539062,0.010463446378707886,1.0,1.0,True,4,200,1817.0000000000002,-80.98,29.403054263120353,0.614525318145752,0.062134191393852234,0.07988911122083664,1.2342252850532531,4,0.7475360780954361,0.062134191393852234
