verbose,total_opt_steps,N_epoch,N_E_traj,add_history,learning_rate,results_path,N_agg_iter,opt_seed,run_seed,linear,RL_expert_folder,H_dims,FORWARD,N_ALICE_traj,kill_feats,density_ratio_feature_map,adversary_feature_map,learning_rate_BC,entropy_coeff,N_test_E_traj,N_test_rollout,batch_size,reinit_opt,record_intermediate,NN_mid_as_feats,N_FAIL_samps,render,render_final,switch_2_E_after,random_demos,RL_expert_exp_id,RL_expert_load_best,RL_expert_algo,T_max_all,T_max,model_reg_coeff,partial_obs,recent_samp_priority_exp,horizon_weight_offset_exp,pair_with_E,drop_first,adversary_t_bucket_size,recompute_adversary_freq,density_ratio_alpha,train_r_mean,train_r_std,test_r_mean,test_r_std,loss_function,alg,env_id,N_E_samp,epoch_losses,best_epoch_ind,w_max,w_min,final,iteration_num,horizon,w_ESS,reward,reward_std,loss_test,loss_train,class_test,runtime,best_ind,JS_div,hindsight_loss_train
3,1500000,10,25,False,0.003,results_jan2021/results-Ant-v2--BC.csv,10,0,0,False,my_RL_experts,"(512, 128, 32)",False,25,,,,0.003,0,50,50,128,False,True,,,False,False,,False,0,True,,,,,False,1,,False,0,,1,1,4185.876482526697,1081.1383543957008,4468.895604278818,713.8536029687677,mse,BC,Ant-v2,22858,"[0.3061821791371504, 0.21463926, 0.17814231, 0.15711364, 0.14088087, 0.13106859, 0.11871623, 0.11476645, 0.10766938, 0.10399839]",9,1.0,1.0,False,0,1000,22858.000000000004,2770.2495416615975,2157.527628386683,0.20329084992408752,0.10915136337280273,0.20329084992408752,3.9467445810635886,0,5334894.509669487,0.10915136337280273
3,3000000,10,25,False,0.003,results_jan2021/results-Ant-v2--BC.csv,10,0,0,False,my_RL_experts,"(512, 128, 32)",False,25,,,,0.003,0,50,50,128,False,True,,,False,False,,False,0,True,,,,,False,1,,False,0,,1,1,4185.876482526697,1081.1383543957008,4468.895604278818,713.8536029687677,mse,BC,Ant-v2,22858,"[0.09890264917534343, 0.09407712, 0.09365883, 0.08767396, 0.085860446, 0.082938075, 0.08138337, 0.07892239, 0.07690214, 0.07670898]",9,1.0,1.0,False,1,1000,22858.000000000004,2965.489374334569,1695.8271925327206,0.18603825569152832,0.07758466899394989,0.18603825569152832,7.605480353037517,1,4427589.803275684,0.07758466899394989
3,4500000,10,25,False,0.003,results_jan2021/results-Ant-v2--BC.csv,10,0,0,False,my_RL_experts,"(512, 128, 32)",False,25,,,,0.003,0,50,50,128,False,True,,,False,False,,False,0,True,,,,,False,1,,False,0,,1,1,4185.876482526697,1081.1383543957008,4468.895604278818,713.8536029687677,mse,BC,Ant-v2,22858,"[0.07530165312186152, 0.07353019, 0.073225416, 0.07213336, 0.07147246, 0.07063993, 0.06903231, 0.06722977, 0.06533892, 0.06528131]",9,1.0,1.0,False,2,1000,22858.000000000004,2673.9908463244133,1873.3273060573451,0.18358156085014343,0.06643518805503845,0.18358156085014343,10.637392409642537,2,4323298.408141601,0.06643518805503845
3,6000000,10,25,False,0.003,results_jan2021/results-Ant-v2--BC.csv,10,0,0,False,my_RL_experts,"(512, 128, 32)",False,25,,,,0.003,0,50,50,128,False,True,,,False,False,,False,0,True,,,,,False,1,,False,0,,1,1,4185.876482526697,1081.1383543957008,4468.895604278818,713.8536029687677,mse,BC,Ant-v2,22858,"[0.0652490924001981, 0.06503316, 0.06624171, 0.06255806, 0.06534294, 0.06297404, 0.06242829, 0.061934795, 0.059800684, 0.059603117]",9,1.0,1.0,False,3,1000,22858.000000000004,3303.2138641974634,1641.7060841023995,0.18406939506530762,0.06163487583398819,0.18406939506530762,14.501821704705556,3,4490675.6176890405,0.06163487583398819
3,7500000,10,25,False,0.003,results_jan2021/results-Ant-v2--BC.csv,10,0,0,False,my_RL_experts,"(512, 128, 32)",False,25,,,,0.003,0,50,50,128,False,True,,,False,False,,False,0,True,,,,,False,1,,False,0,,1,1,4185.876482526697,1081.1383543957008,4468.895604278818,713.8536029687677,mse,BC,Ant-v2,22858,"[0.05957816131712756, 0.05963099, 0.061768662, 0.05789098, 0.06213209, 0.057977483, 0.057596914, 0.05706684, 0.05626386, 0.056536466]",8,1.0,1.0,False,4,1000,22858.000000000004,2648.5458595328614,1834.8393428433346,0.190338596701622,0.0634804293513298,0.190338596701622,18.403058954079945,4,4602915.743523437,0.0634804293513298
3,9000000,10,25,False,0.003,results_jan2021/results-Ant-v2--BC.csv,10,0,0,False,my_RL_experts,"(512, 128, 32)",False,25,,,,0.003,0,50,50,128,False,True,,,False,False,,False,0,True,,,,,False,1,,False,0,,1,1,4185.876482526697,1081.1383543957008,4468.895604278818,713.8536029687677,mse,BC,Ant-v2,22858,"[0.05613929592074492, 0.05670465, 0.056662627, 0.053681176, 0.057839528, 0.05364362, 0.054346874, 0.05321082, 0.05353601, 0.053761568]",7,1.0,1.0,False,5,1000,22858.000000000004,2406.9192575259453,1823.3376756725836,0.18758349120616913,0.05627204477787018,0.18758349120616913,22.41581030289332,5,4755026.781588944,0.05627204477787018
3,10500000,10,25,False,0.003,results_jan2021/results-Ant-v2--BC.csv,10,0,0,False,my_RL_experts,"(512, 128, 32)",False,25,,,,0.003,0,50,50,128,False,True,,,False,False,,False,0,True,,,,,False,1,,False,0,,1,1,4185.876482526697,1081.1383543957008,4468.895604278818,713.8536029687677,mse,BC,Ant-v2,22858,"[0.053542827635939774, 0.05377015, 0.05409793, 0.05171115, 0.05353107, 0.051802833, 0.052033078, 0.052664116, 0.05064067, 0.050818514]",8,1.0,1.0,False,6,1000,22858.000000000004,2892.3450261289795,1826.5758366058785,0.19067725539207458,0.05607519671320915,0.19067725539207458,26.671857619285582,6,4846720.453519363,0.05607519671320915
3,12000000,10,25,False,0.003,results_jan2021/results-Ant-v2--BC.csv,10,0,0,False,my_RL_experts,"(512, 128, 32)",False,25,,,,0.003,0,50,50,128,False,True,,,False,False,,False,0,True,,,,,False,1,,False,0,,1,1,4185.876482526697,1081.1383543957008,4468.895604278818,713.8536029687677,mse,BC,Ant-v2,22858,"[0.05245373627815977, 0.054550454, 0.050445005, 0.04969629, 0.05016633, 0.05000172, 0.05046209, 0.05110836, 0.04944844, 0.049319755]",9,1.0,1.0,False,7,1000,22858.000000000004,2307.398922090899,1858.6293670812197,0.19164668023586273,0.05371202528476715,0.19164668023586273,31.399212662378947,7,5188469.667141181,0.05371202528476715
3,13500000,10,25,False,0.003,results_jan2021/results-Ant-v2--BC.csv,10,0,0,False,my_RL_experts,"(512, 128, 32)",False,25,,,,0.003,0,50,50,128,False,True,,,False,False,,False,0,True,,,,,False,1,,False,0,,1,1,4185.876482526697,1081.1383543957008,4468.895604278818,713.8536029687677,mse,BC,Ant-v2,22858,"[0.04955786195243553, 0.05058919, 0.050486334, 0.048572246, 0.049486253, 0.051769745, 0.048158746, 0.052336164, 0.04853203, 0.049601357]",6,1.0,1.0,False,8,1000,22858.000000000004,2758.600086399978,1920.0170521566604,0.19302386045455933,0.05328337475657463,0.19302386045455933,34.9127028743426,8,5082173.640555567,0.05328337475657463
3,15000000,10,25,False,0.003,results_jan2021/results-Ant-v2--BC.csv,10,0,0,False,my_RL_experts,"(512, 128, 32)",False,25,,,,0.003,0,50,50,128,False,True,,,False,False,,False,0,True,,,,,False,1,,False,0,,1,1,4185.876482526697,1081.1383543957008,4468.895604278818,713.8536029687677,mse,BC,Ant-v2,22858,"[0.04943003825049767, 0.048085812, 0.05032861, 0.04888767, 0.0473815, 0.04714379, 0.047676023, 0.05094167, 0.048472755, 0.04735845]",5,1.0,1.0,True,9,1000,22858.000000000004,2060.295033219683,1845.9614398345368,0.1903178095817566,0.04946286976337433,0.1903178095817566,38.278352928161624,9,5082173.640555567,0.04946286976337433
3,1500000,10,25,True,0.003,results_jan2021/results-Ant-v2--BC.csv,10,0,0,False,my_RL_experts,"(512, 128, 32)",False,25,,,,0.003,0,50,50,128,False,True,,,False,False,,False,0,True,,,,,False,1,,False,0,,1,1,4185.876482526697,1081.1383543957008,4468.895604278818,713.8536029687677,mse,BC+H,Ant-v2,22858,"[0.2823346554490445, 0.19783837, 0.16201843, 0.14111082, 0.12718426, 0.11755936, 0.110762924, 0.105453946, 0.09798317, 0.0929433]",9,1.0,1.0,False,0,1000,22858.000000000004,2345.229707072667,2045.52708445336,0.19736985862255096,0.09222149848937988,0.19736985862255096,4.21268849770228,0,6400860.419544205,0.09222149848937988
3,3000000,10,25,True,0.003,results_jan2021/results-Ant-v2--BC.csv,10,0,0,False,my_RL_experts,"(512, 128, 32)",False,25,,,,0.003,0,50,50,128,False,True,,,False,False,,False,0,True,,,,,False,1,,False,0,,1,1,4185.876482526697,1081.1383543957008,4468.895604278818,713.8536029687677,mse,BC+H,Ant-v2,22858,"[0.09203946715691523, 0.08645418, 0.08262422, 0.079288624, 0.078312434, 0.07484356, 0.073389634, 0.07212778, 0.069943674, 0.069334246]",9,1.0,1.0,False,1,1000,22858.000000000004,1785.3544913280016,2186.0163879437278,0.19783549010753632,0.07548362016677856,0.19783549010753632,7.064063370227814,1,6560518.684291849,0.07548362016677856
3,4500000,10,25,True,0.003,results_jan2021/results-Ant-v2--BC.csv,10,0,0,False,my_RL_experts,"(512, 128, 32)",False,25,,,,0.003,0,50,50,128,False,True,,,False,False,,False,0,True,,,,,False,1,,False,0,,1,1,4185.876482526697,1081.1383543957008,4468.895604278818,713.8536029687677,mse,BC+H,Ant-v2,22858,"[0.06831668135420169, 0.06519163, 0.06774515, 0.06235148, 0.063420594, 0.06130019, 0.061785158, 0.058574617, 0.061048523, 0.05820973]",9,1.0,1.0,False,2,1000,22858.000000000004,2827.709632160868,1973.5708697006633,0.19401344656944275,0.06044790893793106,0.19401344656944275,9.918894867102305,2,5954497.265609741,0.06044790893793106
3,6000000,10,25,True,0.003,results_jan2021/results-Ant-v2--BC.csv,10,0,0,False,my_RL_experts,"(512, 128, 32)",False,25,,,,0.003,0,50,50,128,False,True,,,False,False,,False,0,True,,,,,False,1,,False,0,,1,1,4185.876482526697,1081.1383543957008,4468.895604278818,713.8536029687677,mse,BC+H,Ant-v2,22858,"[0.057915766929607614, 0.05881498, 0.059373144, 0.056313515, 0.05540138, 0.056168802, 0.057190496, 0.054979064, 0.05441575, 0.053901203]",9,1.0,1.0,False,3,1000,22858.000000000004,2248.908116800736,1795.4093764130794,0.19405926764011383,0.05556555464863777,0.19405926764011383,12.720966553688049,3,5880106.21878243,0.05556555464863777
3,7500000,10,25,True,0.003,results_jan2021/results-Ant-v2--BC.csv,10,0,0,False,my_RL_experts,"(512, 128, 32)",False,25,,,,0.003,0,50,50,128,False,True,,,False,False,,False,0,True,,,,,False,1,,False,0,,1,1,4185.876482526697,1081.1383543957008,4468.895604278818,713.8536029687677,mse,BC+H,Ant-v2,22858,"[0.055378723832713465, 0.054166686, 0.056117512, 0.051091652, 0.052127067, 0.052978143, 0.05325552, 0.050530627, 0.051494416, 0.04918825]",9,1.0,1.0,False,4,1000,22858.000000000004,2341.266768782817,2211.914693074318,0.19680821895599365,0.05284368619322777,0.19680821895599365,15.616646277904511,4,5787472.730979931,0.05284368619322777
3,9000000,10,25,True,0.003,results_jan2021/results-Ant-v2--BC.csv,10,0,0,False,my_RL_experts,"(512, 128, 32)",False,25,,,,0.003,0,50,50,128,False,True,,,False,False,,False,0,True,,,,,False,1,,False,0,,1,1,4185.876482526697,1081.1383543957008,4468.895604278818,713.8536029687677,mse,BC+H,Ant-v2,22858,"[0.05199087654149754, 0.050422467, 0.052661795, 0.04829767, 0.050843235, 0.05020952, 0.050000194, 0.047009103, 0.04943387, 0.047105704]",7,1.0,1.0,False,5,1000,22858.000000000004,2170.626285660454,2074.820855209907,0.19650302827358246,0.048451028764247894,0.19650302827358246,18.488291132450104,5,5810329.695943842,0.048451028764247894
3,10500000,10,25,True,0.003,results_jan2021/results-Ant-v2--BC.csv,10,0,0,False,my_RL_experts,"(512, 128, 32)",False,25,,,,0.003,0,50,50,128,False,True,,,False,False,,False,0,True,,,,,False,1,,False,0,,1,1,4185.876482526697,1081.1383543957008,4468.895604278818,713.8536029687677,mse,BC+H,Ant-v2,22858,"[0.04857654028778367, 0.04928049, 0.048913207, 0.045599397, 0.04881153, 0.05044017, 0.048041318, 0.04690737, 0.048862956, 0.04498754]",9,1.0,1.0,False,6,1000,22858.000000000004,2695.9439391677856,1800.419256315572,0.1954444944858551,0.04506716504693031,0.1954444944858551,21.559323012828827,6,5759184.1255226135,0.04506716504693031
3,12000000,10,25,True,0.003,results_jan2021/results-Ant-v2--BC.csv,10,0,0,False,my_RL_experts,"(512, 128, 32)",False,25,,,,0.003,0,50,50,128,False,True,,,False,False,,False,0,True,,,,,False,1,,False,0,,1,1,4185.876482526697,1081.1383543957008,4468.895604278818,713.8536029687677,mse,BC+H,Ant-v2,22858,"[0.05105146912583317, 0.045468703, 0.047804274, 0.044307135, 0.04735419, 0.046585925, 0.046225958, 0.044019304, 0.043565165, 0.044636615]",8,1.0,1.0,False,7,1000,22858.000000000004,2340.7295589370747,2286.1588441609774,0.1989363133907318,0.04558265209197998,0.1989363133907318,24.954387656847636,7,5628744.13375473,0.04558265209197998
3,13500000,10,25,True,0.003,results_jan2021/results-Ant-v2--BC.csv,10,0,0,False,my_RL_experts,"(512, 128, 32)",False,25,,,,0.003,0,50,50,128,False,True,,,False,False,,False,0,True,,,,,False,1,,False,0,,1,1,4185.876482526697,1081.1383543957008,4468.895604278818,713.8536029687677,mse,BC+H,Ant-v2,22858,"[0.04656075000018876, 0.043768056, 0.045065723, 0.046365645, 0.04532338, 0.046985395, 0.04455056, 0.044923615, 0.044186756, 0.0429442]",9,1.0,1.0,False,8,1000,22858.000000000004,2640.2568972046715,1867.5849630007783,0.2008761614561081,0.046088021248579025,0.2008761614561081,30.75053938627243,8,5484240.590394981,0.046088021248579025
3,15000000,10,25,True,0.003,results_jan2021/results-Ant-v2--BC.csv,10,0,0,False,my_RL_experts,"(512, 128, 32)",False,25,,,,0.003,0,50,50,128,False,True,,,False,False,,False,0,True,,,,,False,1,,False,0,,1,1,4185.876482526697,1081.1383543957008,4468.895604278818,713.8536029687677,mse,BC+H,Ant-v2,22858,"[0.04438857182511954, 0.04613222, 0.044832017, 0.043617636, 0.043890655, 0.045496427, 0.046830323, 0.042556383, 0.042414904, 0.043909576]",8,1.0,1.0,True,9,1000,22858.000000000004,2827.3168527872626,2001.7904398236878,0.2006690353155136,0.043565623462200165,0.2006690353155136,37.75840810139974,9,5484240.590394981,0.043565623462200165
0,2000000,10,25,False,0.0003,results_jan2021/results-Ant-v2--BC.csv,10,0,0,False,my_RL_experts,"(512, 128, 32)",False,25,,,,0.0003,0,50,50,128,False,True,,,False,False,,False,0,True,,,,,False,1,,False,0,,1,1,4185.876482526697,1081.1383543957008,4468.895604278818,713.8536029687677,mse,BC,Ant-v2,22858,"[0.3965339493473392, 0.2864877, 0.23310561, 0.1993062, 0.1779088, 0.16092701, 0.14681874, 0.13585217, 0.12704338, 0.11992257]",9,1.0,1.0,False,0,1000,22858.000000000004,1492.5136511532694,1468.5130363408389,0.2280939221382141,0.12858456373214722,0.2280939221382141,3.6360941449801127,0,6501918.06265428,0.12858456373214722
0,4000000,10,25,False,0.0003,results_jan2021/results-Ant-v2--BC.csv,10,0,0,False,my_RL_experts,"(512, 128, 32)",False,25,,,,0.0003,0,50,50,128,False,True,,,False,False,,False,0,True,,,,,False,1,,False,0,,1,1,4185.876482526697,1081.1383543957008,4468.895604278818,713.8536029687677,mse,BC,Ant-v2,22858,"[0.11428401267814996, 0.10800712, 0.10309628, 0.097555146, 0.09490738, 0.09085389, 0.08764571, 0.08575692, 0.08285544, 0.079899214]",9,1.0,1.0,False,1,1000,22858.000000000004,2386.310329123863,1998.8231713926793,0.20414918661117554,0.08515871316194534,0.20414918661117554,7.454998775323232,1,6091914.442974921,0.08515871316194534
0,6000000,10,25,False,0.0003,results_jan2021/results-Ant-v2--BC.csv,10,0,0,False,my_RL_experts,"(512, 128, 32)",False,25,,,,0.0003,0,50,50,128,False,True,,,False,False,,False,0,True,,,,,False,1,,False,0,,1,1,4185.876482526697,1081.1383543957008,4468.895604278818,713.8536029687677,mse,BC,Ant-v2,22858,"[0.07860632307546299, 0.07638499, 0.07427467, 0.07193647, 0.07112176, 0.06917187, 0.067548566, 0.06724318, 0.065720245, 0.06399574]",9,1.0,1.0,False,2,1000,22858.000000000004,2576.6590430231618,2009.0187172976368,0.2002006322145462,0.07094553858041763,0.2002006322145462,11.327013699213664,2,6250459.618245703,0.07094553858041763
0,8000000,10,25,False,0.0003,results_jan2021/results-Ant-v2--BC.csv,10,0,0,False,my_RL_experts,"(512, 128, 32)",False,25,,,,0.0003,0,50,50,128,False,True,,,False,False,,False,0,True,,,,,False,1,,False,0,,1,1,4185.876482526697,1081.1383543957008,4468.895604278818,713.8536029687677,mse,BC,Ant-v2,22858,"[0.06311764123665857, 0.06228167, 0.061375152, 0.06005053, 0.05969881, 0.058072712, 0.057066467, 0.05670055, 0.056224056, 0.055007976]",9,1.0,1.0,False,3,1000,22858.000000000004,1815.378695096417,1989.5863085893943,0.19479240477085114,0.05887715145945549,0.19479240477085114,15.075336011250814,3,6408171.140319351,0.05887715145945549
0,10000000,10,25,False,0.0003,results_jan2021/results-Ant-v2--BC.csv,10,0,0,False,my_RL_experts,"(512, 128, 32)",False,25,,,,0.0003,0,50,50,128,False,True,,,False,False,,False,0,True,,,,,False,1,,False,0,,1,1,4185.876482526697,1081.1383543957008,4468.895604278818,713.8536029687677,mse,BC,Ant-v2,22858,"[0.05477732353722505, 0.05392532, 0.053446937, 0.05249554, 0.052174035, 0.051692758, 0.05039119, 0.050972424, 0.050135385, 0.04924082]",9,1.0,1.0,False,4,1000,22858.000000000004,2695.872867317248,1765.6611349361158,0.1940237134695053,0.052418794482946396,0.1940237134695053,18.925814390182495,4,6342988.990665515,0.052418794482946396
0,12000000,10,25,False,0.0003,results_jan2021/results-Ant-v2--BC.csv,10,0,0,False,my_RL_experts,"(512, 128, 32)",False,25,,,,0.0003,0,50,50,128,False,True,,,False,False,,False,0,True,,,,,False,1,,False,0,,1,1,4185.876482526697,1081.1383543957008,4468.895604278818,713.8536029687677,mse,BC,Ant-v2,22858,"[0.04931914139629271, 0.048209123, 0.04795214, 0.047791492, 0.047554247, 0.046552878, 0.045965545, 0.04633432, 0.045472693, 0.045899216]",8,1.0,1.0,False,5,1000,22858.000000000004,2379.55455208708,2140.915985117287,0.1962530016899109,0.05013381317257881,0.1962530016899109,22.672985609372457,5,6198685.846342412,0.05013381317257881
0,14000000,10,25,False,0.0003,results_jan2021/results-Ant-v2--BC.csv,10,0,0,False,my_RL_experts,"(512, 128, 32)",False,25,,,,0.0003,0,50,50,128,False,True,,,False,False,,False,0,True,,,,,False,1,,False,0,,1,1,4185.876482526697,1081.1383543957008,4468.895604278818,713.8536029687677,mse,BC,Ant-v2,22858,"[0.04541237885690622, 0.044077065, 0.044263914, 0.043850135, 0.04385916, 0.04340175, 0.042259317, 0.042712796, 0.042054877, 0.0423958]",8,1.0,1.0,False,6,1000,22858.000000000004,2425.639334280384,1850.1917248857521,0.19913075864315033,0.049064479768276215,0.19913075864315033,26.463730637232462,6,6156384.954252045,0.049064479768276215
0,16000000,10,25,False,0.0003,results_jan2021/results-Ant-v2--BC.csv,10,0,0,False,my_RL_experts,"(512, 128, 32)",False,25,,,,0.0003,0,50,50,128,False,True,,,False,False,,False,0,True,,,,,False,1,,False,0,,1,1,4185.876482526697,1081.1383543957008,4468.895604278818,713.8536029687677,mse,BC,Ant-v2,22858,"[0.04233823421297073, 0.04126443, 0.04119216, 0.040938247, 0.040703252, 0.040637635, 0.03963809, 0.03970589, 0.039422464, 0.039491802]",8,1.0,1.0,False,7,1000,22858.000000000004,2708.459020186922,1610.8458455157438,0.1957491785287857,0.042950429022312164,0.1957491785287857,30.187601153055827,7,5918520.253490401,0.042950429022312164
0,18000000,10,25,False,0.0003,results_jan2021/results-Ant-v2--BC.csv,10,0,0,False,my_RL_experts,"(512, 128, 32)",False,25,,,,0.0003,0,50,50,128,False,True,,,False,False,,False,0,True,,,,,False,1,,False,0,,1,1,4185.876482526697,1081.1383543957008,4468.895604278818,713.8536029687677,mse,BC,Ant-v2,22858,"[0.0396656999342239, 0.038862225, 0.03883937, 0.03814779, 0.038405396, 0.038330548, 0.03764605, 0.03774532, 0.03730307, 0.037689853]",8,1.0,1.0,False,8,1000,22858.000000000004,2072.5395451749555,2005.9748233697087,0.19570940732955933,0.04049568623304367,0.19570940732955933,33.98633838494619,8,5981025.520513672,0.04049568623304367
0,20000000,10,25,False,0.0003,results_jan2021/results-Ant-v2--BC.csv,10,0,0,False,my_RL_experts,"(512, 128, 32)",False,25,,,,0.0003,0,50,50,128,False,True,,,False,False,,False,0,True,,,,,False,1,,False,0,,1,1,4185.876482526697,1081.1383543957008,4468.895604278818,713.8536029687677,mse,BC,Ant-v2,22858,"[0.03727180176059701, 0.036917064, 0.036828563, 0.036299963, 0.03665452, 0.036481634, 0.036058433, 0.035657953, 0.035622597, 0.03588134]",8,1.0,1.0,True,9,1000,22858.000000000004,2210.168824494095,2151.981870196173,0.19590389728546143,0.03806058689951897,0.19590389728546143,38.36251273552577,9,5981025.520513672,0.03806058689951897
0,2000000,10,25,True,0.0003,results_jan2021/results-Ant-v2--BC.csv,10,0,0,False,my_RL_experts,"(512, 128, 32)",False,25,,,,0.0003,0,50,50,128,False,True,,,False,False,,False,0,True,,,,,False,1,,False,0,,1,1,4185.876482526697,1081.1383543957008,4468.895604278818,713.8536029687677,mse,BC+H,Ant-v2,22858,"[0.3666106500134701, 0.26993477, 0.22123502, 0.18831085, 0.16710815, 0.15086475, 0.13788643, 0.12720118, 0.11913612, 0.11153014]",9,1.0,1.0,False,0,1000,22858.000000000004,2448.0386374171967,2060.849850920829,0.2209213823080063,0.11192964017391205,0.2209213823080063,3.90719336271286,0,6984903.0604228955,0.11192964017391205
0,4000000,10,25,True,0.0003,results_jan2021/results-Ant-v2--BC.csv,10,0,0,False,my_RL_experts,"(512, 128, 32)",False,25,,,,0.0003,0,50,50,128,False,True,,,False,False,,False,0,True,,,,,False,1,,False,0,,1,1,4185.876482526697,1081.1383543957008,4468.895604278818,713.8536029687677,mse,BC+H,Ant-v2,22858,"[0.10551892435230008, 0.101327844, 0.09628328, 0.09184516, 0.087772615, 0.08583594, 0.082168, 0.07871192, 0.0774421, 0.07488615]",9,1.0,1.0,False,1,1000,22858.000000000004,2892.4529640855426,2016.0250381753365,0.20442812144756317,0.07467950880527496,0.20442812144756317,7.837987279891967,1,6047358.907604219,0.07467950880527496
0,6000000,10,25,True,0.0003,results_jan2021/results-Ant-v2--BC.csv,10,0,0,False,my_RL_experts,"(512, 128, 32)",False,25,,,,0.0003,0,50,50,128,False,True,,,False,False,,False,0,True,,,,,False,1,,False,0,,1,1,4185.876482526697,1081.1383543957008,4468.895604278818,713.8536029687677,mse,BC+H,Ant-v2,22858,"[0.07269261447799645, 0.07236629, 0.06919684, 0.06905197, 0.0655534, 0.06522277, 0.06279075, 0.061849274, 0.061325833, 0.05974064]",9,1.0,1.0,False,2,1000,22858.000000000004,3364.0040299546076,1951.119176289996,0.20205315947532654,0.06097271665930748,0.20205315947532654,11.856724977493286,2,5517448.873708706,0.06097271665930748
0,8000000,10,25,True,0.0003,results_jan2021/results-Ant-v2--BC.csv,10,0,0,False,my_RL_experts,"(512, 128, 32)",False,25,,,,0.0003,0,50,50,128,False,True,,,False,False,,False,0,True,,,,,False,1,,False,0,,1,1,4185.876482526697,1081.1383543957008,4468.895604278818,713.8536029687677,mse,BC+H,Ant-v2,22858,"[0.058192413630631906, 0.05839586, 0.056724165, 0.057082828, 0.054209206, 0.054416705, 0.05316273, 0.05281145, 0.052986216, 0.05074719]",9,1.0,1.0,False,3,1000,22858.000000000004,3697.211362882741,1559.9750918379123,0.20147551596164703,0.05290951952338219,0.20147551596164703,15.882483685016632,3,5176612.700750357,0.05290951952338219
0,10000000,10,25,True,0.0003,results_jan2021/results-Ant-v2--BC.csv,10,0,0,False,my_RL_experts,"(512, 128, 32)",False,25,,,,0.0003,0,50,50,128,False,True,,,False,False,,False,0,True,,,,,False,1,,False,0,,1,1,4185.876482526697,1081.1383543957008,4468.895604278818,713.8536029687677,mse,BC+H,Ant-v2,22858,"[0.04998149265844951, 0.05137055, 0.049545184, 0.049707465, 0.04820005, 0.0479327, 0.046798922, 0.04737235, 0.046661098, 0.045588]",9,1.0,1.0,False,4,1000,22858.000000000004,3539.487517560253,1741.9950477377943,0.2013208121061325,0.04780013486742973,0.2013208121061325,19.821031510829926,4,4933327.099073396,0.04780013486742973
0,12000000,10,25,True,0.0003,results_jan2021/results-Ant-v2--BC.csv,10,0,0,False,my_RL_experts,"(512, 128, 32)",False,25,,,,0.0003,0,50,50,128,False,True,,,False,False,,False,0,True,,,,,False,1,,False,0,,1,1,4185.876482526697,1081.1383543957008,4468.895604278818,713.8536029687677,mse,BC+H,Ant-v2,22858,"[0.04465692412065025, 0.04517491, 0.044870887, 0.044813056, 0.043539573, 0.043165028, 0.04239681, 0.04405486, 0.04231517, 0.04176031]",9,1.0,1.0,False,5,1000,22858.000000000004,2400.181805730431,2408.225216103012,0.20281651616096497,0.04524911195039749,0.20281651616096497,23.726631534099578,5,5449272.580221164,0.04524911195039749
0,14000000,10,25,True,0.0003,results_jan2021/results-Ant-v2--BC.csv,10,0,0,False,my_RL_experts,"(512, 128, 32)",False,25,,,,0.0003,0,50,50,128,False,True,,,False,False,,False,0,True,,,,,False,1,,False,0,,1,1,4185.876482526697,1081.1383543957008,4468.895604278818,713.8536029687677,mse,BC+H,Ant-v2,22858,"[0.04102963616019137, 0.041132856, 0.041265566, 0.041290805, 0.040673554, 0.039847802, 0.039403073, 0.041863807, 0.038675517, 0.03905223]",8,1.0,1.0,False,6,1000,22858.000000000004,2685.5454124183757,1694.7510313376074,0.20405912399291992,0.04231235384941101,0.20405912399291992,27.49881319999695,6,5317773.024963387,0.04231235384941101
0,16000000,10,25,True,0.0003,results_jan2021/results-Ant-v2--BC.csv,10,0,0,False,my_RL_experts,"(512, 128, 32)",False,25,,,,0.0003,0,50,50,128,False,True,,,False,False,,False,0,True,,,,,False,1,,False,0,,1,1,4185.876482526697,1081.1383543957008,4468.895604278818,713.8536029687677,mse,BC+H,Ant-v2,22858,"[0.0382425740078258, 0.03827162, 0.038418356, 0.038976513, 0.037628878, 0.03722693, 0.036825173, 0.03866497, 0.036334645, 0.037054066]",8,1.0,1.0,False,7,1000,22858.000000000004,3048.7390698953527,1743.9209209198098,0.20449170470237732,0.04019484668970108,0.20449170470237732,31.365058271090188,7,5199923.467779175,0.04019484668970108
0,18000000,10,25,True,0.0003,results_jan2021/results-Ant-v2--BC.csv,10,0,0,False,my_RL_experts,"(512, 128, 32)",False,25,,,,0.0003,0,50,50,128,False,True,,,False,False,,False,0,True,,,,,False,1,,False,0,,1,1,4185.876482526697,1081.1383543957008,4468.895604278818,713.8536029687677,mse,BC+H,Ant-v2,22858,"[0.03563224829248561, 0.036273018, 0.036585644, 0.03679379, 0.035535417, 0.03512627, 0.034940444, 0.03670653, 0.03441273, 0.03525498]",8,1.0,1.0,False,8,1000,22858.000000000004,2266.461621092531,1983.4104775971575,0.2055942565202713,0.03838852420449257,0.2055942565202713,35.13449387550354,8,5140198.977392192,0.03838852420449257
0,20000000,10,25,True,0.0003,results_jan2021/results-Ant-v2--BC.csv,10,0,0,False,my_RL_experts,"(512, 128, 32)",False,25,,,,0.0003,0,50,50,128,False,True,,,False,False,,False,0,True,,,,,False,1,,False,0,,1,1,4185.876482526697,1081.1383543957008,4468.895604278818,713.8536029687677,mse,BC+H,Ant-v2,22858,"[0.033835968984590646, 0.034674242, 0.03459529, 0.034771487, 0.03403186, 0.033689115, 0.03336119, 0.03475779, 0.03284727, 0.03349183]",8,1.0,1.0,True,9,1000,22858.000000000004,2845.813538750963,1830.783495700765,0.20567497611045837,0.036362212151288986,0.20567497611045837,39.73481076161067,9,5140198.977392192,0.036362212151288986
0,2000000,10,25,False,0.003,results_jan2021/results-Ant-v2--BC.csv,10,0,0,False,my_RL_experts,"(256, 64)",False,25,,,,0.003,0,50,50,128,False,True,,,False,False,,False,0,True,,,,,False,1,,False,0,,1,1,4185.876482526697,1081.1383543957008,4468.895604278818,713.8536029687677,mse,BC,Ant-v2,22858,"[0.29782345592784526, 0.22901773, 0.19782653, 0.17805004, 0.16912106, 0.15701853, 0.15096654, 0.14688021, 0.14135675, 0.13828002]",9,1.0,1.0,False,0,1000,22858.000000000004,2761.3702449533967,1853.1302022701436,0.2229589819908142,0.14168888330459595,0.2229589819908142,3.36004197994868,0,5172940.25203462,0.14168888330459595
0,4000000,10,25,False,0.003,results_jan2021/results-Ant-v2--BC.csv,10,0,0,False,my_RL_experts,"(256, 64)",False,25,,,,0.003,0,50,50,128,False,True,,,False,False,,False,0,True,,,,,False,1,,False,0,,1,1,4185.876482526697,1081.1383543957008,4468.895604278818,713.8536029687677,mse,BC,Ant-v2,22858,"[0.13422697571835204, 0.13185742, 0.13018963, 0.12652151, 0.12610576, 0.1248694, 0.12377255, 0.12123419, 0.11932147, 0.11895051]",9,1.0,1.0,False,1,1000,22858.000000000004,2539.4098137472774,1894.0371004987967,0.22487162053585052,0.13122126460075378,0.22487162053585052,6.586579366525014,1,4850173.81312677,0.13122126460075378
0,6000000,10,25,False,0.003,results_jan2021/results-Ant-v2--BC.csv,10,0,0,False,my_RL_experts,"(256, 64)",False,25,,,,0.003,0,50,50,128,False,True,,,False,False,,False,0,True,,,,,False,1,,False,0,,1,1,4185.876482526697,1081.1383543957008,4468.895604278818,713.8536029687677,mse,BC,Ant-v2,22858,"[0.11718391959851614, 0.11558317, 0.11527355, 0.11478502, 0.11389644, 0.11224547, 0.11189036, 0.11148912, 0.11025109, 0.11190401]",8,1.0,1.0,False,2,1000,22858.000000000004,3064.6390988312305,1844.6784551748647,0.21965153515338898,0.11897686868906021,0.21965153515338898,9.890372463067372,2,4704452.658155242,0.11897686868906021
0,8000000,10,25,False,0.003,results_jan2021/results-Ant-v2--BC.csv,10,0,0,False,my_RL_experts,"(256, 64)",False,25,,,,0.003,0,50,50,128,False,True,,,False,False,,False,0,True,,,,,False,1,,False,0,,1,1,4185.876482526697,1081.1383543957008,4468.895604278818,713.8536029687677,mse,BC,Ant-v2,22858,"[0.1091522214206056, 0.10914746, 0.10931927, 0.10780437, 0.10810818, 0.10666508, 0.10630381, 0.106138945, 0.104792796, 0.10609979]",8,1.0,1.0,False,3,1000,22858.000000000004,2976.8764072342287,1731.9420687460145,0.21547704935073853,0.11167396605014801,0.21547704935073853,13.145004415512085,3,4654571.626010494,0.11167396605014801
0,10000000,10,25,False,0.003,results_jan2021/results-Ant-v2--BC.csv,10,0,0,False,my_RL_experts,"(256, 64)",False,25,,,,0.003,0,50,50,128,False,True,,,False,False,,False,0,True,,,,,False,1,,False,0,,1,1,4185.876482526697,1081.1383543957008,4468.895604278818,713.8536029687677,mse,BC,Ant-v2,22858,"[0.10496964819209192, 0.104590535, 0.10501944, 0.10403307, 0.10417468, 0.10376243, 0.10380221, 0.10222663, 0.101887666, 0.10325512]",8,1.0,1.0,False,4,1000,22858.000000000004,2477.186120399519,2261.0235745568275,0.21687938272953033,0.1104474738240242,0.21687938272953033,16.381673022111258,4,4854502.695966045,0.1104474738240242
0,12000000,10,25,False,0.003,results_jan2021/results-Ant-v2--BC.csv,10,0,0,False,my_RL_experts,"(256, 64)",False,25,,,,0.003,0,50,50,128,False,True,,,False,False,,False,0,True,,,,,False,1,,False,0,,1,1,4185.876482526697,1081.1383543957008,4468.895604278818,713.8536029687677,mse,BC,Ant-v2,22858,"[0.10260958418576992, 0.10208318, 0.102013186, 0.101040624, 0.10248333, 0.10133051, 0.102127895, 0.10052006, 0.100428015, 0.10231669]",8,1.0,1.0,False,5,1000,22858.000000000004,2992.709815052876,1893.6556416528642,0.2179245501756668,0.1088455319404602,0.2179245501756668,19.688192812601724,5,4846033.61992362,0.1088455319404602
0,14000000,10,25,False,0.003,results_jan2021/results-Ant-v2--BC.csv,10,0,0,False,my_RL_experts,"(256, 64)",False,25,,,,0.003,0,50,50,128,False,True,,,False,False,,False,0,True,,,,,False,1,,False,0,,1,1,4185.876482526697,1081.1383543957008,4468.895604278818,713.8536029687677,mse,BC,Ant-v2,22858,"[0.10059391640430287, 0.10005977, 0.100316614, 0.09878142, 0.10171499, 0.09971284, 0.09979677, 0.099877395, 0.09953589, 0.1004771]",3,1.0,1.0,False,6,1000,22858.000000000004,3031.8912263657417,1871.6122065374914,0.21516670286655426,0.10338906943798065,0.21516670286655426,22.93089669942856,6,4691288.370879955,0.10338906943798065
0,16000000,10,25,False,0.003,results_jan2021/results-Ant-v2--BC.csv,10,0,0,False,my_RL_experts,"(256, 64)",False,25,,,,0.003,0,50,50,128,False,True,,,False,False,,False,0,True,,,,,False,1,,False,0,,1,1,4185.876482526697,1081.1383543957008,4468.895604278818,713.8536029687677,mse,BC,Ant-v2,22858,"[0.09870864018530473, 0.09893578, 0.09847338, 0.09804523, 0.09977098, 0.09855511, 0.09846901, 0.09849522, 0.097938694, 0.0991534]",8,1.0,1.0,False,7,1000,22858.000000000004,2775.707144891224,1827.060392685812,0.21382980048656464,0.10203997045755386,0.21382980048656464,26.15714774131775,7,4622095.376771633,0.10203997045755386
0,18000000,10,25,False,0.003,results_jan2021/results-Ant-v2--BC.csv,10,0,0,False,my_RL_experts,"(256, 64)",False,25,,,,0.003,0,50,50,128,False,True,,,False,False,,False,0,True,,,,,False,1,,False,0,,1,1,4185.876482526697,1081.1383543957008,4468.895604278818,713.8536029687677,mse,BC,Ant-v2,22858,"[0.09683004834861994, 0.09751038, 0.097845115, 0.09674793, 0.098195896, 0.09792461, 0.09841698, 0.09754216, 0.09657045, 0.098275095]",8,1.0,1.0,False,8,1000,22858.000000000004,2580.8285455778573,1716.1542311166213,0.21099631488323212,0.09909865260124207,0.21099631488323212,29.30340238412221,8,4545736.249698008,0.09909865260124207
0,20000000,10,25,False,0.003,results_jan2021/results-Ant-v2--BC.csv,10,0,0,False,my_RL_experts,"(256, 64)",False,25,,,,0.003,0,50,50,128,False,True,,,False,False,,False,0,True,,,,,False,1,,False,0,,1,1,4185.876482526697,1081.1383543957008,4468.895604278818,713.8536029687677,mse,BC,Ant-v2,22858,"[0.09611659393000563, 0.097214706, 0.096919425, 0.09607379, 0.097692415, 0.096793845, 0.09684512, 0.097024, 0.09553097, 0.09733116]",8,1.0,1.0,True,9,1000,22858.000000000004,2587.782002109702,1984.7811376942323,0.2149980217218399,0.09966062009334564,0.2149980217218399,33.066989398002626,9,4545736.249698008,0.09966062009334564
0,2000000,10,25,True,0.003,results_jan2021/results-Ant-v2--BC.csv,10,0,0,False,my_RL_experts,"(256, 64)",False,25,,,,0.003,0,50,50,128,False,True,,,False,False,,False,0,True,,,,,False,1,,False,0,,1,1,4185.876482526697,1081.1383543957008,4468.895604278818,713.8536029687677,mse,BC+H,Ant-v2,22858,"[0.28590276952902527, 0.22230268, 0.19409801, 0.1750579, 0.16279046, 0.1547268, 0.14815433, 0.14307971, 0.13902819, 0.13510866]",9,1.0,1.0,False,0,1000,22858.000000000004,2926.735413752837,1932.4107498186245,0.22393228113651276,0.13408012688159943,0.22393228113651276,3.263980146249135,0,3784865.0151691455,0.13408012688159943
0,4000000,10,25,True,0.003,results_jan2021/results-Ant-v2--BC.csv,10,0,0,False,my_RL_experts,"(256, 64)",False,25,,,,0.003,0,50,50,128,False,True,,,False,False,,False,0,True,,,,,False,1,,False,0,,1,1,4185.876482526697,1081.1383543957008,4468.895604278818,713.8536029687677,mse,BC+H,Ant-v2,22858,"[0.1322795934030094, 0.13076112, 0.12687418, 0.12549719, 0.12374786, 0.12077588, 0.12114128, 0.11832013, 0.1171959, 0.11547522]",9,1.0,1.0,False,1,1000,22858.000000000004,2797.2451876540895,1577.3232049502624,0.22191382944583893,0.12022831290960312,0.22191382944583893,6.544188483556112,1,3763332.758287425,0.12022831290960312
0,6000000,10,25,True,0.003,results_jan2021/results-Ant-v2--BC.csv,10,0,0,False,my_RL_experts,"(256, 64)",False,25,,,,0.003,0,50,50,128,False,True,,,False,False,,False,0,True,,,,,False,1,,False,0,,1,1,4185.876482526697,1081.1383543957008,4468.895604278818,713.8536029687677,mse,BC+H,Ant-v2,22858,"[0.11619172802533778, 0.115733795, 0.113761626, 0.11293165, 0.111889325, 0.1108111, 0.110486865, 0.10996603, 0.10922175, 0.10787286]",9,1.0,1.0,False,2,1000,22858.000000000004,2817.3274397627997,1751.9911227501082,0.2246749848127365,0.11468657106161118,0.2246749848127365,9.845380564530691,2,3848586.7718639495,0.11468657106161118
0,8000000,10,25,True,0.003,results_jan2021/results-Ant-v2--BC.csv,10,0,0,False,my_RL_experts,"(256, 64)",False,25,,,,0.003,0,50,50,128,False,True,,,False,False,,False,0,True,,,,,False,1,,False,0,,1,1,4185.876482526697,1081.1383543957008,4468.895604278818,713.8536029687677,mse,BC+H,Ant-v2,22858,"[0.10772390319826314, 0.10858508, 0.10659933, 0.10716137, 0.10564868, 0.10397505, 0.10549398, 0.10542113, 0.10402649, 0.10329228]",9,1.0,1.0,False,3,1000,22858.000000000004,3067.5583397370765,1811.8302746765416,0.22364608943462372,0.10982009023427963,0.22364608943462372,13.109393227100373,3,3573589.555114747,0.10982009023427963
0,10000000,10,25,True,0.003,results_jan2021/results-Ant-v2--BC.csv,10,0,0,False,my_RL_experts,"(256, 64)",False,25,,,,0.003,0,50,50,128,False,True,,,False,False,,False,0,True,,,,,False,1,,False,0,,1,1,4185.876482526697,1081.1383543957008,4468.895604278818,713.8536029687677,mse,BC+H,Ant-v2,22858,"[0.10367196316493343, 0.104506426, 0.10379091, 0.103184246, 0.10178928, 0.10142688, 0.10261926, 0.10341516, 0.10090934, 0.10132634]",8,1.0,1.0,False,4,1000,22858.000000000004,2502.714567297828,2035.965927319702,0.22639596462249756,0.10818751156330109,0.22639596462249756,16.399837970733643,4,4218566.790674216,0.10818751156330109
0,12000000,10,25,True,0.003,results_jan2021/results-Ant-v2--BC.csv,10,0,0,False,my_RL_experts,"(256, 64)",False,25,,,,0.003,0,50,50,128,False,True,,,False,False,,False,0,True,,,,,False,1,,False,0,,1,1,4185.876482526697,1081.1383543957008,4468.895604278818,713.8536029687677,mse,BC+H,Ant-v2,22858,"[0.10158306890759018, 0.101966135, 0.101864904, 0.100989595, 0.09830781, 0.0985799, 0.099185646, 0.10241608, 0.09928773, 0.09860303]",4,1.0,1.0,False,5,1000,22858.000000000004,2823.4211184827186,1678.1897799849237,0.22613991796970367,0.10521531850099564,0.22613991796970367,19.693075994650524,5,4676341.2893371405,0.10521531850099564
0,14000000,10,25,True,0.003,results_jan2021/results-Ant-v2--BC.csv,10,0,0,False,my_RL_experts,"(256, 64)",False,25,,,,0.003,0,50,50,128,False,True,,,False,False,,False,0,True,,,,,False,1,,False,0,,1,1,4185.876482526697,1081.1383543957008,4468.895604278818,713.8536029687677,mse,BC+H,Ant-v2,22858,"[0.09907018178513295, 0.10017801, 0.09930406, 0.09887304, 0.096832305, 0.09771363, 0.09717474, 0.101722665, 0.09746037, 0.0976398]",4,1.0,1.0,False,6,1000,22858.000000000004,2979.066063495511,1877.8934781668906,0.22697485983371735,0.10582256317138672,0.22697485983371735,22.93785272439321,6,4486645.29820443,0.10582256317138672
0,16000000,10,25,True,0.003,results_jan2021/results-Ant-v2--BC.csv,10,0,0,False,my_RL_experts,"(256, 64)",False,25,,,,0.003,0,50,50,128,False,True,,,False,False,,False,0,True,,,,,False,1,,False,0,,1,1,4185.876482526697,1081.1383543957008,4468.895604278818,713.8536029687677,mse,BC+H,Ant-v2,22858,"[0.0983417248321582, 0.097721234, 0.09829599, 0.09688937, 0.096132435, 0.0963037, 0.09622503, 0.09925558, 0.09574208, 0.09672239]",8,1.0,1.0,False,7,1000,22858.000000000004,2665.5112871305673,2001.4599380022416,0.22298118472099304,0.10060515999794006,0.22298118472099304,26.20021255016327,7,4550895.305963522,0.10060515999794006
0,18000000,10,25,True,0.003,results_jan2021/results-Ant-v2--BC.csv,10,0,0,False,my_RL_experts,"(256, 64)",False,25,,,,0.003,0,50,50,128,False,True,,,False,False,,False,0,True,,,,,False,1,,False,0,,1,1,4185.876482526697,1081.1383543957008,4468.895604278818,713.8536029687677,mse,BC+H,Ant-v2,22858,"[0.09667977587736028, 0.09655434, 0.09614332, 0.09618677, 0.09531681, 0.0955411, 0.09449308, 0.09958663, 0.094345644, 0.09550707]",8,1.0,1.0,False,8,1000,22858.000000000004,2291.6384660678978,1984.1859286361503,0.2262371927499771,0.10245371609926224,0.2262371927499771,29.47136484781901,8,4810674.308965671,0.10245371609926224
0,20000000,10,25,True,0.003,results_jan2021/results-Ant-v2--BC.csv,10,0,0,False,my_RL_experts,"(256, 64)",False,25,,,,0.003,0,50,50,128,False,True,,,False,False,,False,0,True,,,,,False,1,,False,0,,1,1,4185.876482526697,1081.1383543957008,4468.895604278818,713.8536029687677,mse,BC+H,Ant-v2,22858,"[0.09628789627131931, 0.09490465, 0.094871566, 0.09520166, 0.09356304, 0.0940579, 0.093837805, 0.09846876, 0.09375133, 0.09541357]",4,1.0,1.0,True,9,1000,22858.000000000004,2386.021660641946,2046.6930868032862,0.22873526811599731,0.10390707105398178,0.22873526811599731,33.24585627714793,9,4810674.308965671,0.10390707105398178
0,2000000,10,25,False,0.0003,results_jan2021/results-Ant-v2--BC.csv,10,0,0,False,my_RL_experts,"(256, 64)",False,25,,,,0.0003,0,50,50,128,False,True,,,False,False,,False,0,True,,,,,False,1,,False,0,,1,1,4185.876482526697,1081.1383543957008,4468.895604278818,713.8536029687677,mse,BC,Ant-v2,22858,"[0.4762161710066578, 0.37094936, 0.31645983, 0.2807748, 0.25513244, 0.23641586, 0.22088431, 0.20932017, 0.19930097, 0.19144507]",9,1.0,1.0,False,0,1000,22858.000000000004,1793.9668809011412,1588.6166519660876,0.2612425982952118,0.1912582963705063,0.2612425982952118,3.2325576265652973,0,6779669.004835752,0.1912582963705063
0,4000000,10,25,False,0.0003,results_jan2021/results-Ant-v2--BC.csv,10,0,0,False,my_RL_experts,"(256, 64)",False,25,,,,0.0003,0,50,50,128,False,True,,,False,False,,False,0,True,,,,,False,1,,False,0,,1,1,4185.876482526697,1081.1383543957008,4468.895604278818,713.8536029687677,mse,BC,Ant-v2,22858,"[0.18430544136557606, 0.17770675, 0.17245324, 0.16712081, 0.16257294, 0.15804206, 0.15452327, 0.15144248, 0.1475984, 0.14534898]",9,1.0,1.0,False,1,1000,22858.000000000004,2022.447859814293,1791.4299100409708,0.22651004791259766,0.14437714219093323,0.22651004791259766,6.443176889419556,1,5930465.322054757,0.14437714219093323
0,6000000,10,25,False,0.0003,results_jan2021/results-Ant-v2--BC.csv,10,0,0,False,my_RL_experts,"(256, 64)",False,25,,,,0.0003,0,50,50,128,False,True,,,False,False,,False,0,True,,,,,False,1,,False,0,,1,1,4185.876482526697,1081.1383543957008,4468.895604278818,713.8536029687677,mse,BC,Ant-v2,22858,"[0.14267615406279843, 0.13994312, 0.1380916, 0.13534105, 0.13377175, 0.1319547, 0.13029762, 0.12868252, 0.12704118, 0.12568365]",9,1.0,1.0,False,2,1000,22858.000000000004,2681.1483347430594,1829.564986174715,0.21499544382095337,0.12564487755298615,0.21499544382095337,9.772806815306346,2,5497551.24598719,0.12564487755298615
0,8000000,10,25,False,0.0003,results_jan2021/results-Ant-v2--BC.csv,10,0,0,False,my_RL_experts,"(256, 64)",False,25,,,,0.0003,0,50,50,128,False,True,,,False,False,,False,0,True,,,,,False,1,,False,0,,1,1,4185.876482526697,1081.1383543957008,4468.895604278818,713.8536029687677,mse,BC,Ant-v2,22858,"[0.12404719775894378, 0.122480646, 0.12202622, 0.12017816, 0.119456924, 0.1181396, 0.11735478, 0.11612578, 0.11522923, 0.11430701]",9,1.0,1.0,False,3,1000,22858.000000000004,2810.763186996724,1880.9697075055458,0.20891238749027252,0.11338996142148972,0.20891238749027252,13.069936215877533,3,5099635.61901581,0.11338996142148972
0,10000000,10,25,False,0.0003,results_jan2021/results-Ant-v2--BC.csv,10,0,0,False,my_RL_experts,"(256, 64)",False,25,,,,0.0003,0,50,50,128,False,True,,,False,False,,False,0,True,,,,,False,1,,False,0,,1,1,4185.876482526697,1081.1383543957008,4468.895604278818,713.8536029687677,mse,BC,Ant-v2,22858,"[0.11330837410028945, 0.1122765, 0.11237852, 0.11070154, 0.11059807, 0.109583415, 0.109001994, 0.10810012, 0.10796368, 0.107022084]",9,1.0,1.0,False,4,1000,22858.000000000004,3664.947428420589,1284.7318470047471,0.2063930779695511,0.10657285898923874,0.2063930779695511,16.402516631285348,4,4574849.207906476,0.10657285898923874
0,12000000,10,25,False,0.0003,results_jan2021/results-Ant-v2--BC.csv,10,0,0,False,my_RL_experts,"(256, 64)",False,25,,,,0.0003,0,50,50,128,False,True,,,False,False,,False,0,True,,,,,False,1,,False,0,,1,1,4185.876482526697,1081.1383543957008,4468.895604278818,713.8536029687677,mse,BC,Ant-v2,22858,"[0.10623498858343673, 0.10555321, 0.10560346, 0.104270585, 0.1043744, 0.103596434, 0.10306682, 0.1024047, 0.10252267, 0.10160243]",9,1.0,1.0,False,5,1000,22858.000000000004,2586.216266975278,2283.734134633797,0.20498119294643402,0.10176495462656021,0.20498119294643402,19.66201106309891,5,4686735.005124961,0.10176495462656021
0,14000000,10,25,False,0.0003,results_jan2021/results-Ant-v2--BC.csv,10,0,0,False,my_RL_experts,"(256, 64)",False,25,,,,0.0003,0,50,50,128,False,True,,,False,False,,False,0,True,,,,,False,1,,False,0,,1,1,4185.876482526697,1081.1383543957008,4468.895604278818,713.8536029687677,mse,BC,Ant-v2,22858,"[0.1010663743814371, 0.10058395, 0.100810386, 0.09966175, 0.09972406, 0.09934735, 0.09869918, 0.09843127, 0.09842227, 0.09767275]",9,1.0,1.0,False,6,1000,22858.000000000004,3717.002231605197,1511.7592843496634,0.20437690615653992,0.09821954369544983,0.20437690615653992,22.994529859224954,6,4468924.9613296725,0.09821954369544983
0,16000000,10,25,False,0.0003,results_jan2021/results-Ant-v2--BC.csv,10,0,0,False,my_RL_experts,"(256, 64)",False,25,,,,0.0003,0,50,50,128,False,True,,,False,False,,False,0,True,,,,,False,1,,False,0,,1,1,4185.876482526697,1081.1383543957008,4468.895604278818,713.8536029687677,mse,BC,Ant-v2,22858,"[0.0972209866398951, 0.096758194, 0.096994, 0.09606965, 0.09596677, 0.09591982, 0.09528668, 0.095030986, 0.09510324, 0.094471574]",9,1.0,1.0,False,7,1000,22858.000000000004,3337.4322744809256,1597.123318125452,0.20352832973003387,0.09498266875743866,0.20352832973003387,26.294441533088683,7,4393876.024726494,0.09498266875743866
0,18000000,10,25,False,0.0003,results_jan2021/results-Ant-v2--BC.csv,10,0,0,False,my_RL_experts,"(256, 64)",False,25,,,,0.0003,0,50,50,128,False,True,,,False,False,,False,0,True,,,,,False,1,,False,0,,1,1,4185.876482526697,1081.1383543957008,4468.895604278818,713.8536029687677,mse,BC,Ant-v2,22858,"[0.09423545185509422, 0.09378367, 0.09379971, 0.0931412, 0.093073055, 0.09301931, 0.092664555, 0.09228047, 0.092349894, 0.091894045]",9,1.0,1.0,False,8,1000,22858.000000000004,2932.104291379774,1864.3250857410655,0.20338638126850128,0.09260320663452148,0.20338638126850128,29.51618865331014,8,4323858.816057226,0.09260320663452148
0,20000000,10,25,False,0.0003,results_jan2021/results-Ant-v2--BC.csv,10,0,0,False,my_RL_experts,"(256, 64)",False,25,,,,0.0003,0,50,50,128,False,True,,,False,False,,False,0,True,,,,,False,1,,False,0,,1,1,4185.876482526697,1081.1383543957008,4468.895604278818,713.8536029687677,mse,BC,Ant-v2,22858,"[0.09174713226841476, 0.091332644, 0.09136656, 0.09070862, 0.09073138, 0.090705045, 0.09030031, 0.09000738, 0.08999738, 0.08977554]",9,1.0,1.0,True,9,1000,22858.000000000004,3220.7547113507435,1944.1246892572972,0.20268815755844116,0.09024111926555634,0.20268815755844116,33.41137900352478,9,4323858.816057226,0.09024111926555634
0,2000000,10,25,True,0.0003,results_jan2021/results-Ant-v2--BC.csv,10,0,0,False,my_RL_experts,"(256, 64)",False,25,,,,0.0003,0,50,50,128,False,True,,,False,False,,False,0,True,,,,,False,1,,False,0,,1,1,4185.876482526697,1081.1383543957008,4468.895604278818,713.8536029687677,mse,BC+H,Ant-v2,22858,"[0.4457804416063891, 0.3507038, 0.30248573, 0.26992214, 0.2480699, 0.22935803, 0.21485448, 0.20328006, 0.19347005, 0.18531467]",9,1.0,1.0,False,0,1000,22858.000000000004,1361.355520283006,1466.5132344147314,0.2599693536758423,0.18136626482009888,0.2599693536758423,3.1686786929766337,0,6699689.420328132,0.18136626482009888
0,4000000,10,25,True,0.0003,results_jan2021/results-Ant-v2--BC.csv,10,0,0,False,my_RL_experts,"(256, 64)",False,25,,,,0.0003,0,50,50,128,False,True,,,False,False,,False,0,True,,,,,False,1,,False,0,,1,1,4185.876482526697,1081.1383543957008,4468.895604278818,713.8536029687677,mse,BC+H,Ant-v2,22858,"[0.1783881454539961, 0.17267127, 0.16713661, 0.16134647, 0.15777983, 0.15309171, 0.1496446, 0.14608261, 0.143186, 0.14044255]",9,1.0,1.0,False,1,1000,22858.000000000004,1955.8468020309083,1585.4035273362394,0.23445045948028564,0.13932234048843384,0.23445045948028564,6.436825160185496,1,5876689.439867027,0.13932234048843384
0,6000000,10,25,True,0.0003,results_jan2021/results-Ant-v2--BC.csv,10,0,0,False,my_RL_experts,"(256, 64)",False,25,,,,0.0003,0,50,50,128,False,True,,,False,False,,False,0,True,,,,,False,1,,False,0,,1,1,4185.876482526697,1081.1383543957008,4468.895604278818,713.8536029687677,mse,BC+H,Ant-v2,22858,"[0.13845685380751374, 0.13592103, 0.13421318, 0.13147645, 0.13008843, 0.1278852, 0.12659557, 0.12458126, 0.12357229, 0.1219983]",9,1.0,1.0,False,2,1000,22858.000000000004,1665.83855536819,2080.438575660824,0.2267305552959442,0.12249975651502609,0.2267305552959442,9.761041243871054,2,6438864.796636593,0.12249975651502609
0,8000000,10,25,True,0.0003,results_jan2021/results-Ant-v2--BC.csv,10,0,0,False,my_RL_experts,"(256, 64)",False,25,,,,0.0003,0,50,50,128,False,True,,,False,False,,False,0,True,,,,,False,1,,False,0,,1,1,4185.876482526697,1081.1383543957008,4468.895604278818,713.8536029687677,mse,BC+H,Ant-v2,22858,"[0.12103288471346531, 0.1193474, 0.11858292, 0.11697395, 0.11638829, 0.11480439, 0.11430472, 0.11295318, 0.11230824, 0.11150513]",9,1.0,1.0,False,3,1000,22858.000000000004,1894.7757553224449,1962.8844093997898,0.22254575788974762,0.11221954226493835,0.22254575788974762,13.013297947247823,3,6528079.73925399,0.11221954226493835
0,10000000,10,25,True,0.0003,results_jan2021/results-Ant-v2--BC.csv,10,0,0,False,my_RL_experts,"(256, 64)",False,25,,,,0.0003,0,50,50,128,False,True,,,False,False,,False,0,True,,,,,False,1,,False,0,,1,1,4185.876482526697,1081.1383543957008,4468.895604278818,713.8536029687677,mse,BC+H,Ant-v2,22858,"[0.1106530378951316, 0.10950247, 0.10913421, 0.10797108, 0.10797884, 0.106591456, 0.10649293, 0.10538153, 0.104923874, 0.1044124]",9,1.0,1.0,False,4,1000,22858.000000000004,2580.3294894921023,1904.5137571420144,0.21953743696212769,0.10500818490982056,0.21953743696212769,16.26516805489858,4,6202344.049859996,0.10500818490982056
0,12000000,10,25,True,0.0003,results_jan2021/results-Ant-v2--BC.csv,10,0,0,False,my_RL_experts,"(256, 64)",False,25,,,,0.0003,0,50,50,128,False,True,,,False,False,,False,0,True,,,,,False,1,,False,0,,1,1,4185.876482526697,1081.1383543957008,4468.895604278818,713.8536029687677,mse,BC+H,Ant-v2,22858,"[0.10387646396207965, 0.10288843, 0.10276266, 0.10174719, 0.10219025, 0.100740805, 0.10074908, 0.09998209, 0.09969144, 0.099308565]",9,1.0,1.0,False,5,1000,22858.000000000004,2225.275800059055,1893.797316991375,0.2162715345621109,0.09830399602651596,0.2162715345621109,19.449509553114574,5,6100268.004384988,0.09830399602651596
0,14000000,10,25,True,0.0003,results_jan2021/results-Ant-v2--BC.csv,10,0,0,False,my_RL_experts,"(256, 64)",False,25,,,,0.0003,0,50,50,128,False,True,,,False,False,,False,0,True,,,,,False,1,,False,0,,1,1,4185.876482526697,1081.1383543957008,4468.895604278818,713.8536029687677,mse,BC+H,Ant-v2,22858,"[0.09875388842560956, 0.09811598, 0.09807486, 0.097189054, 0.09769188, 0.0964856, 0.09659145, 0.09605012, 0.09578649, 0.09558743]",9,1.0,1.0,False,6,1000,22858.000000000004,2376.043387614436,2029.5178097579806,0.2155430018901825,0.09443575888872147,0.2155430018901825,22.64808693329493,6,5884316.442722316,0.09443575888872147
0,16000000,10,25,True,0.0003,results_jan2021/results-Ant-v2--BC.csv,10,0,0,False,my_RL_experts,"(256, 64)",False,25,,,,0.0003,0,50,50,128,False,True,,,False,False,,False,0,True,,,,,False,1,,False,0,,1,1,4185.876482526697,1081.1383543957008,4468.895604278818,713.8536029687677,mse,BC+H,Ant-v2,22858,"[0.09498857430107062, 0.094441555, 0.09465673, 0.09369989, 0.09437656, 0.093353875, 0.09322329, 0.092788786, 0.092678756, 0.09270687]",8,1.0,1.0,False,7,1000,22858.000000000004,2291.3972567915034,1939.6066646689565,0.21499216556549072,0.09118063747882843,0.21499216556549072,25.809304837385813,7,5764318.877925863,0.09118063747882843
0,18000000,10,25,True,0.0003,results_jan2021/results-Ant-v2--BC.csv,10,0,0,False,my_RL_experts,"(256, 64)",False,25,,,,0.0003,0,50,50,128,False,True,,,False,False,,False,0,True,,,,,False,1,,False,0,,1,1,4185.876482526697,1081.1383543957008,4468.895604278818,713.8536029687677,mse,BC+H,Ant-v2,22858,"[0.09214740339318245, 0.09160055, 0.091873005, 0.090786316, 0.09161171, 0.09067181, 0.09052231, 0.09025566, 0.089989424, 0.09026816]",8,1.0,1.0,False,8,1000,22858.000000000004,2549.6883984916444,1963.6759775200146,0.21502311527729034,0.0887921154499054,0.21502311527729034,29.08744498491287,8,5604770.8614521,0.0887921154499054
0,20000000,10,25,True,0.0003,results_jan2021/results-Ant-v2--BC.csv,10,0,0,False,my_RL_experts,"(256, 64)",False,25,,,,0.0003,0,50,50,128,False,True,,,False,False,,False,0,True,,,,,False,1,,False,0,,1,1,4185.876482526697,1081.1383543957008,4468.895604278818,713.8536029687677,mse,BC+H,Ant-v2,22858,"[0.08956424554929959, 0.089353725, 0.08955928, 0.0884523, 0.08910967, 0.088392675, 0.08812625, 0.08799983, 0.08774794, 0.08804212]",8,1.0,1.0,True,9,1000,22858.000000000004,2678.934384788061,1977.2215853351556,0.21513910591602325,0.08701153844594955,0.21513910591602325,32.98940595388412,9,5604770.8614521,0.08701153844594955
3,100000,10,25,False,0.0001,results_jan2021/results-Ant-v2--BC.csv,10,0,0,False,my_RL_experts,"(128, 32)",False,25,,,,0.0001,0,50,50,128,False,True,,,False,False,,False,0,True,,,,,False,1,,False,0,,1,1,4185.876482526697,1081.1383543957008,4468.895604278818,713.8536029687677,mse,BC,Ant-v2,22858,"[1.344521838807561, 1.9956806, 1.5326548, 1.3014953, 1.1654912, 1.0794864, 1.0189046, 0.9743568, 0.9383331, 0.91054296]",9,1.0,1.0,False,0,1000,22858.000000000004,881.5663923729533,187.46652051533022,0.877779483795166,0.890843391418457,0.877779483795166,1.5590915481249492,0,34.56192181159003,0.890843391418457
3,200000,10,25,False,0.0001,results_jan2021/results-Ant-v2--BC.csv,10,0,0,False,my_RL_experts,"(128, 32)",False,25,,,,0.0001,0,50,50,128,False,True,,,False,False,,False,0,True,,,,,False,1,,False,0,,1,1,4185.876482526697,1081.1383543957008,4468.895604278818,713.8536029687677,mse,BC,Ant-v2,22858,"[0.3827716861919963, 0.85845596, 0.8360826, 0.81667054, 0.7996253, 0.78471756, 0.7718754, 0.75912327, 0.74744976, 0.7374913]",0,1.0,1.0,False,1,1000,22858.000000000004,718.2902289149262,132.61289841211976,0.7263138890266418,0.7296082377433777,0.7263138890266418,3.1706289211908976,1,31.119822414014138,0.7296082377433777
3,300000,10,25,False,0.0001,results_jan2021/results-Ant-v2--BC.csv,10,0,0,False,my_RL_experts,"(128, 32)",False,25,,,,0.0001,0,50,50,128,False,True,,,False,False,,False,0,True,,,,,False,1,,False,0,,1,1,4185.876482526697,1081.1383543957008,4468.895604278818,713.8536029687677,mse,BC,Ant-v2,22858,"[0.31634960522385774, 0.71914434, 0.7112385, 0.7038915, 0.6963322, 0.6899317, 0.68410367, 0.67769736, 0.67173225, 0.66664827]",0,1.0,1.0,False,2,1000,22858.000000000004,762.998321949042,147.84683273307502,0.6643885970115662,0.6620826125144958,0.6643885970115662,4.800535106658936,2,28.655258452227287,0.6620826125144958
3,400000,10,25,False,0.0001,results_jan2021/results-Ant-v2--BC.csv,10,0,0,False,my_RL_experts,"(128, 32)",False,25,,,,0.0001,0,50,50,128,False,True,,,False,False,,False,0,True,,,,,False,1,,False,0,,1,1,4185.876482526697,1081.1383543957008,4468.895604278818,713.8536029687677,mse,BC,Ant-v2,22858,"[0.28719317394146016, 0.6562668, 0.6516815, 0.64753926, 0.6427888, 0.63868314, 0.6352363, 0.6306158, 0.62652236, 0.62313616]",0,1.0,1.0,False,3,1000,22858.000000000004,895.0634469248107,247.66152030979657,0.6253565549850464,0.619784414768219,0.6253565549850464,6.342546168963114,3,2032686.97767072,0.619784414768219
3,500000,10,25,False,0.0001,results_jan2021/results-Ant-v2--BC.csv,10,0,0,False,my_RL_experts,"(128, 32)",False,25,,,,0.0001,0,50,50,128,False,True,,,False,False,,False,0,True,,,,,False,1,,False,0,,1,1,4185.876482526697,1081.1383543957008,4468.895604278818,713.8536029687677,mse,BC,Ant-v2,22858,"[0.26887401682779, 0.6159161, 0.61266136, 0.60960585, 0.606058, 0.6031019, 0.6003532, 0.5967594, 0.5935351, 0.5909807]",0,1.0,1.0,False,4,1000,22858.000000000004,906.6049325469708,397.16904156302184,0.5962280035018921,0.5880851149559021,0.5962280035018921,7.756834185123443,4,2556999.279608612,0.5880851149559021
3,600000,10,25,False,0.0001,results_jan2021/results-Ant-v2--BC.csv,10,0,0,False,my_RL_experts,"(128, 32)",False,25,,,,0.0001,0,50,50,128,False,True,,,False,False,,False,0,True,,,,,False,1,,False,0,,1,1,4185.876482526697,1081.1383543957008,4468.895604278818,713.8536029687677,mse,BC,Ant-v2,22858,"[0.25515041601729155, 0.5853055, 0.582611, 0.5802294, 0.577311, 0.57490635, 0.57275265, 0.5696156, 0.56688964, 0.5646768]",0,1.0,1.0,False,5,1000,22858.000000000004,1167.252302650391,571.4068024582532,0.5722941160202026,0.5620803833007812,0.5722941160202026,9.163964597384135,5,3010589.5111907376,0.5620803833007812
3,700000,10,25,False,0.0001,results_jan2021/results-Ant-v2--BC.csv,10,0,0,False,my_RL_experts,"(128, 32)",False,25,,,,0.0001,0,50,50,128,False,True,,,False,False,,False,0,True,,,,,False,1,,False,0,,1,1,4185.876482526697,1081.1383543957008,4468.895604278818,713.8536029687677,mse,BC,Ant-v2,22858,"[0.24374469857031714, 0.55966437, 0.5572199, 0.55524266, 0.5525106, 0.55026317, 0.54826915, 0.5451736, 0.54273266, 0.5407058]",0,1.0,1.0,False,6,1000,22858.000000000004,947.7616973787583,481.0709702946127,0.5503685474395752,0.5379546284675598,0.5503685474395752,10.545515425999959,6,3778260.7934072143,0.5379546284675598
3,800000,10,25,False,0.0001,results_jan2021/results-Ant-v2--BC.csv,10,0,0,False,my_RL_experts,"(128, 32)",False,25,,,,0.0001,0,50,50,128,False,True,,,False,False,,False,0,True,,,,,False,1,,False,0,,1,1,4185.876482526697,1081.1383543957008,4468.895604278818,713.8536029687677,mse,BC,Ant-v2,22858,"[0.23298336502736808, 0.5357526, 0.5333884, 0.53159213, 0.52901834, 0.5271465, 0.52528316, 0.5223573, 0.520437, 0.5185149]",0,1.0,1.0,False,7,1000,22858.000000000004,837.9122512946434,457.93495372585124,0.5304932594299316,0.5160512328147888,0.5304932594299316,12.556390206019083,7,4455953.728245886,0.5160512328147888
3,900000,10,25,False,0.0001,results_jan2021/results-Ant-v2--BC.csv,10,0,0,False,my_RL_experts,"(128, 32)",False,25,,,,0.0001,0,50,50,128,False,True,,,False,False,,False,0,True,,,,,False,1,,False,0,,1,1,4185.876482526697,1081.1383543957008,4468.895604278818,713.8536029687677,mse,BC,Ant-v2,22858,"[0.22321890596105118, 0.5143094, 0.51224303, 0.5107038, 0.50843227, 0.5070206, 0.50534767, 0.50262415, 0.50122035, 0.4994064]",0,1.0,1.0,False,8,1000,22858.000000000004,1175.2647849350008,789.9449656476195,0.5135446786880493,0.49724307656288147,0.5135446786880493,14.621283249060314,8,4581923.295046815,0.49724307656288147
3,1000000,10,25,False,0.0001,results_jan2021/results-Ant-v2--BC.csv,10,0,0,False,my_RL_experts,"(128, 32)",False,25,,,,0.0001,0,50,50,128,False,True,,,False,False,,False,0,True,,,,,False,1,,False,0,,1,1,4185.876482526697,1081.1383543957008,4468.895604278818,713.8536029687677,mse,BC,Ant-v2,22858,"[0.21498444861396612, 0.49582908, 0.49414602, 0.49249366, 0.49065858, 0.48960042, 0.488087, 0.48554766, 0.48433334, 0.48262823]",0,1.0,1.0,True,9,1000,22858.000000000004,939.2231389836763,765.2738193286681,0.4986796975135803,0.4806359112262726,0.4986796975135803,17.551716752847035,9,4581923.295046815,0.4806359112262726
3,1000000,10,25,False,9e-05,results_jan2021/results-Ant-v2--BC.csv,10,0,0,False,my_RL_experts,"(128, 32)",False,25,,,,9e-05,0,50,50,128,False,True,,,False,False,,False,0,True,,,,,False,1,,False,0,,1,1,4185.876482526697,1081.1383543957008,4468.895604278818,713.8536029687677,mse,BC,Ant-v2,22858,"[0.9497931360304831, 0.7858106, 0.70908904, 0.6595643, 0.62350065, 0.59425616, 0.569347, 0.5473777, 0.5271102, 0.5089628]",9,1.0,1.0,False,0,1000,22858.000000000004,1192.4092650028267,898.2458610471414,0.5201840400695801,0.5045619010925293,0.5201840400695801,4.44974749883016,0,7022314.124900408,0.5045619010925293
3,2000000,10,25,False,9e-05,results_jan2021/results-Ant-v2--BC.csv,10,0,0,False,my_RL_experts,"(128, 32)",False,25,,,,9e-05,0,50,50,128,False,True,,,False,False,,False,0,True,,,,,False,1,,False,0,,1,1,4185.876482526697,1081.1383543957008,4468.895604278818,713.8536029687677,mse,BC,Ant-v2,22858,"[0.49247664727151796, 0.47837815, 0.46562177, 0.4536772, 0.44296736, 0.43314332, 0.4240928, 0.4159827, 0.40880564, 0.40196446]",9,1.0,1.0,False,1,1000,22858.000000000004,1181.6052308175097,929.0565677457818,0.4275386333465576,0.3991820812225342,0.4275386333465576,8.586830008029938,1,7724363.539144496,0.3991820812225342
3,3000000,10,25,False,9e-05,results_jan2021/results-Ant-v2--BC.csv,10,0,0,False,my_RL_experts,"(128, 32)",False,25,,,,9e-05,0,50,50,128,False,True,,,False,False,,False,0,True,,,,,False,1,,False,0,,1,1,4185.876482526697,1081.1383543957008,4468.895604278818,713.8536029687677,mse,BC,Ant-v2,22858,"[0.3955385087683814, 0.3900037, 0.38454983, 0.37921214, 0.37447646, 0.36995915, 0.365415, 0.36107093, 0.35724923, 0.35331136]",9,1.0,1.0,False,2,1000,22858.000000000004,804.563619697173,1000.6168194351578,0.38592126965522766,0.35098621249198914,0.38592126965522766,12.188286912441253,2,8778091.986546103,0.35098621249198914
3,4000000,10,25,False,9e-05,results_jan2021/results-Ant-v2--BC.csv,10,0,0,False,my_RL_experts,"(128, 32)",False,25,,,,9e-05,0,50,50,128,False,True,,,False,False,,False,0,True,,,,,False,1,,False,0,,1,1,4185.876482526697,1081.1383543957008,4468.895604278818,713.8536029687677,mse,BC,Ant-v2,22858,"[0.34943000613435937, 0.3460379, 0.3426611, 0.3391312, 0.3360502, 0.3330752, 0.32977375, 0.32690167, 0.32430944, 0.3217429]",9,1.0,1.0,False,3,1000,22858.000000000004,1176.444032078461,1099.0976109697563,0.35943517088890076,0.3195503354072571,0.35943517088890076,15.97384298245112,3,9629933.915547352,0.3195503354072571
3,5000000,10,25,False,9e-05,results_jan2021/results-Ant-v2--BC.csv,10,0,0,False,my_RL_experts,"(128, 32)",False,25,,,,9e-05,0,50,50,128,False,True,,,False,False,,False,0,True,,,,,False,1,,False,0,,1,1,4185.876482526697,1081.1383543957008,4468.895604278818,713.8536029687677,mse,BC,Ant-v2,22858,"[0.3189663325745822, 0.31668234, 0.3143211, 0.31186068, 0.30967277, 0.3076579, 0.30518082, 0.3033706, 0.30145758, 0.29958048]",9,1.0,1.0,False,4,1000,22858.000000000004,1206.7643454304782,1332.2842725955115,0.34127724170684814,0.29748421907424927,0.34127724170684814,19.033252783616383,4,9381404.976249937,0.29748421907424927
3,6000000,10,25,False,9e-05,results_jan2021/results-Ant-v2--BC.csv,10,0,0,False,my_RL_experts,"(128, 32)",False,25,,,,9e-05,0,50,50,128,False,True,,,False,False,,False,0,True,,,,,False,1,,False,0,,1,1,4185.876482526697,1081.1383543957008,4468.895604278818,713.8536029687677,mse,BC,Ant-v2,22858,"[0.29739738081987127, 0.29576483, 0.29398003, 0.2921959, 0.29052043, 0.2889831, 0.28695065, 0.28567564, 0.28417173, 0.28281063]",9,1.0,1.0,False,5,1000,22858.000000000004,1540.6201241542058,1583.709201847558,0.32720091938972473,0.280731201171875,0.32720091938972473,22.934339721997578,5,9283249.66128402,0.280731201171875
3,7000000,10,25,False,9e-05,results_jan2021/results-Ant-v2--BC.csv,10,0,0,False,my_RL_experts,"(128, 32)",False,25,,,,9e-05,0,50,50,128,False,True,,,False,False,,False,0,True,,,,,False,1,,False,0,,1,1,4185.876482526697,1081.1383543957008,4468.895604278818,713.8536029687677,mse,BC,Ant-v2,22858,"[0.28108270789512857, 0.27978802, 0.27837998, 0.27706352, 0.27577654, 0.2745404, 0.2729992, 0.27210528, 0.27082977, 0.2699272]",9,1.0,1.0,False,6,1000,22858.000000000004,1376.2713302307463,1794.6002694372646,0.3163711726665497,0.2679554522037506,0.3163711726665497,27.32113617658615,6,9293886.800093176,0.2679554522037506
3,8000000,10,25,False,9e-05,results_jan2021/results-Ant-v2--BC.csv,10,0,0,False,my_RL_experts,"(128, 32)",False,25,,,,9e-05,0,50,50,128,False,True,,,False,False,,False,0,True,,,,,False,1,,False,0,,1,1,4185.876482526697,1081.1383543957008,4468.895604278818,713.8536029687677,mse,BC,Ant-v2,22858,"[0.2685480585999008, 0.26757511, 0.266428, 0.26543823, 0.26444796, 0.2634682, 0.26217276, 0.26147428, 0.26040998, 0.25968003]",9,1.0,1.0,False,7,1000,22858.000000000004,1200.635094945241,1636.7035373804242,0.30772632360458374,0.25769686698913574,0.30772632360458374,31.443221656481423,7,9063471.78811318,0.25769686698913574
3,9000000,10,25,False,9e-05,results_jan2021/results-Ant-v2--BC.csv,10,0,0,False,my_RL_experts,"(128, 32)",False,25,,,,9e-05,0,50,50,128,False,True,,,False,False,,False,0,True,,,,,False,1,,False,0,,1,1,4185.876482526697,1081.1383543957008,4468.895604278818,713.8536029687677,mse,BC,Ant-v2,22858,"[0.25858370247557544, 0.2578244, 0.25677714, 0.25596812, 0.2551944, 0.25445896, 0.25331044, 0.25270858, 0.25182945, 0.25120628]",9,1.0,1.0,False,8,1000,22858.000000000004,1967.7440384881752,1805.2339130406247,0.3004339635372162,0.24926985800266266,0.3004339635372162,35.91124193271001,8,8733514.282796161,0.24926985800266266
3,10000000,10,25,False,9e-05,results_jan2021/results-Ant-v2--BC.csv,10,0,0,False,my_RL_experts,"(128, 32)",False,25,,,,9e-05,0,50,50,128,False,True,,,False,False,,False,0,True,,,,,False,1,,False,0,,1,1,4185.876482526697,1081.1383543957008,4468.895604278818,713.8536029687677,mse,BC,Ant-v2,22858,"[0.2502159613412297, 0.24961716, 0.24870564, 0.24804106, 0.24735694, 0.24675551, 0.24572386, 0.2452184, 0.24443251, 0.24393462]",9,1.0,1.0,True,9,1000,22858.000000000004,1576.814631112853,1747.7521028908677,0.2940962314605713,0.24205076694488525,0.2940962314605713,42.644976727167766,9,8733514.282796161,0.24205076694488525
3,1000000,10,25,True,9e-05,results_jan2021/results-Ant-v2--BC.csv,10,0,0,False,my_RL_experts,"(128, 32)",False,25,,,,9e-05,0,50,50,128,False,True,,,False,False,,False,0,True,,,,,False,1,,False,0,,1,1,4185.876482526697,1081.1383543957008,4468.895604278818,713.8536029687677,mse,BC+H,Ant-v2,22858,"[0.983632352319821, 0.74915326, 0.6587307, 0.60343516, 0.5640654, 0.5345171, 0.51083267, 0.49251664, 0.47638914, 0.46286607]",9,1.0,1.0,False,0,1000,22858.000000000004,933.7116847094677,744.5372398409797,0.4766850471496582,0.45860224962234497,0.4766850471496582,3.414587712287903,0,8508299.355791092,0.45860224962234497
3,2000000,10,25,True,9e-05,results_jan2021/results-Ant-v2--BC.csv,10,0,0,False,my_RL_experts,"(128, 32)",False,25,,,,9e-05,0,50,50,128,False,True,,,False,False,,False,0,True,,,,,False,1,,False,0,,1,1,4185.876482526697,1081.1383543957008,4468.895604278818,713.8536029687677,mse,BC+H,Ant-v2,22858,"[0.4500321087597176, 0.43930036, 0.42971292, 0.42064467, 0.41241288, 0.4052114, 0.39783528, 0.39184022, 0.38536572, 0.38002554]",9,1.0,1.0,False,1,1000,22858.000000000004,1242.6267435654547,1333.0388815752165,0.4084973931312561,0.37723684310913086,0.4084973931312561,7.235964365800222,1,8136665.557462703,0.37723684310913086
3,3000000,10,25,True,9e-05,results_jan2021/results-Ant-v2--BC.csv,10,0,0,False,my_RL_experts,"(128, 32)",False,25,,,,9e-05,0,50,50,128,False,True,,,False,False,,False,0,True,,,,,False,1,,False,0,,1,1,4185.876482526697,1081.1383543957008,4468.895604278818,713.8536029687677,mse,BC+H,Ant-v2,22858,"[0.37429712339339344, 0.36956328, 0.36508766, 0.36038968, 0.35604945, 0.35221523, 0.3479052, 0.3446329, 0.340855, 0.33773184]",9,1.0,1.0,False,2,1000,22858.000000000004,1402.2697958514955,1201.7231574751409,0.3732565939426422,0.3352012038230896,0.3732565939426422,11.12690661350886,2,8056015.74609375,0.3352012038230896
3,4000000,10,25,True,9e-05,results_jan2021/results-Ant-v2--BC.csv,10,0,0,False,my_RL_experts,"(128, 32)",False,25,,,,9e-05,0,50,50,128,False,True,,,False,False,,False,0,True,,,,,False,1,,False,0,,1,1,4185.876482526697,1081.1383543957008,4468.895604278818,713.8536029687677,mse,BC+H,Ant-v2,22858,"[0.3340316674670356, 0.33111784, 0.32835168, 0.32511264, 0.3223096, 0.31969756, 0.3166116, 0.31431642, 0.3115382, 0.3092715]",9,1.0,1.0,False,3,1000,22858.000000000004,1249.4170545089505,1317.2374142482013,0.34927111864089966,0.30698931217193604,0.34927111864089966,15.552896356582641,3,8077756.12044335,0.30698931217193604
3,5000000,10,25,True,9e-05,results_jan2021/results-Ant-v2--BC.csv,10,0,0,False,my_RL_experts,"(128, 32)",False,25,,,,9e-05,0,50,50,128,False,True,,,False,False,,False,0,True,,,,,False,1,,False,0,,1,1,4185.876482526697,1081.1383543957008,4468.895604278818,713.8536029687677,mse,BC+H,Ant-v2,22858,"[0.30661616474015185, 0.30461, 0.30258283, 0.30025956, 0.29831, 0.29639152, 0.29416454, 0.29264182, 0.29064083, 0.28894013]",9,1.0,1.0,False,4,1000,22858.000000000004,1545.4255222130496,1485.3482069536049,0.3323410749435425,0.2870039641857147,0.3323410749435425,19.160428508122763,4,7971568.717634201,0.2870039641857147
3,6000000,10,25,True,9e-05,results_jan2021/results-Ant-v2--BC.csv,10,0,0,False,my_RL_experts,"(128, 32)",False,25,,,,9e-05,0,50,50,128,False,True,,,False,False,,False,0,True,,,,,False,1,,False,0,,1,1,4185.876482526697,1081.1383543957008,4468.895604278818,713.8536029687677,mse,BC+H,Ant-v2,22858,"[0.28693833785766854, 0.28548804, 0.28382346, 0.28204322, 0.2804576, 0.27877405, 0.27698743, 0.27565938, 0.2740179, 0.2726188]",9,1.0,1.0,False,5,1000,22858.000000000004,1265.9386196533376,1782.3884809834963,0.3189595341682434,0.27078956365585327,0.3189595341682434,23.087385420004527,5,8140656.618930815,0.27078956365585327
3,7000000,10,25,True,9e-05,results_jan2021/results-Ant-v2--BC.csv,10,0,0,False,my_RL_experts,"(128, 32)",False,25,,,,9e-05,0,50,50,128,False,True,,,False,False,,False,0,True,,,,,False,1,,False,0,,1,1,4185.876482526697,1081.1383543957008,4468.895604278818,713.8536029687677,mse,BC+H,Ant-v2,22858,"[0.2709275716647225, 0.2698663, 0.26847616, 0.2669722, 0.26583353, 0.26441664, 0.26297212, 0.26191878, 0.26068574, 0.25945508]",9,1.0,1.0,False,6,1000,22858.000000000004,1648.8486746073283,1757.164019991727,0.3083152770996094,0.2575942873954773,0.3083152770996094,27.2603058497111,6,8037495.385431293,0.2575942873954773
3,8000000,10,25,True,9e-05,results_jan2021/results-Ant-v2--BC.csv,10,0,0,False,my_RL_experts,"(128, 32)",False,25,,,,9e-05,0,50,50,128,False,True,,,False,False,,False,0,True,,,,,False,1,,False,0,,1,1,4185.876482526697,1081.1383543957008,4468.895604278818,713.8536029687677,mse,BC+H,Ant-v2,22858,"[0.25806172345187595, 0.25720388, 0.25605386, 0.25481316, 0.25380877, 0.2526285, 0.25139484, 0.25046915, 0.24949431, 0.24845873]",9,1.0,1.0,False,7,1000,22858.000000000004,1348.2350833240575,1689.1311443094905,0.29936763644218445,0.24675442278385162,0.29936763644218445,31.345118935902914,7,8008020.835905088,0.24675442278385162
3,9000000,10,25,True,9e-05,results_jan2021/results-Ant-v2--BC.csv,10,0,0,False,my_RL_experts,"(128, 32)",False,25,,,,9e-05,0,50,50,128,False,True,,,False,False,,False,0,True,,,,,False,1,,False,0,,1,1,4185.876482526697,1081.1383543957008,4468.895604278818,713.8536029687677,mse,BC+H,Ant-v2,22858,"[0.24732390328896164, 0.24669293, 0.24568212, 0.2447337, 0.24393432, 0.24296106, 0.24191414, 0.24116902, 0.24041595, 0.23953481]",9,1.0,1.0,False,8,1000,22858.000000000004,1629.999404786136,1611.0457725009803,0.2920253276824951,0.23788608610630035,0.2920253276824951,35.12034120957057,8,7781041.111101154,0.23788608610630035
3,10000000,10,25,True,9e-05,results_jan2021/results-Ant-v2--BC.csv,10,0,0,False,my_RL_experts,"(128, 32)",False,25,,,,9e-05,0,50,50,128,False,True,,,False,False,,False,0,True,,,,,False,1,,False,0,,1,1,4185.876482526697,1081.1383543957008,4468.895604278818,713.8536029687677,mse,BC+H,Ant-v2,22858,"[0.23858054737145354, 0.23804237, 0.23721774, 0.2363646, 0.23568574, 0.23484829, 0.23397928, 0.23330942, 0.23273584, 0.23191945]",9,1.0,1.0,True,9,1000,22858.000000000004,1831.585068832432,1738.8051485775034,0.285834938287735,0.23039159178733826,0.285834938287735,40.392023758093515,9,7781041.111101154,0.23039159178733826
3,1000000,10,25,False,0.001,results_jan2021/results-Ant-v2--BC.csv,10,0,0,False,my_RL_experts,"(64, 64, 64, 64)",False,25,,,,0.001,0,50,50,128,False,True,,,False,False,,False,0,True,,,,,False,1,,False,0,,1,1,4185.876482526697,1081.1383543957008,4468.895604278818,713.8536029687677,mse,BC,Ant-v2,22858,"[0.4859675797831434, 0.38014436, 0.32285568, 0.28684804, 0.26126543, 0.24326515, 0.22858617, 0.21788119, 0.20909335, 0.20012422]",9,1.0,1.0,False,0,1000,22858.000000000004,3030.5542287418375,1591.1114341297493,0.2517795264720917,0.1970735490322113,0.2517795264720917,4.8116682012875875,0,4445767.1006889865,0.1970735490322113
3,2000000,10,25,False,0.001,results_jan2021/results-Ant-v2--BC.csv,10,0,0,False,my_RL_experts,"(64, 64, 64, 64)",False,25,,,,0.001,0,50,50,128,False,True,,,False,False,,False,0,True,,,,,False,1,,False,0,,1,1,4185.876482526697,1081.1383543957008,4468.895604278818,713.8536029687677,mse,BC,Ant-v2,22858,"[0.194457176191897, 0.18954323, 0.18382084, 0.17806561, 0.17633635, 0.17126742, 0.1695062, 0.16602609, 0.16451198, 0.16061012]",9,1.0,1.0,False,1,1000,22858.000000000004,3008.1941309380027,1901.0952704990984,0.22428615391254425,0.1563718318939209,0.22428615391254425,10.25645572344462,1,5463964.743518008,0.1563718318939209
3,3000000,10,25,False,0.001,results_jan2021/results-Ant-v2--BC.csv,10,0,0,False,my_RL_experts,"(64, 64, 64, 64)",False,25,,,,0.001,0,50,50,128,False,True,,,False,False,,False,0,True,,,,,False,1,,False,0,,1,1,4185.876482526697,1081.1383543957008,4468.895604278818,713.8536029687677,mse,BC,Ant-v2,22858,"[0.1590856887429771, 0.15905024, 0.15581654, 0.153594, 0.15259928, 0.15014723, 0.14978813, 0.14874972, 0.14711161, 0.1459996]",9,1.0,1.0,False,2,1000,22858.000000000004,3353.874427425156,1571.66915020871,0.2145967334508896,0.13936494290828705,0.2145967334508896,16.40342529217402,2,5292786.553486033,0.13936494290828705
3,4000000,10,25,False,0.001,results_jan2021/results-Ant-v2--BC.csv,10,0,0,False,my_RL_experts,"(64, 64, 64, 64)",False,25,,,,0.001,0,50,50,128,False,True,,,False,False,,False,0,True,,,,,False,1,,False,0,,1,1,4185.876482526697,1081.1383543957008,4468.895604278818,713.8536029687677,mse,BC,Ant-v2,22858,"[0.14406043891907636, 0.14492553, 0.14344354, 0.14259695, 0.14123425, 0.13904417, 0.13970727, 0.13894829, 0.13842735, 0.13742773]",9,1.0,1.0,False,3,1000,22858.000000000004,3306.628349624484,1811.0481439780167,0.21112856268882751,0.1317402869462967,0.21112856268882751,21.540767546494802,3,5064983.2950346,0.1317402869462967
3,5000000,10,25,False,0.001,results_jan2021/results-Ant-v2--BC.csv,10,0,0,False,my_RL_experts,"(64, 64, 64, 64)",False,25,,,,0.001,0,50,50,128,False,True,,,False,False,,False,0,True,,,,,False,1,,False,0,,1,1,4185.876482526697,1081.1383543957008,4468.895604278818,713.8536029687677,mse,BC,Ant-v2,22858,"[0.13575706515552555, 0.13654111, 0.135085, 0.13523942, 0.13449475, 0.13303152, 0.13300855, 0.13275649, 0.13204189, 0.13187686]",9,1.0,1.0,False,4,1000,22858.000000000004,3596.612448009839,1647.792647233216,0.2104976326227188,0.12808148562908173,0.2104976326227188,27.156799260775248,4,4889708.011448813,0.12808148562908173
3,6000000,10,25,False,0.001,results_jan2021/results-Ant-v2--BC.csv,10,0,0,False,my_RL_experts,"(64, 64, 64, 64)",False,25,,,,0.001,0,50,50,128,False,True,,,False,False,,False,0,True,,,,,False,1,,False,0,,1,1,4185.876482526697,1081.1383543957008,4468.895604278818,713.8536029687677,mse,BC,Ant-v2,22858,"[0.13057888034691303, 0.13092671, 0.13017951, 0.1303331, 0.12988472, 0.12856801, 0.12819104, 0.1285915, 0.12870887, 0.12740873]",9,1.0,1.0,False,5,1000,22858.000000000004,3329.8814816204,1873.0492954001988,0.20821017026901245,0.12309807538986206,0.20821017026901245,32.70021727482478,5,4801162.14471011,0.12309807538986206
3,7000000,10,25,False,0.001,results_jan2021/results-Ant-v2--BC.csv,10,0,0,False,my_RL_experts,"(64, 64, 64, 64)",False,25,,,,0.001,0,50,50,128,False,True,,,False,False,,False,0,True,,,,,False,1,,False,0,,1,1,4185.876482526697,1081.1383543957008,4468.895604278818,713.8536029687677,mse,BC,Ant-v2,22858,"[0.12675036888109228, 0.12697531, 0.12633035, 0.12660217, 0.12561251, 0.12535046, 0.12469087, 0.12541547, 0.12518826, 0.124373704]",9,1.0,1.0,False,6,1000,22858.000000000004,2547.7199696339653,2038.2138931262168,0.20872263610363007,0.12126883864402771,0.20872263610363007,38.04266372124354,6,4943930.046812823,0.12126883864402771
3,8000000,10,25,False,0.001,results_jan2021/results-Ant-v2--BC.csv,10,0,0,False,my_RL_experts,"(64, 64, 64, 64)",False,25,,,,0.001,0,50,50,128,False,True,,,False,False,,False,0,True,,,,,False,1,,False,0,,1,1,4185.876482526697,1081.1383543957008,4468.895604278818,713.8536029687677,mse,BC,Ant-v2,22858,"[0.12352694155187151, 0.124081925, 0.12372931, 0.12320479, 0.12329121, 0.122869425, 0.121996805, 0.12289623, 0.12209061, 0.12182013]",9,1.0,1.0,False,7,1000,22858.000000000004,3404.313187576837,1350.0254054104234,0.2089342325925827,0.11936957389116287,0.2089342325925827,42.32377181450526,7,4812230.077717724,0.11936957389116287
3,9000000,10,25,False,0.001,results_jan2021/results-Ant-v2--BC.csv,10,0,0,False,my_RL_experts,"(64, 64, 64, 64)",False,25,,,,0.001,0,50,50,128,False,True,,,False,False,,False,0,True,,,,,False,1,,False,0,,1,1,4185.876482526697,1081.1383543957008,4468.895604278818,713.8536029687677,mse,BC,Ant-v2,22858,"[0.12117430568282268, 0.12181981, 0.12108018, 0.12102155, 0.12128414, 0.120896116, 0.11992872, 0.12124168, 0.12074816, 0.12009516]",6,1.0,1.0,False,8,1000,22858.000000000004,3106.4860429013743,1735.1056703634588,0.20878396928310394,0.1177942305803299,0.20878396928310394,46.58612476587295,8,4809072.345023677,0.1177942305803299
3,10000000,10,25,False,0.001,results_jan2021/results-Ant-v2--BC.csv,10,0,0,False,my_RL_experts,"(64, 64, 64, 64)",False,25,,,,0.001,0,50,50,128,False,True,,,False,False,,False,0,True,,,,,False,1,,False,0,,1,1,4185.876482526697,1081.1383543957008,4468.895604278818,713.8536029687677,mse,BC,Ant-v2,22858,"[0.11924897059387848, 0.11991497, 0.119289026, 0.1197407, 0.11953017, 0.118874095, 0.1182579, 0.1195597, 0.11930322, 0.118463986]",6,1.0,1.0,True,9,1000,22858.000000000004,2691.703302466622,2034.835888719526,0.2076931595802307,0.1155068650841713,0.2076931595802307,51.45779967705409,9,4809072.345023677,0.1155068650841713
3,1000000,10,25,True,0.001,results_jan2021/results-Ant-v2--BC.csv,10,0,0,False,my_RL_experts,"(64, 64, 64, 64)",False,25,,,,0.001,0,50,50,128,False,True,,,False,False,,False,0,True,,,,,False,1,,False,0,,1,1,4185.876482526697,1081.1383543957008,4468.895604278818,713.8536029687677,mse,BC+H,Ant-v2,22858,"[0.47931721282751966, 0.37246156, 0.3192472, 0.28720325, 0.26208255, 0.24429037, 0.22882333, 0.21938723, 0.21009852, 0.20234916]",9,1.0,1.0,False,0,1000,22858.000000000004,2523.679665695713,1890.8955423772184,0.26434287428855896,0.2060902714729309,0.26434287428855896,5.115317189693451,0,6420156.079761505,0.2060902714729309
3,2000000,10,25,True,0.001,results_jan2021/results-Ant-v2--BC.csv,10,0,0,False,my_RL_experts,"(64, 64, 64, 64)",False,25,,,,0.001,0,50,50,128,False,True,,,False,False,,False,0,True,,,,,False,1,,False,0,,1,1,4185.876482526697,1081.1383543957008,4468.895604278818,713.8536029687677,mse,BC+H,Ant-v2,22858,"[0.19593226589142373, 0.19026738, 0.18503922, 0.18127735, 0.17703493, 0.17443502, 0.1710456, 0.16836712, 0.1643496, 0.163006]",9,1.0,1.0,False,1,1000,22858.000000000004,3159.9837012298312,1704.018084811761,0.23368296027183533,0.16333849728107452,0.23368296027183533,11.977644916375478,1,5730521.797512068,0.16333849728107452
3,3000000,10,25,True,0.001,results_jan2021/results-Ant-v2--BC.csv,10,0,0,False,my_RL_experts,"(64, 64, 64, 64)",False,25,,,,0.001,0,50,50,128,False,True,,,False,False,,False,0,True,,,,,False,1,,False,0,,1,1,4185.876482526697,1081.1383543957008,4468.895604278818,713.8536029687677,mse,BC+H,Ant-v2,22858,"[0.16106239163081043, 0.1586967, 0.15744025, 0.15440911, 0.15398894, 0.15251687, 0.15010917, 0.15032202, 0.14824586, 0.1461479]",9,1.0,1.0,False,2,1000,22858.000000000004,2778.396634948093,1952.8814410863238,0.22012832760810852,0.14282892644405365,0.22012832760810852,19.48786983092626,2,6055958.11152648,0.14282892644405365
3,4000000,10,25,True,0.001,results_jan2021/results-Ant-v2--BC.csv,10,0,0,False,my_RL_experts,"(64, 64, 64, 64)",False,25,,,,0.001,0,50,50,128,False,True,,,False,False,,False,0,True,,,,,False,1,,False,0,,1,1,4185.876482526697,1081.1383543957008,4468.895604278818,713.8536029687677,mse,BC+H,Ant-v2,22858,"[0.14528508403281287, 0.1444471, 0.1439852, 0.14250521, 0.14135197, 0.14165863, 0.13979577, 0.14050394, 0.13916016, 0.13744447]",9,1.0,1.0,False,3,1000,22858.000000000004,3053.9634802218557,1967.3411146150552,0.21597757935523987,0.13478459417819977,0.21597757935523987,26.9061030904452,3,5966501.005878464,0.13478459417819977
3,5000000,10,25,True,0.001,results_jan2021/results-Ant-v2--BC.csv,10,0,0,False,my_RL_experts,"(64, 64, 64, 64)",False,25,,,,0.001,0,50,50,128,False,True,,,False,False,,False,0,True,,,,,False,1,,False,0,,1,1,4185.876482526697,1081.1383543957008,4468.895604278818,713.8536029687677,mse,BC+H,Ant-v2,22858,"[0.13708116175127985, 0.13625464, 0.13668746, 0.13532263, 0.13364072, 0.13535427, 0.13355197, 0.13411032, 0.13216324, 0.13210395]",9,1.0,1.0,False,4,1000,22858.000000000004,3333.5156211608446,1961.1469755871512,0.21147164702415466,0.1272423416376114,0.21147164702415466,34.04776717027028,4,5473585.839044558,0.1272423416376114
3,6000000,10,25,True,0.001,results_jan2021/results-Ant-v2--BC.csv,10,0,0,False,my_RL_experts,"(64, 64, 64, 64)",False,25,,,,0.001,0,50,50,128,False,True,,,False,False,,False,0,True,,,,,False,1,,False,0,,1,1,4185.876482526697,1081.1383543957008,4468.895604278818,713.8536029687677,mse,BC+H,Ant-v2,22858,"[0.13137099435461078, 0.13171764, 0.13110498, 0.12991937, 0.12894239, 0.12927401, 0.12867215, 0.12960882, 0.12819882, 0.12785302]",9,1.0,1.0,False,5,1000,22858.000000000004,3725.1095871037523,1461.5366769814148,0.209067240357399,0.12280591577291489,0.209067240357399,40.00826709270477,5,5012656.727411276,0.12280591577291489
3,7000000,10,25,True,0.001,results_jan2021/results-Ant-v2--BC.csv,10,0,0,False,my_RL_experts,"(64, 64, 64, 64)",False,25,,,,0.001,0,50,50,128,False,True,,,False,False,,False,0,True,,,,,False,1,,False,0,,1,1,4185.876482526697,1081.1383543957008,4468.895604278818,713.8536029687677,mse,BC+H,Ant-v2,22858,"[0.12731481482587864, 0.12755314, 0.12746082, 0.12565482, 0.1259064, 0.1259306, 0.12557176, 0.12623392, 0.12584667, 0.124868155]",9,1.0,1.0,False,6,1000,22858.000000000004,2969.073735879475,2277.321733985442,0.20921532809734344,0.12081608176231384,0.20921532809734344,45.63407584428787,6,5225903.707359329,0.12081608176231384
3,8000000,10,25,True,0.001,results_jan2021/results-Ant-v2--BC.csv,10,0,0,False,my_RL_experts,"(64, 64, 64, 64)",False,25,,,,0.001,0,50,50,128,False,True,,,False,False,,False,0,True,,,,,False,1,,False,0,,1,1,4185.876482526697,1081.1383543957008,4468.895604278818,713.8536029687677,mse,BC+H,Ant-v2,22858,"[0.12463969590253966, 0.124443896, 0.12516485, 0.12334196, 0.12336926, 0.12353587, 0.123092726, 0.12371256, 0.122667514, 0.12292397]",8,1.0,1.0,False,7,1000,22858.000000000004,3193.478169865155,1706.7670740712615,0.20934371650218964,0.11950057744979858,0.20934371650218964,50.0176913579305,7,5034028.141473761,0.11950057744979858
3,9000000,10,25,True,0.001,results_jan2021/results-Ant-v2--BC.csv,10,0,0,False,my_RL_experts,"(64, 64, 64, 64)",False,25,,,,0.001,0,50,50,128,False,True,,,False,False,,False,0,True,,,,,False,1,,False,0,,1,1,4185.876482526697,1081.1383543957008,4468.895604278818,713.8536029687677,mse,BC+H,Ant-v2,22858,"[0.12199605712820101, 0.122217774, 0.1226506, 0.12063555, 0.121400595, 0.12138006, 0.120782234, 0.12162839, 0.12068929, 0.12129917]",3,1.0,1.0,False,8,1000,22858.000000000004,3046.564918092883,2041.591766567981,0.20968011021614075,0.11846131086349487,0.20968011021614075,54.07055891752243,8,5271090.636266705,0.11846131086349487
3,10000000,10,25,True,0.001,results_jan2021/results-Ant-v2--BC.csv,10,0,0,False,my_RL_experts,"(64, 64, 64, 64)",False,25,,,,0.001,0,50,50,128,False,True,,,False,False,,False,0,True,,,,,False,1,,False,0,,1,1,4185.876482526697,1081.1383543957008,4468.895604278818,713.8536029687677,mse,BC+H,Ant-v2,22858,"[0.12011883920212416, 0.12035727, 0.121057905, 0.119021535, 0.119490705, 0.11961598, 0.11984217, 0.11953517, 0.11881185, 0.11906789]",8,1.0,1.0,True,9,1000,22858.000000000004,3524.9697888947107,1755.2366583885996,0.208974689245224,0.11627762764692307,0.208974689245224,58.519426091512045,9,5271090.636266705,0.11627762764692307
0,10000000,10,25,False,0.001,results_jan2021/results-Ant-v2--BC.csv,4,0,0,False,my_RL_experts,"(100, 100)",False,25,,,,0.001,0,50,50,128,False,True,,,False,False,,False,0,True,,,,,False,1,,False,0,,1,1,4185.876482526697,1081.1383543957008,4468.895604278818,713.8536029687677,mse,BC,Ant-v2,22858,"[0.20594861369160533, 0.16622192, 0.15107028, 0.14208518, 0.13659133, 0.13171105, 0.12864394, 0.12575863, 0.123363785, 0.12199187]",9,1.0,1.0,False,0,1000,22858.000000000004,3008.0172729257597,1842.8066923350095,0.20592723786830902,0.12481703609228134,0.20592723786830902,45.308074323336285,0,3896335.6911994475,0.12481703609228134
0,20000000,10,25,False,0.001,results_jan2021/results-Ant-v2--BC.csv,4,0,0,False,my_RL_experts,"(100, 100)",False,25,,,,0.001,0,50,50,128,False,True,,,False,False,,False,0,True,,,,,False,1,,False,0,,1,1,4185.876482526697,1081.1383543957008,4468.895604278818,713.8536029687677,mse,BC,Ant-v2,22858,"[0.12025381048949547, 0.11871075, 0.11731041, 0.11576966, 0.11521585, 0.11401609, 0.113727994, 0.11304563, 0.112136595, 0.1116575]",9,1.0,1.0,False,1,1000,22858.000000000004,3737.649330256773,1412.3280135694895,0.20134463906288147,0.11466860771179199,0.20134463906288147,76.04981583754221,1,3537306.479117331,0.11466860771179199
0,30000000,10,25,False,0.001,results_jan2021/results-Ant-v2--BC.csv,4,0,0,False,my_RL_experts,"(100, 100)",False,25,,,,0.001,0,50,50,128,False,True,,,False,False,,False,0,True,,,,,False,1,,False,0,,1,1,4185.876482526697,1081.1383543957008,4468.895604278818,713.8536029687677,mse,BC,Ant-v2,22858,"[0.11137871619180612, 0.11084718, 0.11014824, 0.109512016, 0.10940465, 0.10886282, 0.10867951, 0.10855126, 0.108111724, 0.10782473]",9,1.0,1.0,False,2,1000,22858.000000000004,3906.532423352501,1633.7519227220262,0.20019258558750153,0.11010007560253143,0.20019258558750153,102.87624188661576,2,3341611.409011933,0.11010007560253143
0,40000000,10,25,False,0.001,results_jan2021/results-Ant-v2--BC.csv,4,0,0,False,my_RL_experts,"(100, 100)",False,25,,,,0.001,0,50,50,128,False,True,,,False,False,,False,0,True,,,,,False,1,,False,0,,1,1,4185.876482526697,1081.1383543957008,4468.895604278818,713.8536029687677,mse,BC,Ant-v2,22858,"[0.10786898321281346, 0.10763988, 0.10710202, 0.106410205, 0.10645346, 0.106163554, 0.106253244, 0.106013104, 0.10562826, 0.105523385]",9,1.0,1.0,True,3,1000,22858.000000000004,3617.6001502414797,1753.8118747376536,0.19893953204154968,0.10559086501598358,0.19893953204154968,128.88147819836934,3,3341611.409011933,0.10559086501598358
0,10000000,10,25,True,0.001,results_jan2021/results-Ant-v2--BC.csv,4,0,0,False,my_RL_experts,"(100, 100)",False,25,,,,0.001,0,50,50,128,False,True,,,False,False,,False,0,True,,,,,False,1,,False,0,,1,1,4185.876482526697,1081.1383543957008,4468.895604278818,713.8536029687677,mse,BC+H,Ant-v2,22858,"[0.20842898552033645, 0.16891716, 0.15261072, 0.14282292, 0.13662612, 0.13160385, 0.12844099, 0.12607679, 0.12313456, 0.122076124]",9,1.0,1.0,False,0,1000,22858.000000000004,3297.072074195227,1686.1572843087736,0.21344654262065887,0.12591226398944855,0.21344654262065887,13.881654862562815,0,3121779.63428117,0.12591226398944855
0,20000000,10,25,True,0.001,results_jan2021/results-Ant-v2--BC.csv,4,0,0,False,my_RL_experts,"(100, 100)",False,25,,,,0.001,0,50,50,128,False,True,,,False,False,,False,0,True,,,,,False,1,,False,0,,1,1,4185.876482526697,1081.1383543957008,4468.895604278818,713.8536029687677,mse,BC+H,Ant-v2,22858,"[0.11927709581230148, 0.11801615, 0.1173128, 0.11533721, 0.11475011, 0.113246605, 0.11244356, 0.11201683, 0.111019924, 0.11098554]",9,1.0,1.0,False,1,1000,22858.000000000004,2786.250172632379,1997.0311449839614,0.20965638756752014,0.11420287936925888,0.20965638756752014,27.469862715403238,1,4111116.0647201613,0.11420287936925888
0,30000000,10,25,True,0.001,results_jan2021/results-Ant-v2--BC.csv,4,0,0,False,my_RL_experts,"(100, 100)",False,25,,,,0.001,0,50,50,128,False,True,,,False,False,,False,0,True,,,,,False,1,,False,0,,1,1,4185.876482526697,1081.1383543957008,4468.895604278818,713.8536029687677,mse,BC+H,Ant-v2,22858,"[0.10983415416857485, 0.10888133, 0.10918861, 0.107924, 0.10804945, 0.10688289, 0.10652033, 0.10686806, 0.10619173, 0.10622436]",8,1.0,1.0,False,2,1000,22858.000000000004,3733.703961949039,1483.808140569642,0.2076096534729004,0.10883429646492004,0.2076096534729004,41.118973751862846,2,3798636.2784519223,0.10883429646492004
0,40000000,10,25,True,0.001,results_jan2021/results-Ant-v2--BC.csv,4,0,0,False,my_RL_experts,"(100, 100)",False,25,,,,0.001,0,50,50,128,False,True,,,False,False,,False,0,True,,,,,False,1,,False,0,,1,1,4185.876482526697,1081.1383543957008,4468.895604278818,713.8536029687677,mse,BC+H,Ant-v2,22858,"[0.10538478056396691, 0.10476173, 0.105383456, 0.10466114, 0.10426606, 0.10358857, 0.103925385, 0.10378059, 0.10329135, 0.103437915]",8,1.0,1.0,True,3,1000,22858.000000000004,2767.5275366406986,1832.8043051945547,0.20640724897384644,0.10480581969022751,0.20640724897384644,55.184865562121075,3,3798636.2784519223,0.10480581969022751
0,10000000,10,25,False,0.001,results_jan2021/results-Ant-v2--BC.csv,2,0,0,False,my_RL_experts,"(256, 256)",False,25,,,,0.001,0,50,50,128,False,True,,,False,False,,False,0,True,,,,,False,1,,False,0,,1,1,4185.876482526697,1081.1383543957008,4468.895604278818,713.8536029687677,mse,BC,Ant-v2,22858,"[0.11913933524707634, 0.07918742, 0.0655595, 0.057814572, 0.053762883, 0.047269065, 0.04668317, 0.046073534, 0.042135287, 0.04048189]",9,1.0,1.0,False,0,1000,22858.000000000004,2524.689587885005,2020.4959689850157,0.1913781613111496,0.051387201994657516,0.1913781613111496,26.676259958744048,0,5502742.880276421,0.051387201994657516
0,20000000,10,25,False,0.001,results_jan2021/results-Ant-v2--BC.csv,2,0,0,False,my_RL_experts,"(256, 256)",False,25,,,,0.001,0,50,50,128,False,True,,,False,False,,False,0,True,,,,,False,1,,False,0,,1,1,4185.876482526697,1081.1383543957008,4468.895604278818,713.8536029687677,mse,BC,Ant-v2,22858,"[0.037026307215979604, 0.03616122, 0.034459356, 0.034484074, 0.033761263, 0.032438703, 0.036148023, 0.036586244, 0.033069182, 0.03217561]",9,1.0,1.0,True,1,1000,22858.000000000004,2590.4539727652023,1884.2916458753066,0.19411426782608032,0.04101947695016861,0.19411426782608032,52.83071208794912,1,5502742.880276421,0.04101947695016861
0,10000000,10,25,False,0.001,results_jan2021/results-Ant-v2--BC.csv,2,0,0,False,my_RL_experts,"(512, 512)",False,25,,,,0.001,0,50,50,128,False,True,,,False,False,,False,0,True,,,,,False,1,,False,0,,1,1,4185.876482526697,1081.1383543957008,4468.895604278818,713.8536029687677,mse,BC,Ant-v2,22858,"[0.06548899385313622, 0.042306636, 0.040142573, 0.031330314, 0.020337548, 0.02809938, 0.018492958, 0.018425647, 0.016224997, 0.020106211]",8,1.0,1.0,False,0,1000,22858.000000000004,3121.600621565948,1755.7773515190197,0.18017160892486572,0.030564380809664726,0.18017160892486572,32.647132980823514,0,0.0899988229042954,0.030564380809664726
0,20000000,10,25,False,0.001,results_jan2021/results-Ant-v2--BC.csv,2,0,0,False,my_RL_experts,"(512, 512)",False,25,,,,0.001,0,50,50,128,False,True,,,False,False,,False,0,True,,,,,False,1,,False,0,,1,1,4185.876482526697,1081.1383543957008,4468.895604278818,713.8536029687677,mse,BC,Ant-v2,22858,"[0.015100478591687378, 0.016100576, 0.01587552, 0.0138541125, 0.01440171, 0.012146193, 0.011795903, 0.01478404, 0.020940688, 0.015551733]",6,1.0,1.0,True,1,1000,22858.000000000004,2779.900571403905,1889.8345530142294,0.18027330935001373,0.020359903573989868,0.18027330935001373,65.386916299661,1,0.0899988229042954,0.020359903573989868
0,10000000,10,25,True,0.001,results_jan2021/results-Ant-v2--BC.csv,2,0,0,False,my_RL_experts,"(256, 256)",False,25,,,,0.001,0,50,50,128,False,True,,,False,False,,False,0,True,,,,,False,1,,False,0,,1,1,4185.876482526697,1081.1383543957008,4468.895604278818,713.8536029687677,mse,BC+H,Ant-v2,22858,"[0.1090806876537738, 0.075674616, 0.06046725, 0.06193946, 0.04792846, 0.043820333, 0.04851579, 0.0401746, 0.038151726, 0.035996296]",9,1.0,1.0,False,0,1000,22858.000000000004,2193.5042224516237,1792.0532970804618,0.19611428678035736,0.04269008710980415,0.19611428678035736,24.956041586399078,0,6897000.314666758,0.04269008710980415
0,20000000,10,25,True,0.001,results_jan2021/results-Ant-v2--BC.csv,2,0,0,False,my_RL_experts,"(256, 256)",False,25,,,,0.001,0,50,50,128,False,True,,,False,False,,False,0,True,,,,,False,1,,False,0,,1,1,4185.876482526697,1081.1383543957008,4468.895604278818,713.8536029687677,mse,BC+H,Ant-v2,22858,"[0.03518720539062947, 0.03508584, 0.034103245, 0.033886757, 0.031321358, 0.032835994, 0.030934347, 0.031080114, 0.029385632, 0.029614743]",8,1.0,1.0,True,1,1000,22858.000000000004,2440.9112702341913,1913.6562337327555,0.20197255909442902,0.03533276915550232,0.20197255909442902,50.87352407773336,1,6897000.314666758,0.03533276915550232
0,10000000,10,25,True,0.001,results_jan2021/results-Ant-v2--BC.csv,2,0,0,False,my_RL_experts,"(512, 512)",False,25,,,,0.001,0,50,50,128,False,True,,,False,False,,False,0,True,,,,,False,1,,False,0,,1,1,4185.876482526697,1081.1383543957008,4468.895604278818,713.8536029687677,mse,BC+H,Ant-v2,22858,"[0.07984699323106081, 0.048594624, 0.03461291, 0.029226158, 0.023126185, 0.016399123, 0.022573411, 0.023583313, 0.021326056, 0.014502458]",9,1.0,1.0,False,0,1000,22858.000000000004,2818.107920883628,1975.5424548887565,0.19028343260288239,0.020000062882900238,0.19028343260288239,31.407797360420226,0,5601261.648229605,0.020000062882900238
0,20000000,10,25,True,0.001,results_jan2021/results-Ant-v2--BC.csv,2,0,0,False,my_RL_experts,"(512, 512)",False,25,,,,0.001,0,50,50,128,False,True,,,False,False,,False,0,True,,,,,False,1,,False,0,,1,1,4185.876482526697,1081.1383543957008,4468.895604278818,713.8536029687677,mse,BC+H,Ant-v2,22858,"[0.025353665142783966, 0.013745404, 0.015770458, 0.015079278, 0.014553312, 0.018902404, 0.007066458, 0.009554905, 0.015016536, 0.011220044]",6,1.0,1.0,True,1,1000,22858.000000000004,3162.996460530102,1738.068800826178,0.19843024015426636,0.017886649817228317,0.19843024015426636,56.453395529588065,1,5601261.648229605,0.017886649817228317
