verbose,total_opt_steps,N_epoch,N_E_traj,add_history,N_agg_iter,opt_seed,run_seed,linear,RL_expert_folder,kill_feats,pair_E_s0,pi0_BC_init,density_ratio_feature_map,adversary_feature_map,learning_rate,H_dims,N_test_E_traj,N_test_rollout,batch_size,reinit_opt,resume_BC,record_intermediate,NN_mid_as_feats,N_FAIL_samps,render,switch_2_E_after,random_demos,RL_expert_exp_id,RL_expert_load_best,RL_expert_algo,N_E_samp,loss_train,loss_test,reward,runtime,alg,env_id,class_test,w_max,w_min,w_ESS,final
0,500000,5,1,False,5,,,False,my_RL_experts,,False,True,linear,poly 2,0.01,[64],10.0,1.0,128.0,False,False,True,False,1.0,False,10000000000.0,False,0.0,False,,1645.0,1.7852296829223633,1.7846802473068235,21.0,0.10007267793019613,Expert,PongNoFrameskip-v4,0.0,1.0,1.0,1645.0000000000002,True
0,500000,5,1,False,5,,,False,my_RL_experts,,False,True,linear,poly 2,0.01,[64],10.0,1.0,128.0,False,False,True,False,1.0,False,10000000000.0,False,0.0,False,,1645.0,1.824799656867981,1.8246721029281616,-19.0,0.025775973002115884,Random,PongNoFrameskip-v4,0.8318815827369691,1.0,1.0,1645.0000000000002,True
0,500000,5,6,False,5,,,False,my_RL_experts,,False,True,linear,poly 2,0.01,[64],10.0,1.0,128.0,False,False,True,False,1.0,False,10000000000.0,False,0.0,False,,9855.0,1.7850016355514526,1.7846802473068235,21.0,0.09523923794428507,Expert,PongNoFrameskip-v4,0.0,1.0,1.0,9855.0,True
0,500000,5,6,False,5,,,False,my_RL_experts,,False,True,linear,poly 2,0.01,[64],10.0,1.0,128.0,False,False,True,False,1.0,False,10000000000.0,False,0.0,False,,9855.0,1.823182821273804,1.8249242305755613,-19.0,0.02556933561960856,Random,PongNoFrameskip-v4,0.8341353535652161,1.0,1.0,9855.0,True
0,500000,5,10,False,5,,,False,my_RL_experts,,False,True,linear,poly 2,0.01,[64],10.0,1.0,128.0,False,False,True,False,1.0,False,10000000000.0,False,0.0,False,,16428.0,1.7849758863449097,1.7846802473068235,21.0,0.10441826979319256,Expert,PongNoFrameskip-v4,0.0,1.0,1.0,16427.999999999996,True
0,500000,5,10,False,5,,,False,my_RL_experts,,False,True,linear,poly 2,0.01,[64],10.0,1.0,128.0,False,False,True,False,1.0,False,10000000000.0,False,0.0,False,,16428.0,1.8233051300048828,1.829217791557312,-20.0,0.02521336476008097,Random,PongNoFrameskip-v4,0.8339526057243347,1.0,1.0,16427.999999999996,True
0,500000,5,125,False,5,,,False,my_RL_experts,,False,True,linear,poly 2,0.01,[64],10.0,1.0,128.0,False,False,True,False,1.0,False,10000000000.0,False,0.0,False,,205290.0,1.7847007513046265,1.7846802473068235,21.0,0.18507123390833533,Expert,PongNoFrameskip-v4,0.0,1.0,1.0,205290.0,True
0,500000,5,125,False,5,,,False,my_RL_experts,,False,True,linear,poly 2,0.01,[64],10.0,1.0,128.0,False,False,True,False,1.0,False,10000000000.0,False,0.0,False,,205290.0,1.825771927833557,1.8234622478485107,-21.0,0.03715842962265015,Random,PongNoFrameskip-v4,0.8319424986839294,1.0,1.0,205290.0,True
0,600000,10,1,False,5,0.0,0.0,False,my_RL_experts,,False,True,linear,poly 2,0.0003,[64],10.0,10.0,128.0,False,False,True,False,1.0,False,10000000000.0,False,0.0,False,,1640.0,0.060199324041605,0.6793198585510254,-19.0,0.9752077341079712,BC,PongNoFrameskip-v4,0.12406404316425325,1.0,1.0,1640.0,False
0,1200000,10,1,False,5,0.0,0.0,False,my_RL_experts,,False,True,linear,poly 2,0.0003,[64],10.0,10.0,128.0,False,False,True,False,1.0,False,10000000000.0,False,0.0,False,,1640.0,0.005519915837794542,0.9429938197135924,-19.0,1.916043142477672,BC,PongNoFrameskip-v4,0.11450660228729248,1.0,1.0,1640.0,False
0,1800000,10,1,False,5,0.0,0.0,False,my_RL_experts,,False,True,linear,poly 2,0.0003,[64],10.0,10.0,128.0,False,False,True,False,1.0,False,10000000000.0,False,0.0,False,,1640.0,0.002125170547515154,1.1901264190673828,-21.0,2.8487126111984247,BC,PongNoFrameskip-v4,0.11115846037864684,1.0,1.0,1640.0,False
0,2400000,10,1,False,5,0.0,0.0,False,my_RL_experts,,False,True,linear,poly 2,0.0003,[64],10.0,10.0,128.0,False,False,True,False,1.0,False,10000000000.0,False,0.0,False,,1640.0,0.0022355993278324604,1.0272228717803955,-21.0,3.7968782504399616,BC,PongNoFrameskip-v4,0.1101844534277916,1.0,1.0,1640.0,False
0,3000000,10,1,False,5,0.0,0.0,False,my_RL_experts,,False,True,linear,poly 2,0.0003,[64],10.0,10.0,128.0,False,False,True,False,1.0,False,10000000000.0,False,0.0,False,,1640.0,0.0017743497155606747,1.259839653968811,-8.4,5.334474205970763,BC,PongNoFrameskip-v4,0.11067145317792892,1.0,1.0,1640.0,True
0,600000,10,6,False,5,0.0,0.0,False,my_RL_experts,,False,True,linear,poly 2,0.0003,[64],10.0,10.0,128.0,False,False,True,False,1.0,False,10000000000.0,False,0.0,False,,9859.0,0.15214598178863525,0.17347562313079834,21.0,1.4895053863525392,BC,PongNoFrameskip-v4,0.06264077126979828,1.0,1.0,9859.0,False
0,1200000,10,6,False,5,0.0,0.0,False,my_RL_experts,,False,True,linear,poly 2,0.0003,[64],10.0,10.0,128.0,False,False,True,False,1.0,False,10000000000.0,False,0.0,False,,9859.0,0.08006976544857025,0.09374073892831802,21.0,2.9766715566317234,BC,PongNoFrameskip-v4,0.03457722067832947,1.0,1.0,9859.0,False
0,1800000,10,6,False,5,0.0,0.0,False,my_RL_experts,,False,True,linear,poly 2,0.0003,[64],10.0,10.0,128.0,False,False,True,False,1.0,False,10000000000.0,False,0.0,False,,9859.0,0.04286053031682968,0.05612321943044663,21.0,4.468431806564331,BC,PongNoFrameskip-v4,0.019053995609283447,1.0,1.0,9859.0,False
0,2400000,10,6,False,5,0.0,0.0,False,my_RL_experts,,False,True,linear,poly 2,0.0003,[64],10.0,10.0,128.0,False,False,True,False,1.0,False,10000000000.0,False,0.0,False,,9859.0,0.033653035759925835,0.045286133885383606,21.0,5.968868136405945,BC,PongNoFrameskip-v4,0.013757837936282158,1.0,1.0,9859.0,False
0,3000000,10,6,False,5,0.0,0.0,False,my_RL_experts,,False,True,linear,poly 2,0.0003,[64],10.0,10.0,128.0,False,False,True,False,1.0,False,10000000000.0,False,0.0,False,,9859.0,0.0258166678249836,0.035009495913982384,21.0,7.861993487675985,BC,PongNoFrameskip-v4,0.011201071552932262,1.0,1.0,9859.0,True
0,600000,10,10,False,5,0.0,0.0,False,my_RL_experts,,False,True,linear,poly 2,0.0003,[64],10.0,10.0,128.0,False,False,True,False,1.0,False,10000000000.0,False,0.0,False,,16434.0,0.15845908224582672,0.1912599802017212,1.9,1.9922386765480042,BC,PongNoFrameskip-v4,0.07311134040355682,1.0,1.0,16433.999999999996,False
0,1200000,10,10,False,5,0.0,0.0,False,my_RL_experts,,False,True,linear,poly 2,0.0003,[64],10.0,10.0,128.0,False,False,True,False,1.0,False,10000000000.0,False,0.0,False,,16434.0,0.06583616137504578,0.09087075293064116,21.0,3.883845063050588,BC,PongNoFrameskip-v4,0.030742071568965912,1.0,1.0,16433.999999999996,False
0,1800000,10,10,False,5,0.0,0.0,False,my_RL_experts,,False,True,linear,poly 2,0.0003,[64],10.0,10.0,128.0,False,False,True,False,1.0,False,10000000000.0,False,0.0,False,,16434.0,0.04373699426651001,0.061165023595094674,21.0,5.770020484924316,BC,PongNoFrameskip-v4,0.021793389692902558,1.0,1.0,16433.999999999996,False
0,2400000,10,10,False,5,0.0,0.0,False,my_RL_experts,,False,True,linear,poly 2,0.0003,[64],10.0,10.0,128.0,False,False,True,False,1.0,False,10000000000.0,False,0.0,False,,16434.0,0.02593119628727436,0.04105222970247269,21.0,7.649742615222932,BC,PongNoFrameskip-v4,0.013879588805139065,1.0,1.0,16433.999999999996,False
0,3000000,10,10,False,5,0.0,0.0,False,my_RL_experts,,False,True,linear,poly 2,0.0003,[64],10.0,10.0,128.0,False,False,True,False,1.0,False,10000000000.0,False,0.0,False,,16434.0,0.02593119628727436,0.04105222970247269,21.0,9.544589857260387,BC,PongNoFrameskip-v4,0.013879588805139065,1.0,1.0,16433.999999999996,True
0,600000,10,125,False,5,0.0,0.0,False,my_RL_experts,,False,True,linear,poly 2,0.0003,[64],10.0,10.0,128.0,False,False,True,False,1.0,False,10000000000.0,False,0.0,False,,205278.0,0.2031027525663376,0.20606854557991028,21.0,13.043946468830105,BC,PongNoFrameskip-v4,0.07950326055288315,1.0,1.0,205278.0,False
0,1200000,10,125,False,5,0.0,0.0,False,my_RL_experts,,False,True,linear,poly 2,0.0003,[64],10.0,10.0,128.0,False,False,True,False,1.0,False,10000000000.0,False,0.0,False,,205278.0,0.07226186990737915,0.0756014883518219,21.0,26.222756930192308,BC,PongNoFrameskip-v4,0.026359042152762413,1.0,1.0,205278.0,False
0,1800000,10,125,False,5,0.0,0.0,False,my_RL_experts,,False,True,linear,poly 2,0.0003,[64],10.0,10.0,128.0,False,False,True,False,1.0,False,10000000000.0,False,0.0,False,,205278.0,0.03842445835471153,0.044073719531297684,12.144,38.130283264319104,BC,PongNoFrameskip-v4,0.013575211167335509,1.0,1.0,205278.0,False
0,2400000,10,125,False,5,0.0,0.0,False,my_RL_experts,,False,True,linear,poly 2,0.0003,[64],10.0,10.0,128.0,False,False,True,False,1.0,False,10000000000.0,False,0.0,False,,205278.0,0.034843772649765015,0.04123493656516075,21.0,51.28273855447769,BC,PongNoFrameskip-v4,0.014123089611530304,1.0,1.0,205278.0,False
0,3000000,10,125,False,5,0.0,0.0,False,my_RL_experts,,False,True,linear,poly 2,0.0003,[64],10.0,10.0,128.0,False,False,True,False,1.0,False,10000000000.0,False,0.0,False,,205278.0,0.031511422246694565,0.03732343018054962,21.0,53.562522570292145,BC,PongNoFrameskip-v4,0.011809824965894222,1.0,1.0,205278.0,True
0,600000,10,1,False,5,1.0,1.0,False,my_RL_experts,,False,True,linear,poly 2,0.0003,[64],10.0,10.0,128.0,False,False,True,False,1.0,False,10000000000.0,False,0.0,False,,1640.0,0.06709375977516174,0.8931893110275269,-21.0,0.9705814838409424,BC,PongNoFrameskip-v4,0.13203871250152588,1.0,1.0,1640.0,False
0,1200000,10,1,False,5,1.0,1.0,False,my_RL_experts,,False,True,linear,poly 2,0.0003,[64],10.0,10.0,128.0,False,False,True,False,1.0,False,10000000000.0,False,0.0,False,,1640.0,0.0037119528278708467,1.287751317024231,-21.0,1.950056064128876,BC,PongNoFrameskip-v4,0.11475010961294176,1.0,1.0,1640.0,False
0,1800000,10,1,False,5,1.0,1.0,False,my_RL_experts,,False,True,linear,poly 2,0.0003,[64],10.0,10.0,128.0,False,False,True,False,1.0,False,10000000000.0,False,0.0,False,,1640.0,0.002285809721797705,1.3656644821166992,-21.0,2.9364810665448497,BC,PongNoFrameskip-v4,0.11310647428035735,1.0,1.0,1640.0,False
0,2400000,10,1,False,5,1.0,1.0,False,my_RL_experts,,False,True,linear,poly 2,0.0003,[64],10.0,10.0,128.0,False,False,True,False,1.0,False,10000000000.0,False,0.0,False,,1640.0,0.0019326373003423207,1.4412341117858891,20.0,3.9892770250638327,BC,PongNoFrameskip-v4,0.11134108155965804,1.0,1.0,1640.0,False
0,3000000,10,1,False,5,1.0,1.0,False,my_RL_experts,,False,True,linear,poly 2,0.0003,[64],10.0,10.0,128.0,False,False,True,False,1.0,False,10000000000.0,False,0.0,False,,1640.0,0.0018197011668235066,1.4405407905578609,-15.1,5.561970472335815,BC,PongNoFrameskip-v4,0.1110975816845894,1.0,1.0,1640.0,True
0,600000,10,6,False,5,1.0,1.0,False,my_RL_experts,,False,True,linear,poly 2,0.0003,[64],10.0,10.0,128.0,False,False,True,False,1.0,False,10000000000.0,False,0.0,False,,9859.0,0.14676348865032196,0.1678953766822815,21.0,1.529085961977641,BC,PongNoFrameskip-v4,0.06373652815818788,1.0,1.0,9859.0,False
0,1200000,10,6,False,5,1.0,1.0,False,my_RL_experts,,False,True,linear,poly 2,0.0003,[64],10.0,10.0,128.0,False,False,True,False,1.0,False,10000000000.0,False,0.0,False,,9859.0,0.052670329809188836,0.06598687171936035,21.0,3.062909511725108,BC,PongNoFrameskip-v4,0.021245511248707768,1.0,1.0,9859.0,False
0,1800000,10,6,False,5,1.0,1.0,False,my_RL_experts,,False,True,linear,poly 2,0.0003,[64],10.0,10.0,128.0,False,False,True,False,1.0,False,10000000000.0,False,0.0,False,,9859.0,0.03408073261380196,0.04742012172937393,21.0,4.603363990783691,BC,PongNoFrameskip-v4,0.014853594824671744,1.0,1.0,9859.0,False
0,2400000,10,6,False,5,1.0,1.0,False,my_RL_experts,,False,True,linear,poly 2,0.0003,[64],10.0,10.0,128.0,False,False,True,False,1.0,False,10000000000.0,False,0.0,False,,9859.0,0.03058372624218464,0.04183606058359146,21.0,6.138308735688528,BC,PongNoFrameskip-v4,0.01266208104789257,1.0,1.0,9859.0,False
0,3000000,10,6,False,5,1.0,1.0,False,my_RL_experts,,False,True,linear,poly 2,0.0003,[64],10.0,10.0,128.0,False,False,True,False,1.0,False,10000000000.0,False,0.0,False,,9859.0,0.029353493824601173,0.040939293801784515,21.0,8.074892763296763,BC,PongNoFrameskip-v4,0.01199245173484087,1.0,1.0,9859.0,True
0,600000,10,10,False,5,1.0,1.0,False,my_RL_experts,,False,True,linear,poly 2,0.0003,[64],10.0,10.0,128.0,False,False,True,False,1.0,False,10000000000.0,False,0.0,False,,16434.0,0.1399197280406952,0.1716720163822174,21.0,1.914945713678996,BC,PongNoFrameskip-v4,0.06404090672731401,1.0,1.0,16433.999999999996,False
0,1200000,10,10,False,5,1.0,1.0,False,my_RL_experts,,False,True,linear,poly 2,0.0003,[64],10.0,10.0,128.0,False,False,True,False,1.0,False,10000000000.0,False,0.0,False,,16434.0,0.05674980208277702,0.07894383370876312,21.0,3.828677185376485,BC,PongNoFrameskip-v4,0.026359042152762413,1.0,1.0,16433.999999999996,False
0,1800000,10,10,False,5,1.0,1.0,False,my_RL_experts,,False,True,linear,poly 2,0.0003,[64],10.0,10.0,128.0,False,False,True,False,1.0,False,10000000000.0,False,0.0,False,,16434.0,0.03596997261047363,0.054135456681251526,21.0,5.7465305844942725,BC,PongNoFrameskip-v4,0.016984233632683754,1.0,1.0,16433.999999999996,False
0,2400000,10,10,False,5,1.0,1.0,False,my_RL_experts,,False,True,linear,poly 2,0.0003,[64],10.0,10.0,128.0,False,False,True,False,1.0,False,10000000000.0,False,0.0,False,,16434.0,0.024776635691523552,0.03881775960326195,21.0,7.648599354426067,BC,PongNoFrameskip-v4,0.01199245173484087,1.0,1.0,16433.999999999996,False
0,3000000,10,10,False,5,1.0,1.0,False,my_RL_experts,,False,True,linear,poly 2,0.0003,[64],10.0,10.0,128.0,False,False,True,False,1.0,False,10000000000.0,False,0.0,False,,16434.0,0.019783278927207,0.031481370329856866,21.0,9.572803068161011,BC,PongNoFrameskip-v4,0.009922687895596027,1.0,1.0,16433.999999999996,True
0,600000,10,125,False,5,1.0,1.0,False,my_RL_experts,,False,True,linear,poly 2,0.0003,[64],10.0,10.0,128.0,False,False,True,False,1.0,False,10000000000.0,False,0.0,False,,205278.0,0.17454677820205688,0.1750032901763916,8.328,16.068544952074685,BC,PongNoFrameskip-v4,0.06848481297492981,1.0,1.0,205278.0,False
0,1200000,10,125,False,5,1.0,1.0,False,my_RL_experts,,False,True,linear,poly 2,0.0003,[64],10.0,10.0,128.0,False,False,True,False,1.0,False,10000000000.0,False,0.0,False,,205278.0,0.06495140492916107,0.06751788407564162,21.0,29.220335110028586,BC,PongNoFrameskip-v4,0.02514153532683849,1.0,1.0,205278.0,False
0,1800000,10,125,False,5,1.0,1.0,False,my_RL_experts,,False,True,linear,poly 2,0.0003,[64],10.0,10.0,128.0,False,False,True,False,1.0,False,10000000000.0,False,0.0,False,,205278.0,0.03854648396372795,0.04329805448651314,21.0,42.33114722172419,BC,PongNoFrameskip-v4,0.013453461229801178,1.0,1.0,205278.0,False
0,2400000,10,125,False,5,1.0,1.0,False,my_RL_experts,,False,True,linear,poly 2,0.0003,[64],10.0,10.0,128.0,False,False,True,False,1.0,False,10000000000.0,False,0.0,False,,205278.0,0.03252067416906357,0.03660823404788971,21.0,55.41945683161418,BC,PongNoFrameskip-v4,0.010470566339790821,1.0,1.0,205278.0,False
0,3000000,10,125,False,5,1.0,1.0,False,my_RL_experts,,False,True,linear,poly 2,0.0003,[64],10.0,10.0,128.0,False,False,True,False,1.0,False,10000000000.0,False,0.0,False,,205278.0,0.02730223350226879,0.030533185228705406,21.0,57.66964937845865,BC,PongNoFrameskip-v4,0.00955743622034788,1.0,1.0,205278.0,True
0,600000,10,1,False,5,2.0,2.0,False,my_RL_experts,,False,True,linear,poly 2,0.0003,[64],10.0,10.0,128.0,False,False,True,False,1.0,False,10000000000.0,False,0.0,False,,1640.0,0.029525175690650936,0.8157379627227783,-21.0,1.032466705640157,BC,PongNoFrameskip-v4,0.10616667568683624,1.0,1.0,1640.0,False
0,1200000,10,1,False,5,2.0,2.0,False,my_RL_experts,,False,True,linear,poly 2,0.0003,[64],10.0,10.0,128.0,False,False,True,False,1.0,False,10000000000.0,False,0.0,False,,1640.0,0.002645169850438833,1.2878820896148682,-21.0,2.079100485642751,BC,PongNoFrameskip-v4,0.10701893270015717,1.0,1.0,1640.0,False
0,1800000,10,1,False,5,2.0,2.0,False,my_RL_experts,,False,True,linear,poly 2,0.0003,[64],10.0,10.0,128.0,False,False,True,False,1.0,False,10000000000.0,False,0.0,False,,1640.0,0.002009549411013723,1.2822191715240479,-21.0,3.125177478790284,BC,PongNoFrameskip-v4,0.10799293965101242,1.0,1.0,1640.0,False
0,2400000,10,1,False,5,2.0,2.0,False,my_RL_experts,,False,True,linear,poly 2,0.0003,[64],10.0,10.0,128.0,False,False,True,False,1.0,False,10000000000.0,False,0.0,False,,1640.0,0.0017678613075986505,1.3815733194351196,-21.0,4.171565222740173,BC,PongNoFrameskip-v4,0.1065928041934967,1.0,1.0,1640.0,False
0,3000000,10,1,False,5,2.0,2.0,False,my_RL_experts,,False,True,linear,poly 2,0.0003,[64],10.0,10.0,128.0,False,False,True,False,1.0,False,10000000000.0,False,0.0,False,,1640.0,0.0017678613075986505,1.3815733194351196,-16.8,5.7261672218640625,BC,PongNoFrameskip-v4,0.1065928041934967,1.0,1.0,1640.0,True
0,600000,10,6,False,5,2.0,2.0,False,my_RL_experts,,False,True,linear,poly 2,0.0003,[64],10.0,10.0,128.0,False,False,True,False,1.0,False,10000000000.0,False,0.0,False,,9859.0,0.1724138855934143,0.19035156071186066,21.0,1.6052538394927978,BC,PongNoFrameskip-v4,0.07372009754180907,1.0,1.0,9859.0,False
0,1200000,10,6,False,5,2.0,2.0,False,my_RL_experts,,False,True,linear,poly 2,0.0003,[64],10.0,10.0,128.0,False,False,True,False,1.0,False,10000000000.0,False,0.0,False,,9859.0,0.07798304408788681,0.0966707095503807,21.0,3.19649160305659,BC,PongNoFrameskip-v4,0.03348146378993988,1.0,1.0,9859.0,False
0,1800000,10,6,False,5,2.0,2.0,False,my_RL_experts,,False,True,linear,poly 2,0.0003,[64],10.0,10.0,128.0,False,False,True,False,1.0,False,10000000000.0,False,0.0,False,,9859.0,0.04502006247639656,0.0606066882610321,21.0,4.7924917896588655,BC,PongNoFrameskip-v4,0.021915139630436897,1.0,1.0,9859.0,False
0,2400000,10,6,False,5,2.0,2.0,False,my_RL_experts,,False,True,linear,poly 2,0.0003,[64],10.0,10.0,128.0,False,False,True,False,1.0,False,10000000000.0,False,0.0,False,,9859.0,0.04284599423408508,0.059920452535152435,21.0,6.392831035455068,BC,PongNoFrameskip-v4,0.01948012411594391,1.0,1.0,9859.0,False
0,3000000,10,6,False,5,2.0,2.0,False,my_RL_experts,,False,True,linear,poly 2,0.0003,[64],10.0,10.0,128.0,False,False,True,False,1.0,False,10000000000.0,False,0.0,False,,9859.0,0.03211771696805954,0.045597054064273834,21.0,8.386957557996114,BC,PongNoFrameskip-v4,0.014001339673995972,1.0,1.0,9859.0,True
0,600000,10,10,False,5,2.0,2.0,False,my_RL_experts,,False,True,linear,poly 2,0.0003,[64],10.0,10.0,128.0,False,False,True,False,1.0,False,10000000000.0,False,0.0,False,,16434.0,0.13898172974586487,0.1672409623861313,16.8,1.957596894105276,BC,PongNoFrameskip-v4,0.06379740685224533,1.0,1.0,16433.999999999996,False
0,1200000,10,10,False,5,2.0,2.0,False,my_RL_experts,,False,True,linear,poly 2,0.0003,[64],10.0,10.0,128.0,False,False,True,False,1.0,False,10000000000.0,False,0.0,False,,16434.0,0.051729485392570496,0.07358388602733612,21.0,3.9632308959960936,BC,PongNoFrameskip-v4,0.02587204053997993,1.0,1.0,16433.999999999996,False
0,1800000,10,10,False,5,2.0,2.0,False,my_RL_experts,,False,True,linear,poly 2,0.0003,[64],10.0,10.0,128.0,False,False,True,False,1.0,False,10000000000.0,False,0.0,False,,16434.0,0.04090038314461708,0.058246813714504235,21.0,5.9769153436024975,BC,PongNoFrameskip-v4,0.017897363752126694,1.0,1.0,16433.999999999996,False
0,2400000,10,10,False,5,2.0,2.0,False,my_RL_experts,,False,True,linear,poly 2,0.0003,[64],10.0,10.0,128.0,False,False,True,False,1.0,False,10000000000.0,False,0.0,False,,16434.0,0.032336100935935974,0.04935368150472641,21.0,7.977112702528635,BC,PongNoFrameskip-v4,0.014549218118190762,1.0,1.0,16433.999999999996,False
0,3000000,10,10,False,5,2.0,2.0,False,my_RL_experts,,False,True,linear,poly 2,0.0003,[64],10.0,10.0,128.0,False,False,True,False,1.0,False,10000000000.0,False,0.0,False,,16434.0,0.023205963894724846,0.03725781664252281,21.0,9.985833410422009,BC,PongNoFrameskip-v4,0.011079320684075356,1.0,1.0,16433.999999999996,True
0,600000,10,125,False,5,2.0,2.0,False,my_RL_experts,,False,True,linear,poly 2,0.0003,[64],10.0,10.0,128.0,False,False,True,False,1.0,False,10000000000.0,False,0.0,False,,205278.0,0.19401223957538605,0.19799739122390747,10.792,15.907429496447243,BC,PongNoFrameskip-v4,0.07560723274946213,1.0,1.0,205278.0,False
0,1200000,10,125,False,5,2.0,2.0,False,my_RL_experts,,False,True,linear,poly 2,0.0003,[64],10.0,10.0,128.0,False,False,True,False,1.0,False,10000000000.0,False,0.0,False,,205278.0,0.07218660414218903,0.0764412060379982,13.224,28.47371305227281,BC,PongNoFrameskip-v4,0.0259329155087471,1.0,1.0,205278.0,False
0,1800000,10,125,False,5,2.0,2.0,False,my_RL_experts,,False,True,linear,poly 2,0.0003,[64],10.0,10.0,128.0,False,False,True,False,1.0,False,10000000000.0,False,0.0,False,,205278.0,0.04150630533695221,0.04533848911523819,21.0,41.68021794557571,BC,PongNoFrameskip-v4,0.017714738845825195,1.0,1.0,205278.0,False
0,2400000,10,125,False,5,2.0,2.0,False,my_RL_experts,,False,True,linear,poly 2,0.0003,[64],10.0,10.0,128.0,False,False,True,False,1.0,False,10000000000.0,False,0.0,False,,205278.0,0.03269002586603165,0.03586471825838089,21.0,54.82807138760885,BC,PongNoFrameskip-v4,0.012053326703608036,1.0,1.0,205278.0,False
0,3000000,10,125,False,5,2.0,2.0,False,my_RL_experts,,False,True,linear,poly 2,0.0003,[64],10.0,10.0,128.0,False,False,True,False,1.0,False,10000000000.0,False,0.0,False,,205278.0,0.029142213985323906,0.03064594976603985,21.0,57.086661680539464,BC,PongNoFrameskip-v4,0.010348816402256487,1.0,1.0,205278.0,True
0,600000,10,1,False,5,3.0,3.0,False,my_RL_experts,,False,True,linear,poly 2,0.0003,[64],10.0,10.0,128.0,False,False,True,False,1.0,False,10000000000.0,False,0.0,False,,1640.0,0.0513390488922596,0.766808807849884,21.0,1.068471089998881,BC,PongNoFrameskip-v4,0.1223595291376114,1.0,1.0,1640.0,False
0,1200000,10,1,False,5,3.0,3.0,False,my_RL_experts,,False,True,linear,poly 2,0.0003,[64],10.0,10.0,128.0,False,False,True,False,1.0,False,10000000000.0,False,0.0,False,,1640.0,0.0033896947279572487,1.1937984228134155,21.0,2.1501568953196206,BC,PongNoFrameskip-v4,0.11468923091888428,1.0,1.0,1640.0,False
0,1800000,10,1,False,5,3.0,3.0,False,my_RL_experts,,False,True,linear,poly 2,0.0003,[64],10.0,10.0,128.0,False,False,True,False,1.0,False,10000000000.0,False,0.0,False,,1640.0,0.002165201585739851,1.328202724456787,21.0,3.239047972361247,BC,PongNoFrameskip-v4,0.1126803457736969,1.0,1.0,1640.0,False
0,2400000,10,1,False,5,3.0,3.0,False,my_RL_experts,,False,True,linear,poly 2,0.0003,[64],10.0,10.0,128.0,False,False,True,False,1.0,False,10000000000.0,False,0.0,False,,1640.0,0.002220239955931902,1.1940703392028809,21.0,4.328647963205973,BC,PongNoFrameskip-v4,0.11201071739196776,1.0,1.0,1640.0,False
0,3000000,10,1,False,5,3.0,3.0,False,my_RL_experts,,False,True,linear,poly 2,0.0003,[64],10.0,10.0,128.0,False,False,True,False,1.0,False,10000000000.0,False,0.0,False,,1640.0,0.0018352540209889405,1.3169338703155518,-4.2,6.010132658481598,BC,PongNoFrameskip-v4,0.1110975816845894,1.0,1.0,1640.0,True
0,600000,10,6,False,5,3.0,3.0,False,my_RL_experts,,False,True,linear,poly 2,0.0003,[64],10.0,10.0,128.0,False,False,True,False,1.0,False,10000000000.0,False,0.0,False,,9859.0,0.196086585521698,0.21735085546970367,-11.0,1.5707653125127157,BC,PongNoFrameskip-v4,0.0802946388721466,1.0,1.0,9859.0,False
0,1200000,10,6,False,5,3.0,3.0,False,my_RL_experts,,False,True,linear,poly 2,0.0003,[64],10.0,10.0,128.0,False,False,True,False,1.0,False,10000000000.0,False,0.0,False,,9859.0,0.08657655119895935,0.10329842567443848,0.0,2.9986630837122594,BC,PongNoFrameskip-v4,0.0375601127743721,1.0,1.0,9859.0,False
0,1800000,10,6,False,5,3.0,3.0,False,my_RL_experts,,False,True,linear,poly 2,0.0003,[64],10.0,10.0,128.0,False,False,True,False,1.0,False,10000000000.0,False,0.0,False,,9859.0,0.0548376590013504,0.06751798838376999,21.0,4.58281329870224,BC,PongNoFrameskip-v4,0.022523893043398857,1.0,1.0,9859.0,False
0,2400000,10,6,False,5,3.0,3.0,False,my_RL_experts,,False,True,linear,poly 2,0.0003,[64],10.0,10.0,128.0,False,False,True,False,1.0,False,10000000000.0,False,0.0,False,,9859.0,0.041392389684915536,0.050767041742801666,21.0,6.163871443271638,BC,PongNoFrameskip-v4,0.016679856926202774,1.0,1.0,9859.0,False
0,3000000,10,6,False,5,3.0,3.0,False,my_RL_experts,,False,True,linear,poly 2,0.0003,[64],10.0,10.0,128.0,False,False,True,False,1.0,False,10000000000.0,False,0.0,False,,9859.0,0.03235400468111038,0.04294336587190628,21.0,8.180531819661459,BC,PongNoFrameskip-v4,0.013575211167335509,1.0,1.0,9859.0,True
0,600000,10,10,False,5,3.0,3.0,False,my_RL_experts,,False,True,linear,poly 2,0.0003,[64],10.0,10.0,128.0,False,False,True,False,1.0,False,10000000000.0,False,0.0,False,,16434.0,0.12682689726352692,0.15860509872436526,2.6,2.286222076416016,BC,PongNoFrameskip-v4,0.058501247316598885,1.0,1.0,16433.999999999996,False
0,1200000,10,10,False,5,3.0,3.0,False,my_RL_experts,,False,True,linear,poly 2,0.0003,[64],10.0,10.0,128.0,False,False,True,False,1.0,False,10000000000.0,False,0.0,False,,16434.0,0.06185675784945487,0.08672718703746796,21.0,4.276153330008189,BC,PongNoFrameskip-v4,0.029585437849164013,1.0,1.0,16433.999999999996,False
0,1800000,10,10,False,5,3.0,3.0,False,my_RL_experts,,False,True,linear,poly 2,0.0003,[64],10.0,10.0,128.0,False,False,True,False,1.0,False,10000000000.0,False,0.0,False,,16434.0,0.045046959072351456,0.06426011770963669,21.0,6.309567546844482,BC,PongNoFrameskip-v4,0.020636755973100662,1.0,1.0,16433.999999999996,False
0,2400000,10,10,False,5,3.0,3.0,False,my_RL_experts,,False,True,linear,poly 2,0.0003,[64],10.0,10.0,128.0,False,False,True,False,1.0,False,10000000000.0,False,0.0,False,,16434.0,0.02703934907913208,0.0432664267718792,21.0,8.331085920333862,BC,PongNoFrameskip-v4,0.012844706885516644,1.0,1.0,16433.999999999996,False
0,3000000,10,10,False,5,3.0,3.0,False,my_RL_experts,,False,True,linear,poly 2,0.0003,[64],10.0,10.0,128.0,False,False,True,False,1.0,False,10000000000.0,False,0.0,False,,16434.0,0.0252615176141262,0.04307558760046959,21.0,10.365933163960774,BC,PongNoFrameskip-v4,0.013088208623230456,1.0,1.0,16433.999999999996,True
0,600000,10,125,False,5,3.0,3.0,False,my_RL_experts,,False,True,linear,poly 2,0.0003,[64],10.0,10.0,128.0,False,False,True,False,1.0,False,10000000000.0,False,0.0,False,,205278.0,0.17991214990615845,0.18432307243347168,9.736,18.36047413746516,BC,PongNoFrameskip-v4,0.07012844830751419,1.0,1.0,205278.0,False
0,1200000,10,125,False,5,3.0,3.0,False,my_RL_experts,,False,True,linear,poly 2,0.0003,[64],10.0,10.0,128.0,False,False,True,False,1.0,False,10000000000.0,False,0.0,False,,205278.0,0.07012687623500824,0.0773148387670517,21.0,31.67051305770874,BC,PongNoFrameskip-v4,0.024654531851410862,1.0,1.0,205278.0,False
0,1800000,10,125,False,5,3.0,3.0,False,my_RL_experts,,False,True,linear,poly 2,0.0003,[64],10.0,10.0,128.0,False,False,True,False,1.0,False,10000000000.0,False,0.0,False,,205278.0,0.041720695793628686,0.04892043396830559,21.0,44.88074964284897,BC,PongNoFrameskip-v4,0.015584099106490612,1.0,1.0,205278.0,False
0,2400000,10,125,False,5,3.0,3.0,False,my_RL_experts,,False,True,linear,poly 2,0.0003,[64],10.0,10.0,128.0,False,False,True,False,1.0,False,10000000000.0,False,0.0,False,,205278.0,0.035398874431848526,0.04300695285201074,21.0,57.95145777066549,BC,PongNoFrameskip-v4,0.011748949997127056,1.0,1.0,205278.0,False
0,3000000,10,125,False,5,3.0,3.0,False,my_RL_experts,,False,True,linear,poly 2,0.0003,[64],10.0,10.0,128.0,False,False,True,False,1.0,False,10000000000.0,False,0.0,False,,205278.0,0.03020462393760681,0.037102121859788895,21.0,60.20457948446274,BC,PongNoFrameskip-v4,0.010531442239880562,1.0,1.0,205278.0,True
0,600000,10,1,False,5,4.0,4.0,False,my_RL_experts,,False,True,linear,poly 2,0.0003,[64],10.0,10.0,128.0,False,False,True,False,1.0,False,10000000000.0,False,0.0,False,,1640.0,0.04375021532177925,0.76045161485672,-21.0,0.9827179511388144,BC,PongNoFrameskip-v4,0.11968101561069487,1.0,1.0,1640.0,False
0,1200000,10,1,False,5,4.0,4.0,False,my_RL_experts,,False,True,linear,poly 2,0.0003,[64],10.0,10.0,128.0,False,False,True,False,1.0,False,10000000000.0,False,0.0,False,,1640.0,0.002967902459204197,1.2948544025421145,-21.0,1.9861620148022967,BC,PongNoFrameskip-v4,0.11353259533643725,1.0,1.0,1640.0,False
0,1800000,10,1,False,5,4.0,4.0,False,my_RL_experts,,False,True,linear,poly 2,0.0003,[64],10.0,10.0,128.0,False,False,True,False,1.0,False,10000000000.0,False,0.0,False,,1640.0,0.0021053862292319536,1.4099011421203609,-21.0,2.987052690982819,BC,PongNoFrameskip-v4,0.11298471689224245,1.0,1.0,1640.0,False
0,2400000,10,1,False,5,4.0,4.0,False,my_RL_experts,,False,True,linear,poly 2,0.0003,[64],10.0,10.0,128.0,False,False,True,False,1.0,False,10000000000.0,False,0.0,False,,1640.0,0.0019111896399408575,1.3787376880645752,-21.0,3.9924643119176233,BC,PongNoFrameskip-v4,0.1101844534277916,1.0,1.0,1640.0,False
0,3000000,10,1,False,5,4.0,4.0,False,my_RL_experts,,False,True,linear,poly 2,0.0003,[64],10.0,10.0,128.0,False,False,True,False,1.0,False,10000000000.0,False,0.0,False,,1640.0,0.0018495684489607809,1.375582933425903,-12.6,5.5996417760848995,BC,PongNoFrameskip-v4,0.1098192036151886,1.0,1.0,1640.0,True
0,600000,10,6,False,5,4.0,4.0,False,my_RL_experts,,False,True,linear,poly 2,0.0003,[64],10.0,10.0,128.0,False,False,True,False,1.0,False,10000000000.0,False,0.0,False,,9859.0,0.18236473202705386,0.20423980057239527,10.0,1.7064568718274435,BC,PongNoFrameskip-v4,0.08108601719141006,1.0,1.0,9859.0,False
0,1200000,10,6,False,5,4.0,4.0,False,my_RL_experts,,False,True,linear,poly 2,0.0003,[64],10.0,10.0,128.0,False,False,True,False,1.0,False,10000000000.0,False,0.0,False,,9859.0,0.0721806138753891,0.08744784444570541,21.0,3.2722209056218463,BC,PongNoFrameskip-v4,0.03354233875870705,1.0,1.0,9859.0,False
0,1800000,10,6,False,5,4.0,4.0,False,my_RL_experts,,False,True,linear,poly 2,0.0003,[64],10.0,10.0,128.0,False,False,True,False,1.0,False,10000000000.0,False,0.0,False,,9859.0,0.044394496828317635,0.05690986290574074,21.0,4.830071802934012,BC,PongNoFrameskip-v4,0.01826261729001999,1.0,1.0,9859.0,False
0,2400000,10,6,False,5,4.0,4.0,False,my_RL_experts,,False,True,linear,poly 2,0.0003,[64],10.0,10.0,128.0,False,False,True,False,1.0,False,10000000000.0,False,0.0,False,,9859.0,0.036976613104343414,0.04764874652028084,21.0,6.398709777990978,BC,PongNoFrameskip-v4,0.015279722400009632,1.0,1.0,9859.0,False
0,3000000,10,6,False,5,4.0,4.0,False,my_RL_experts,,False,True,linear,poly 2,0.0003,[64],10.0,10.0,128.0,False,False,True,False,1.0,False,10000000000.0,False,0.0,False,,9859.0,0.02446948364377021,0.03473203256726265,21.0,8.379128774007162,BC,PongNoFrameskip-v4,0.010287940502166748,1.0,1.0,9859.0,True
0,600000,10,10,False,5,4.0,4.0,False,my_RL_experts,,False,True,linear,poly 2,0.0003,[64],10.0,10.0,128.0,False,False,True,False,1.0,False,10000000000.0,False,0.0,False,,16434.0,0.1829739212989807,0.2114601582288742,-12.1,1.572940961519877,BC,PongNoFrameskip-v4,0.08218177407979965,1.0,1.0,16433.999999999996,False
0,1200000,10,10,False,5,4.0,4.0,False,my_RL_experts,,False,True,linear,poly 2,0.0003,[64],10.0,10.0,128.0,False,False,True,False,1.0,False,10000000000.0,False,0.0,False,,16434.0,0.09490817040205002,0.1190849542617798,-15.5,3.2800531069437664,BC,PongNoFrameskip-v4,0.041273511946201324,1.0,1.0,16433.999999999996,False
0,1800000,10,10,False,5,4.0,4.0,False,my_RL_experts,,False,True,linear,poly 2,0.0003,[64],10.0,10.0,128.0,False,False,True,False,1.0,False,10000000000.0,False,0.0,False,,16434.0,0.05456841364502907,0.0774124413728714,21.0,5.244781418641408,BC,PongNoFrameskip-v4,0.027637425810098648,1.0,1.0,16433.999999999996,False
0,2400000,10,10,False,5,4.0,4.0,False,my_RL_experts,,False,True,linear,poly 2,0.0003,[64],10.0,10.0,128.0,False,False,True,False,1.0,False,10000000000.0,False,0.0,False,,16434.0,0.03453071787953377,0.053723569959402084,21.0,7.222710891564687,BC,PongNoFrameskip-v4,0.01674073189496994,1.0,1.0,16433.999999999996,False
0,3000000,10,10,False,5,4.0,4.0,False,my_RL_experts,,False,True,linear,poly 2,0.0003,[64],10.0,10.0,128.0,False,False,True,False,1.0,False,10000000000.0,False,0.0,False,,16434.0,0.02525884471833706,0.04117405042052269,21.0,9.197779619693756,BC,PongNoFrameskip-v4,0.014610093086957932,1.0,1.0,16433.999999999996,True
0,600000,10,125,False,5,4.0,4.0,False,my_RL_experts,,False,True,linear,poly 2,0.0003,[64],10.0,10.0,128.0,False,False,True,False,1.0,False,10000000000.0,False,0.0,False,,205278.0,0.21795298159122467,0.2201711684465409,2.36,13.65432451963425,BC,PongNoFrameskip-v4,0.08382540941238402,1.0,1.0,205278.0,False
0,1200000,10,125,False,5,4.0,4.0,False,my_RL_experts,,False,True,linear,poly 2,0.0003,[64],10.0,10.0,128.0,False,False,True,False,1.0,False,10000000000.0,False,0.0,False,,205278.0,0.08251432329416275,0.08646096289157867,21.0,27.015258181095124,BC,PongNoFrameskip-v4,0.03214220330119133,1.0,1.0,205278.0,False
0,1800000,10,125,False,5,4.0,4.0,False,my_RL_experts,,False,True,linear,poly 2,0.0003,[64],10.0,10.0,128.0,False,False,True,False,1.0,False,10000000000.0,False,0.0,False,,205278.0,0.04195571318268776,0.04697267711162567,21.0,40.27289985815684,BC,PongNoFrameskip-v4,0.015157971531152725,1.0,1.0,205278.0,False
0,2400000,10,125,False,5,4.0,4.0,False,my_RL_experts,,False,True,linear,poly 2,0.0003,[64],10.0,10.0,128.0,False,False,True,False,1.0,False,10000000000.0,False,0.0,False,,205278.0,0.03819083794951439,0.043903857469558716,21.0,53.37363824446996,BC,PongNoFrameskip-v4,0.013636087067425251,1.0,1.0,205278.0,False
0,3000000,10,125,False,5,4.0,4.0,False,my_RL_experts,,False,True,linear,poly 2,0.0003,[64],10.0,10.0,128.0,False,False,True,False,1.0,False,10000000000.0,False,0.0,False,,205278.0,0.0341293066740036,0.03991880267858505,21.0,55.63335242668788,BC,PongNoFrameskip-v4,0.01229682844132185,1.0,1.0,205278.0,True
0,600000,10,1,False,5,5.0,5.0,False,my_RL_experts,,False,True,linear,poly 2,0.0003,[64],10.0,10.0,128.0,False,False,True,False,1.0,False,10000000000.0,False,0.0,False,,1640.0,0.07824867218732834,0.7698730826377869,-11.0,1.0488400340080262,BC,PongNoFrameskip-v4,0.13100384175777435,1.0,1.0,1640.0,False
0,1200000,10,1,False,5,5.0,5.0,False,my_RL_experts,,False,True,linear,poly 2,0.0003,[64],10.0,10.0,128.0,False,False,True,False,1.0,False,10000000000.0,False,0.0,False,,1640.0,0.0035540871322155,1.2596817016601562,-21.0,2.03016414642334,BC,PongNoFrameskip-v4,0.11493273079395296,1.0,1.0,1640.0,False
0,1800000,10,1,False,5,5.0,5.0,False,my_RL_experts,,False,True,linear,poly 2,0.0003,[64],10.0,10.0,128.0,False,False,True,False,1.0,False,10000000000.0,False,0.0,False,,1640.0,0.00222371518611908,1.3556393384933472,-21.0,3.020686598618825,BC,PongNoFrameskip-v4,0.11261946707963945,1.0,1.0,1640.0,False
0,2400000,10,1,False,5,5.0,5.0,False,my_RL_experts,,False,True,linear,poly 2,0.0003,[64],10.0,10.0,128.0,False,False,True,False,1.0,False,10000000000.0,False,0.0,False,,1640.0,0.0018660465721040964,1.4021180868148804,-21.0,4.020771320660909,BC,PongNoFrameskip-v4,0.11353259533643725,1.0,1.0,1640.0,False
0,3000000,10,1,False,5,5.0,5.0,False,my_RL_experts,,False,True,linear,poly 2,0.0003,[64],10.0,10.0,128.0,False,False,True,False,1.0,False,10000000000.0,False,0.0,False,,1640.0,0.0018660465721040964,1.4021180868148804,-4.2,5.6918804009755455,BC,PongNoFrameskip-v4,0.11353259533643725,1.0,1.0,1640.0,True
0,600000,10,6,False,5,5.0,5.0,False,my_RL_experts,,False,True,linear,poly 2,0.0003,[64],10.0,10.0,128.0,False,False,True,False,1.0,False,10000000000.0,False,0.0,False,,9859.0,0.20012402534484866,0.22431117296218872,21.0,1.5538385709126787,BC,PongNoFrameskip-v4,0.08540816605091095,1.0,1.0,9859.0,False
0,1200000,10,6,False,5,5.0,5.0,False,my_RL_experts,,False,True,linear,poly 2,0.0003,[64],10.0,10.0,128.0,False,False,True,False,1.0,False,10000000000.0,False,0.0,False,,9859.0,0.09207766503095627,0.11184945702552797,21.0,3.103157349427541,BC,PongNoFrameskip-v4,0.04297802224755287,1.0,1.0,9859.0,False
0,1800000,10,6,False,5,5.0,5.0,False,my_RL_experts,,False,True,linear,poly 2,0.0003,[64],10.0,10.0,128.0,False,False,True,False,1.0,False,10000000000.0,False,0.0,False,,9859.0,0.055121034383773804,0.06993426382541656,21.0,4.643411902586619,BC,PongNoFrameskip-v4,0.024045778438448902,1.0,1.0,9859.0,False
0,2400000,10,6,False,5,5.0,5.0,False,my_RL_experts,,False,True,linear,poly 2,0.0003,[64],10.0,10.0,128.0,False,False,True,False,1.0,False,10000000000.0,False,0.0,False,,9859.0,0.04248402267694473,0.054781146347522736,21.0,6.190913951396942,BC,PongNoFrameskip-v4,0.018445242196321487,1.0,1.0,9859.0,False
0,3000000,10,6,False,5,5.0,5.0,False,my_RL_experts,,False,True,linear,poly 2,0.0003,[64],10.0,10.0,128.0,False,False,True,False,1.0,False,10000000000.0,False,0.0,False,,9859.0,0.03645914047956467,0.04607794061303139,21.0,8.127560333410901,BC,PongNoFrameskip-v4,0.015462348237633703,1.0,1.0,9859.0,True
0,600000,10,10,False,5,5.0,5.0,False,my_RL_experts,,False,True,linear,poly 2,0.0003,[64],10.0,10.0,128.0,False,False,True,False,1.0,False,10000000000.0,False,0.0,False,,16434.0,0.17279666662216187,0.20317785441875447,-4.2,1.655257507165273,BC,PongNoFrameskip-v4,0.07725086808204651,1.0,1.0,16433.999999999996,False
0,1200000,10,10,False,5,5.0,5.0,False,my_RL_experts,,False,True,linear,poly 2,0.0003,[64],10.0,10.0,128.0,False,False,True,False,1.0,False,10000000000.0,False,0.0,False,,16434.0,0.07063324004411697,0.09520472586154938,21.0,3.599229582150777,BC,PongNoFrameskip-v4,0.03366408869624138,1.0,1.0,16433.999999999996,False
0,1800000,10,10,False,5,5.0,5.0,False,my_RL_experts,,False,True,linear,poly 2,0.0003,[64],10.0,10.0,128.0,False,False,True,False,1.0,False,10000000000.0,False,0.0,False,,16434.0,0.05360482260584831,0.07474121451377869,21.0,5.549352006117503,BC,PongNoFrameskip-v4,0.025689413771033287,1.0,1.0,16433.999999999996,False
0,2400000,10,10,False,5,5.0,5.0,False,my_RL_experts,,False,True,linear,poly 2,0.0003,[64],10.0,10.0,128.0,False,False,True,False,1.0,False,10000000000.0,False,0.0,False,,16434.0,0.027526162564754486,0.04392779618501663,21.0,7.484479570388794,BC,PongNoFrameskip-v4,0.013757837936282158,1.0,1.0,16433.999999999996,False
0,3000000,10,10,False,5,5.0,5.0,False,my_RL_experts,,False,True,linear,poly 2,0.0003,[64],10.0,10.0,128.0,False,False,True,False,1.0,False,10000000000.0,False,0.0,False,,16434.0,0.019916901364922523,0.03562560304999352,21.0,9.434985438982643,BC,PongNoFrameskip-v4,0.009740062057971954,1.0,1.0,16433.999999999996,True
0,600000,10,125,False,5,5.0,5.0,False,my_RL_experts,,False,True,linear,poly 2,0.0003,[64],10.0,10.0,128.0,False,False,True,False,1.0,False,10000000000.0,False,0.0,False,,205278.0,0.18606403470039368,0.18795360624790192,21.0,13.438296178976696,BC,PongNoFrameskip-v4,0.06824131309986115,1.0,1.0,205278.0,False
0,1200000,10,125,False,5,5.0,5.0,False,my_RL_experts,,False,True,linear,poly 2,0.0003,[64],10.0,10.0,128.0,False,False,True,False,1.0,False,10000000000.0,False,0.0,False,,205278.0,0.08014696091413498,0.08508734405040741,21.0,26.98248018026352,BC,PongNoFrameskip-v4,0.029585437849164013,1.0,1.0,205278.0,False
0,1800000,10,125,False,5,5.0,5.0,False,my_RL_experts,,False,True,linear,poly 2,0.0003,[64],10.0,10.0,128.0,False,False,True,False,1.0,False,10000000000.0,False,0.0,False,,205278.0,0.0496467649936676,0.05501651018857956,21.0,40.25119651158651,BC,PongNoFrameskip-v4,0.018810495734214783,1.0,1.0,205278.0,False
0,2400000,10,125,False,5,5.0,5.0,False,my_RL_experts,,False,True,linear,poly 2,0.0003,[64],10.0,10.0,128.0,False,False,True,False,1.0,False,10000000000.0,False,0.0,False,,205278.0,0.038112029433250434,0.043371114879846566,21.0,53.440765921274824,BC,PongNoFrameskip-v4,0.013392585329711435,1.0,1.0,205278.0,False
0,3000000,10,125,False,5,5.0,5.0,False,my_RL_experts,,False,True,linear,poly 2,0.0003,[64],10.0,10.0,128.0,False,False,True,False,1.0,False,10000000000.0,False,0.0,False,,205278.0,0.03692769631743431,0.04329714551568031,21.0,55.696949001153314,BC,PongNoFrameskip-v4,0.01266208104789257,1.0,1.0,205278.0,True
0,600000,10,1,False,5,6.0,6.0,False,my_RL_experts,,False,True,linear,poly 2,0.0003,[64],10.0,10.0,128.0,False,False,True,False,1.0,False,10000000000.0,False,0.0,False,,1640.0,0.03504040464758873,0.8829277157783508,-21.0,0.969118070602417,BC,PongNoFrameskip-v4,0.12193340063095093,1.0,1.0,1640.0,False
0,1200000,10,1,False,5,6.0,6.0,False,my_RL_experts,,False,True,linear,poly 2,0.0003,[64],10.0,10.0,128.0,False,False,True,False,1.0,False,10000000000.0,False,0.0,False,,1640.0,0.002978971460834145,1.3724985122680664,-21.0,1.9461612025896708,BC,PongNoFrameskip-v4,0.11888962984085084,1.0,1.0,1640.0,False
0,1800000,10,1,False,5,6.0,6.0,False,my_RL_experts,,False,True,linear,poly 2,0.0003,[64],10.0,10.0,128.0,False,False,True,False,1.0,False,10000000000.0,False,0.0,False,,1640.0,0.002120550721883774,1.3469817638397217,-21.0,2.953743127981822,BC,PongNoFrameskip-v4,0.11736775189638138,1.0,1.0,1640.0,False
0,2400000,10,1,False,5,6.0,6.0,False,my_RL_experts,,False,True,linear,poly 2,0.0003,[64],10.0,10.0,128.0,False,False,True,False,1.0,False,10000000000.0,False,0.0,False,,1640.0,0.001953211147338152,1.3608940839767456,-21.0,3.9651526848475136,BC,PongNoFrameskip-v4,0.11797650158405305,1.0,1.0,1640.0,False
0,3000000,10,1,False,5,6.0,6.0,False,my_RL_experts,,False,True,linear,poly 2,0.0003,[64],10.0,10.0,128.0,False,False,True,False,1.0,False,10000000000.0,False,0.0,False,,1640.0,0.0018077061977237465,1.3472788333892822,-8.4,5.580243619283039,BC,PongNoFrameskip-v4,0.11450660228729248,1.0,1.0,1640.0,True
0,600000,10,6,False,5,6.0,6.0,False,my_RL_experts,,False,True,linear,poly 2,0.0003,[64],10.0,10.0,128.0,False,False,True,False,1.0,False,10000000000.0,False,0.0,False,,9859.0,0.18616917729377747,0.2059704661369324,21.0,1.5592452327410382,BC,PongNoFrameskip-v4,0.08224265277385713,1.0,1.0,9859.0,False
0,1200000,10,6,False,5,6.0,6.0,False,my_RL_experts,,False,True,linear,poly 2,0.0003,[64],10.0,10.0,128.0,False,False,True,False,1.0,False,10000000000.0,False,0.0,False,,9859.0,0.074497289955616,0.09327588230371477,21.0,3.113562750816345,BC,PongNoFrameskip-v4,0.034029342234134674,1.0,1.0,9859.0,False
0,1800000,10,6,False,5,6.0,6.0,False,my_RL_experts,,False,True,linear,poly 2,0.0003,[64],10.0,10.0,128.0,False,False,True,False,1.0,False,10000000000.0,False,0.0,False,,9859.0,0.044312916696071625,0.0602642148733139,5.666666666666668,4.814969289302826,BC,PongNoFrameskip-v4,0.020880257710814483,1.0,1.0,9859.0,False
0,2400000,10,6,False,5,6.0,6.0,False,my_RL_experts,,False,True,linear,poly 2,0.0003,[64],10.0,10.0,128.0,False,False,True,False,1.0,False,10000000000.0,False,0.0,False,,9859.0,0.038241051137447364,0.05383117496967317,21.0,6.362679211298626,BC,PongNoFrameskip-v4,0.01704510860145092,1.0,1.0,9859.0,False
0,3000000,10,6,False,5,6.0,6.0,False,my_RL_experts,,False,True,linear,poly 2,0.0003,[64],10.0,10.0,128.0,False,False,True,False,1.0,False,10000000000.0,False,0.0,False,,9859.0,0.02704788185656071,0.040083643049001694,21.0,8.34739384651184,BC,PongNoFrameskip-v4,0.011748949997127056,1.0,1.0,9859.0,True
0,600000,10,10,False,5,6.0,6.0,False,my_RL_experts,,False,True,linear,poly 2,0.0003,[64],10.0,10.0,128.0,False,False,True,False,1.0,False,10000000000.0,False,0.0,False,,16434.0,0.18473395705223086,0.21703346073627472,21.0,1.970405622323354,BC,PongNoFrameskip-v4,0.08461678773164749,1.0,1.0,16433.999999999996,False
0,1200000,10,10,False,5,6.0,6.0,False,my_RL_experts,,False,True,linear,poly 2,0.0003,[64],10.0,10.0,128.0,False,False,True,False,1.0,False,10000000000.0,False,0.0,False,,16434.0,0.08081953972578049,0.10876493901014328,21.0,3.9521268049875897,BC,PongNoFrameskip-v4,0.03975163027644157,1.0,1.0,16433.999999999996,False
0,1800000,10,10,False,5,6.0,6.0,False,my_RL_experts,,False,True,linear,poly 2,0.0003,[64],10.0,10.0,128.0,False,False,True,False,1.0,False,10000000000.0,False,0.0,False,,16434.0,0.04018012806773186,0.06040079891681671,21.0,5.941242055098216,BC,PongNoFrameskip-v4,0.021367261186242104,1.0,1.0,16433.999999999996,False
0,2400000,10,10,False,5,6.0,6.0,False,my_RL_experts,,False,True,linear,poly 2,0.0003,[64],10.0,10.0,128.0,False,False,True,False,1.0,False,10000000000.0,False,0.0,False,,16434.0,0.02624312229454517,0.03998976573348045,21.0,7.935354765256246,BC,PongNoFrameskip-v4,0.014183965511620043,1.0,1.0,16433.999999999996,False
0,3000000,10,10,False,5,6.0,6.0,False,my_RL_experts,,False,True,linear,poly 2,0.0003,[64],10.0,10.0,128.0,False,False,True,False,1.0,False,10000000000.0,False,0.0,False,,16434.0,0.02624312229454517,0.03998976573348045,21.0,9.944175167878466,BC,PongNoFrameskip-v4,0.014183965511620043,1.0,1.0,16433.999999999996,True
0,600000,10,125,False,5,6.0,6.0,False,my_RL_experts,,False,True,linear,poly 2,0.0003,[64],10.0,10.0,128.0,False,False,True,False,1.0,False,10000000000.0,False,0.0,False,,205278.0,0.13865751028060913,0.14128237962722778,11.592,12.096683303515114,BC,PongNoFrameskip-v4,0.05089182406663895,1.0,1.0,205278.0,False
0,1200000,10,125,False,5,6.0,6.0,False,my_RL_experts,,False,True,linear,poly 2,0.0003,[64],10.0,10.0,128.0,False,False,True,False,1.0,False,10000000000.0,False,0.0,False,,205278.0,0.050118587911129005,0.0527678057551384,21.0,25.58120125134786,BC,PongNoFrameskip-v4,0.015279722400009632,1.0,1.0,205278.0,False
0,1800000,10,125,False,5,6.0,6.0,False,my_RL_experts,,False,True,linear,poly 2,0.0003,[64],10.0,10.0,128.0,False,False,True,False,1.0,False,10000000000.0,False,0.0,False,,205278.0,0.03366760164499283,0.036981835961341865,21.0,38.855214937527975,BC,PongNoFrameskip-v4,0.012844706885516644,1.0,1.0,205278.0,False
0,2400000,10,125,False,5,6.0,6.0,False,my_RL_experts,,False,True,linear,poly 2,0.0003,[64],10.0,10.0,128.0,False,False,True,False,1.0,False,10000000000.0,False,0.0,False,,205278.0,0.030792465433478355,0.035303410142660134,21.0,52.10043662389119,BC,PongNoFrameskip-v4,0.010835818946361542,1.0,1.0,205278.0,False
0,3000000,10,125,False,5,6.0,6.0,False,my_RL_experts,,False,True,linear,poly 2,0.0003,[64],10.0,10.0,128.0,False,False,True,False,1.0,False,10000000000.0,False,0.0,False,,205278.0,0.024709636345505714,0.02840378880500793,21.0,54.37011229197184,BC,PongNoFrameskip-v4,0.00882693100720644,1.0,1.0,205278.0,True
0,600000,10,1,False,5,7.0,7.0,False,my_RL_experts,,False,True,linear,poly 2,0.0003,[64],10.0,10.0,128.0,False,False,True,False,1.0,False,10000000000.0,False,0.0,False,,1640.0,0.04877902567386627,0.8968623280525208,-21.0,0.9803341150283812,BC,PongNoFrameskip-v4,0.12631642818450928,1.0,1.0,1640.0,False
0,1200000,10,1,False,5,7.0,7.0,False,my_RL_experts,,False,True,linear,poly 2,0.0003,[64],10.0,10.0,128.0,False,False,True,False,1.0,False,10000000000.0,False,0.0,False,,1640.0,0.004688131622970104,1.1913474798202517,-21.0,1.9812415083249408,BC,PongNoFrameskip-v4,0.12028976529836655,1.0,1.0,1640.0,False
0,1800000,10,1,False,5,7.0,7.0,False,my_RL_experts,,False,True,linear,poly 2,0.0003,[64],10.0,10.0,128.0,False,False,True,False,1.0,False,10000000000.0,False,0.0,False,,1640.0,0.002297367434948683,1.2694272994995115,-21.0,2.9817326505978903,BC,PongNoFrameskip-v4,0.11779387295246126,1.0,1.0,1640.0,False
0,2400000,10,1,False,5,7.0,7.0,False,my_RL_experts,,False,True,linear,poly 2,0.0003,[64],10.0,10.0,128.0,False,False,True,False,1.0,False,10000000000.0,False,0.0,False,,1640.0,0.0019689316395670176,1.3495734930038452,-21.0,3.9866931517918895,BC,PongNoFrameskip-v4,0.11694162338972093,1.0,1.0,1640.0,False
0,3000000,10,1,False,5,7.0,7.0,False,my_RL_experts,,False,True,linear,poly 2,0.0003,[64],10.0,10.0,128.0,False,False,True,False,1.0,False,10000000000.0,False,0.0,False,,1640.0,0.0018329044105485077,1.3587374687194824,-4.2,5.632693123817444,BC,PongNoFrameskip-v4,0.11292384564876555,1.0,1.0,1640.0,True
0,600000,10,6,False,5,7.0,7.0,False,my_RL_experts,,False,True,linear,poly 2,0.0003,[64],10.0,10.0,128.0,False,False,True,False,1.0,False,10000000000.0,False,0.0,False,,9859.0,0.14113064110279086,0.16427865624427795,6.0,1.7325032512346903,BC,PongNoFrameskip-v4,0.06324952840805054,1.0,1.0,9859.0,False
0,1200000,10,6,False,5,7.0,7.0,False,my_RL_experts,,False,True,linear,poly 2,0.0003,[64],10.0,10.0,128.0,False,False,True,False,1.0,False,10000000000.0,False,0.0,False,,9859.0,0.06310079246759415,0.07963989675045012,21.0,3.3160715540250143,BC,PongNoFrameskip-v4,0.025689413771033287,1.0,1.0,9859.0,False
0,1800000,10,6,False,5,7.0,7.0,False,my_RL_experts,,False,True,linear,poly 2,0.0003,[64],10.0,10.0,128.0,False,False,True,False,1.0,False,10000000000.0,False,0.0,False,,9859.0,0.048291586339473724,0.06398965418338776,21.0,4.888113534450531,BC,PongNoFrameskip-v4,0.019419249147176743,1.0,1.0,9859.0,False
0,2400000,10,6,False,5,7.0,7.0,False,my_RL_experts,,False,True,linear,poly 2,0.0003,[64],10.0,10.0,128.0,False,False,True,False,1.0,False,10000000000.0,False,0.0,False,,9859.0,0.033458583056926734,0.04705111309885979,21.0,6.460758570830027,BC,PongNoFrameskip-v4,0.014001339673995972,1.0,1.0,9859.0,False
0,3000000,10,6,False,5,7.0,7.0,False,my_RL_experts,,False,True,linear,poly 2,0.0003,[64],10.0,10.0,128.0,False,False,True,False,1.0,False,10000000000.0,False,0.0,False,,9859.0,0.02298709936439991,0.033604517579078674,21.0,8.434425298372902,BC,PongNoFrameskip-v4,0.010287940502166748,1.0,1.0,9859.0,True
0,600000,10,10,False,5,7.0,7.0,False,my_RL_experts,,False,True,linear,poly 2,0.0003,[64],10.0,10.0,128.0,False,False,True,False,1.0,False,10000000000.0,False,0.0,False,,16434.0,0.11947321146726607,0.1478394865989685,21.0,1.9945127487182617,BC,PongNoFrameskip-v4,0.05113532766699791,1.0,1.0,16433.999999999996,False
0,1200000,10,10,False,5,7.0,7.0,False,my_RL_experts,,False,True,linear,poly 2,0.0003,[64],10.0,10.0,128.0,False,False,True,False,1.0,False,10000000000.0,False,0.0,False,,16434.0,0.04728604480624199,0.06820914149284363,21.0,3.99160385131836,BC,PongNoFrameskip-v4,0.02215864136815071,1.0,1.0,16433.999999999996,False
0,1800000,10,10,False,5,7.0,7.0,False,my_RL_experts,,False,True,linear,poly 2,0.0003,[64],10.0,10.0,128.0,False,False,True,False,1.0,False,10000000000.0,False,0.0,False,,16434.0,0.029924605041742325,0.04504935443401337,21.0,5.972651743888855,BC,PongNoFrameskip-v4,0.013453461229801178,1.0,1.0,16433.999999999996,False
0,2400000,10,10,False,5,7.0,7.0,False,my_RL_experts,,False,True,linear,poly 2,0.0003,[64],10.0,10.0,128.0,False,False,True,False,1.0,False,10000000000.0,False,0.0,False,,16434.0,0.0270491261035204,0.04235449060797691,21.0,7.948268802960714,BC,PongNoFrameskip-v4,0.01290558185428381,1.0,1.0,16433.999999999996,False
0,3000000,10,10,False,5,7.0,7.0,False,my_RL_experts,,False,True,linear,poly 2,0.0003,[64],10.0,10.0,128.0,False,False,True,False,1.0,False,10000000000.0,False,0.0,False,,16434.0,0.020304549485445026,0.03411893919110298,21.0,9.941189328829447,BC,PongNoFrameskip-v4,0.010470566339790821,1.0,1.0,16433.999999999996,True
0,600000,10,125,False,5,7.0,7.0,False,my_RL_experts,,False,True,linear,poly 2,0.0003,[64],10.0,10.0,128.0,False,False,True,False,1.0,False,10000000000.0,False,0.0,False,,205278.0,0.16265477240085602,0.1668301224708557,10.264,16.119590524832407,BC,PongNoFrameskip-v4,0.06257990002632141,1.0,1.0,205278.0,False
0,1200000,10,125,False,5,7.0,7.0,False,my_RL_experts,,False,True,linear,poly 2,0.0003,[64],10.0,10.0,128.0,False,False,True,False,1.0,False,10000000000.0,False,0.0,False,,205278.0,0.06993487477302551,0.07396043837070465,21.0,29.54073340495427,BC,PongNoFrameskip-v4,0.02587204053997993,1.0,1.0,205278.0,False
0,1800000,10,125,False,5,7.0,7.0,False,my_RL_experts,,False,True,linear,poly 2,0.0003,[64],10.0,10.0,128.0,False,False,True,False,1.0,False,10000000000.0,False,0.0,False,,205278.0,0.046522356569767,0.05126083642244339,21.0,42.76628825267156,BC,PongNoFrameskip-v4,0.017227735370397568,1.0,1.0,205278.0,False
0,2400000,10,125,False,5,7.0,7.0,False,my_RL_experts,,False,True,linear,poly 2,0.0003,[64],10.0,10.0,128.0,False,False,True,False,1.0,False,10000000000.0,False,0.0,False,,205278.0,0.03646736964583397,0.042697664350271225,21.0,56.068087677160904,BC,PongNoFrameskip-v4,0.01296645775437355,1.0,1.0,205278.0,False
0,3000000,10,125,False,5,7.0,7.0,False,my_RL_experts,,False,True,linear,poly 2,0.0003,[64],10.0,10.0,128.0,False,False,True,False,1.0,False,10000000000.0,False,0.0,False,,205278.0,0.029879197478294376,0.03624207153916359,21.0,58.35360507567725,BC,PongNoFrameskip-v4,0.011322822421789171,1.0,1.0,205278.0,True
0,600000,10,1,False,5,8.0,8.0,False,my_RL_experts,,False,True,linear,poly 2,0.0003,[64],10.0,10.0,128.0,False,False,True,False,1.0,False,10000000000.0,False,0.0,False,,1640.0,0.0889405757188797,0.7457942366600037,-21.0,0.9745781739552816,BC,PongNoFrameskip-v4,0.14007426798343658,1.0,1.0,1640.0,False
0,1200000,10,1,False,5,8.0,8.0,False,my_RL_experts,,False,True,linear,poly 2,0.0003,[64],10.0,10.0,128.0,False,False,True,False,1.0,False,10000000000.0,False,0.0,False,,1640.0,0.007960054092109203,1.29568350315094,-21.0,1.963647945721944,BC,PongNoFrameskip-v4,0.11962013691663742,1.0,1.0,1640.0,False
0,1800000,10,1,False,5,8.0,8.0,False,my_RL_experts,,False,True,linear,poly 2,0.0003,[64],10.0,10.0,128.0,False,False,True,False,1.0,False,10000000000.0,False,0.0,False,,1640.0,0.010959385894238949,1.3011988401412964,-21.0,2.9638240138689675,BC,PongNoFrameskip-v4,0.12333353608846664,1.0,1.0,1640.0,False
0,2400000,10,1,False,5,8.0,8.0,False,my_RL_experts,,False,True,linear,poly 2,0.0003,[64],10.0,10.0,128.0,False,False,True,False,1.0,False,10000000000.0,False,0.0,False,,1640.0,0.01878524012863636,1.257919430732727,-21.0,3.9708820343017583,BC,PongNoFrameskip-v4,0.12400316447019576,1.0,1.0,1640.0,False
0,3000000,10,1,False,5,8.0,8.0,False,my_RL_experts,,False,True,linear,poly 2,0.0003,[64],10.0,10.0,128.0,False,False,True,False,1.0,False,10000000000.0,False,0.0,False,,1640.0,0.002685193670913577,1.28433096408844,-8.4,5.592569696903229,BC,PongNoFrameskip-v4,0.1159067377448082,1.0,1.0,1640.0,True
0,600000,10,6,False,5,8.0,8.0,False,my_RL_experts,,False,True,linear,poly 2,0.0003,[64],10.0,10.0,128.0,False,False,True,False,1.0,False,10000000000.0,False,0.0,False,,9859.0,0.19366735219955444,0.214068666100502,-0.3333333333333333,1.5486287434895831,BC,PongNoFrameskip-v4,0.07810312509536743,1.0,1.0,9859.0,False
0,1200000,10,6,False,5,8.0,8.0,False,my_RL_experts,,False,True,linear,poly 2,0.0003,[64],10.0,10.0,128.0,False,False,True,False,1.0,False,10000000000.0,False,0.0,False,,9859.0,0.06993211805820465,0.08926782757043839,21.0,3.1362405260403947,BC,PongNoFrameskip-v4,0.03037681803107262,1.0,1.0,9859.0,False
0,1800000,10,6,False,5,8.0,8.0,False,my_RL_experts,,False,True,linear,poly 2,0.0003,[64],10.0,10.0,128.0,False,False,True,False,1.0,False,10000000000.0,False,0.0,False,,9859.0,0.05045047774910927,0.06939154863357544,21.0,4.7039188027381895,BC,PongNoFrameskip-v4,0.024106653407216072,1.0,1.0,9859.0,False
0,2400000,10,6,False,5,8.0,8.0,False,my_RL_experts,,False,True,linear,poly 2,0.0003,[64],10.0,10.0,128.0,False,False,True,False,1.0,False,10000000000.0,False,0.0,False,,9859.0,0.032307799905538566,0.048364583402872086,21.0,6.273960781097412,BC,PongNoFrameskip-v4,0.013392585329711435,1.0,1.0,9859.0,False
0,3000000,10,6,False,5,8.0,8.0,False,my_RL_experts,,False,True,linear,poly 2,0.0003,[64],10.0,10.0,128.0,False,False,True,False,1.0,False,10000000000.0,False,0.0,False,,9859.0,0.02738326601684093,0.043208859860897064,21.0,8.255046359697978,BC,PongNoFrameskip-v4,0.013392585329711435,1.0,1.0,9859.0,True
0,600000,10,10,False,5,8.0,8.0,False,my_RL_experts,,False,True,linear,poly 2,0.0003,[64],10.0,10.0,128.0,False,False,True,False,1.0,False,10000000000.0,False,0.0,False,,16434.0,0.17696934938430786,0.21494537591934204,8.4,1.834051994482676,BC,PongNoFrameskip-v4,0.08096426725387572,1.0,1.0,16433.999999999996,False
0,1200000,10,10,False,5,8.0,8.0,False,my_RL_experts,,False,True,linear,poly 2,0.0003,[64],10.0,10.0,128.0,False,False,True,False,1.0,False,10000000000.0,False,0.0,False,,16434.0,0.07125962525606155,0.09598580002784728,21.0,3.820803340276082,BC,PongNoFrameskip-v4,0.03287271037697792,1.0,1.0,16433.999999999996,False
0,1800000,10,10,False,5,8.0,8.0,False,my_RL_experts,,False,True,linear,poly 2,0.0003,[64],10.0,10.0,128.0,False,False,True,False,1.0,False,10000000000.0,False,0.0,False,,16434.0,0.0417330339550972,0.05997395887970925,21.0,5.8066043853759775,BC,PongNoFrameskip-v4,0.020332379266619682,1.0,1.0,16433.999999999996,False
0,2400000,10,10,False,5,8.0,8.0,False,my_RL_experts,,False,True,linear,poly 2,0.0003,[64],10.0,10.0,128.0,False,False,True,False,1.0,False,10000000000.0,False,0.0,False,,16434.0,0.030585629865527163,0.04771549999713898,21.0,7.791097863515217,BC,PongNoFrameskip-v4,0.015462348237633703,1.0,1.0,16433.999999999996,False
0,3000000,10,10,False,5,8.0,8.0,False,my_RL_experts,,False,True,linear,poly 2,0.0003,[64],10.0,10.0,128.0,False,False,True,False,1.0,False,10000000000.0,False,0.0,False,,16434.0,0.027540307492017743,0.043170325458049774,21.0,9.808547639846802,BC,PongNoFrameskip-v4,0.013757837936282158,1.0,1.0,16433.999999999996,True
0,600000,10,125,False,5,8.0,8.0,False,my_RL_experts,,False,True,linear,poly 2,0.0003,[64],10.0,10.0,128.0,False,False,True,False,1.0,False,10000000000.0,False,0.0,False,,205278.0,0.21657632291316986,0.2209326773881912,10.248,11.796727414925892,BC,PongNoFrameskip-v4,0.0838862881064415,1.0,1.0,205278.0,False
0,1200000,10,125,False,5,8.0,8.0,False,my_RL_experts,,False,True,linear,poly 2,0.0003,[64],10.0,10.0,128.0,False,False,True,False,1.0,False,10000000000.0,False,0.0,False,,205278.0,0.08667376637458801,0.09246949106454848,21.0,25.27917356888453,BC,PongNoFrameskip-v4,0.03348146378993988,1.0,1.0,205278.0,False
0,1800000,10,125,False,5,8.0,8.0,False,my_RL_experts,,False,True,linear,poly 2,0.0003,[64],10.0,10.0,128.0,False,False,True,False,1.0,False,10000000000.0,False,0.0,False,,205278.0,0.04868529736995697,0.05466892942786217,21.0,38.767043709754944,BC,PongNoFrameskip-v4,0.017897363752126694,1.0,1.0,205278.0,False
0,2400000,10,125,False,5,8.0,8.0,False,my_RL_experts,,False,True,linear,poly 2,0.0003,[64],10.0,10.0,128.0,False,False,True,False,1.0,False,10000000000.0,False,0.0,False,,205278.0,0.03730765730142594,0.0426393486559391,21.0,51.92031387885411,BC,PongNoFrameskip-v4,0.015523224137723448,1.0,1.0,205278.0,False
0,3000000,10,125,False,5,8.0,8.0,False,my_RL_experts,,False,True,linear,poly 2,0.0003,[64],10.0,10.0,128.0,False,False,True,False,1.0,False,10000000000.0,False,0.0,False,,205278.0,0.03135419636964798,0.0363033302128315,21.0,54.17702430486679,BC,PongNoFrameskip-v4,0.011383697390556335,1.0,1.0,205278.0,True
0,600000,10,1,False,5,9.0,9.0,False,my_RL_experts,,False,True,linear,poly 2,0.0003,[64],10.0,10.0,128.0,False,False,True,False,1.0,False,10000000000.0,False,0.0,False,,1640.0,0.08330487459897995,0.9182090163230896,-6.0,1.0323710481325783,BC,PongNoFrameskip-v4,0.13928288221359253,1.0,1.0,1640.0,False
0,1200000,10,1,False,5,9.0,9.0,False,my_RL_experts,,False,True,linear,poly 2,0.0003,[64],10.0,10.0,128.0,False,False,True,False,1.0,False,10000000000.0,False,0.0,False,,1640.0,0.024310236796736717,1.0603153705596924,-6.0,2.080624790986379,BC,PongNoFrameskip-v4,0.11955926567316055,1.0,1.0,1640.0,False
0,1800000,10,1,False,5,9.0,9.0,False,my_RL_experts,,False,True,linear,poly 2,0.0003,[64],10.0,10.0,128.0,False,False,True,False,1.0,False,10000000000.0,False,0.0,False,,1640.0,0.0022655962966382504,1.300188422203064,-21.0,3.0574857036272687,BC,PongNoFrameskip-v4,0.11468923091888428,1.0,1.0,1640.0,False
0,2400000,10,1,False,5,9.0,9.0,False,my_RL_experts,,False,True,linear,poly 2,0.0003,[64],10.0,10.0,128.0,False,False,True,False,1.0,False,10000000000.0,False,0.0,False,,1640.0,0.0019074276788160203,1.3891754150390625,-6.0,4.1164192358652745,BC,PongNoFrameskip-v4,0.11511535942554475,1.0,1.0,1640.0,False
0,3000000,10,1,False,5,9.0,9.0,False,my_RL_experts,,False,True,linear,poly 2,0.0003,[64],10.0,10.0,128.0,False,False,True,False,1.0,False,10000000000.0,False,0.0,False,,1640.0,0.0017506323056295516,1.4611146450042725,4.2,5.879430023829143,BC,PongNoFrameskip-v4,0.11541973799467088,1.0,1.0,1640.0,True
0,600000,10,6,False,5,9.0,9.0,False,my_RL_experts,,False,True,linear,poly 2,0.0003,[64],10.0,10.0,128.0,False,False,True,False,1.0,False,10000000000.0,False,0.0,False,,9859.0,0.18787437677383426,0.20856139063835144,-17.666666666666668,1.3197458942731222,BC,PongNoFrameskip-v4,0.0806598886847496,1.0,1.0,9859.0,False
0,1200000,10,6,False,5,9.0,9.0,False,my_RL_experts,,False,True,linear,poly 2,0.0003,[64],10.0,10.0,128.0,False,False,True,False,1.0,False,10000000000.0,False,0.0,False,,9859.0,0.07033799588680267,0.08353430032730103,21.0,2.895676879088084,BC,PongNoFrameskip-v4,0.02867230772972107,1.0,1.0,9859.0,False
0,1800000,10,6,False,5,9.0,9.0,False,my_RL_experts,,False,True,linear,poly 2,0.0003,[64],10.0,10.0,128.0,False,False,True,False,1.0,False,10000000000.0,False,0.0,False,,9859.0,0.04459727928042412,0.05589683726429938,21.0,4.452518347899119,BC,PongNoFrameskip-v4,0.02021062932908535,1.0,1.0,9859.0,False
0,2400000,10,6,False,5,9.0,9.0,False,my_RL_experts,,False,True,linear,poly 2,0.0003,[64],10.0,10.0,128.0,False,False,True,False,1.0,False,10000000000.0,False,0.0,False,,9859.0,0.032825835049152374,0.0428115539252758,21.0,6.003143334388733,BC,PongNoFrameskip-v4,0.013514336198568344,1.0,1.0,9859.0,False
0,3000000,10,6,False,5,9.0,9.0,False,my_RL_experts,,False,True,linear,poly 2,0.0003,[64],10.0,10.0,128.0,False,False,True,False,1.0,False,10000000000.0,False,0.0,False,,9859.0,0.028260385617613792,0.037325140088796616,21.0,7.968093915780384,BC,PongNoFrameskip-v4,0.011261946521699429,1.0,1.0,9859.0,True
0,600000,10,10,False,5,9.0,9.0,False,my_RL_experts,,False,True,linear,poly 2,0.0003,[64],10.0,10.0,128.0,False,False,True,False,1.0,False,10000000000.0,False,0.0,False,,16434.0,0.17260804772377014,0.2073526829481125,8.4,1.8036617000897728,BC,PongNoFrameskip-v4,0.08285140246152878,1.0,1.0,16433.999999999996,False
0,1200000,10,10,False,5,9.0,9.0,False,my_RL_experts,,False,True,linear,poly 2,0.0003,[64],10.0,10.0,128.0,False,False,True,False,1.0,False,10000000000.0,False,0.0,False,,16434.0,0.06221020966768265,0.0896650105714798,21.0,3.805800374348958,BC,PongNoFrameskip-v4,0.032629206776618964,1.0,1.0,16433.999999999996,False
0,1800000,10,10,False,5,9.0,9.0,False,my_RL_experts,,False,True,linear,poly 2,0.0003,[64],10.0,10.0,128.0,False,False,True,False,1.0,False,10000000000.0,False,0.0,False,,16434.0,0.04598679766058922,0.06834408640861511,21.0,5.777126145362854,BC,PongNoFrameskip-v4,0.023558774963021282,1.0,1.0,16433.999999999996,False
0,2400000,10,10,False,5,9.0,9.0,False,my_RL_experts,,False,True,linear,poly 2,0.0003,[64],10.0,10.0,128.0,False,False,True,False,1.0,False,10000000000.0,False,0.0,False,,16434.0,0.03968001157045365,0.059761431068181985,21.0,7.7478345433870945,BC,PongNoFrameskip-v4,0.01923662237823009,1.0,1.0,16433.999999999996,False
0,3000000,10,10,False,5,9.0,9.0,False,my_RL_experts,,False,True,linear,poly 2,0.0003,[64],10.0,10.0,128.0,False,False,True,False,1.0,False,10000000000.0,False,0.0,False,,16434.0,0.027073847129940987,0.041334234178066254,21.0,9.729686113198598,BC,PongNoFrameskip-v4,0.012844706885516644,1.0,1.0,16433.999999999996,True
0,600000,10,125,False,5,9.0,9.0,False,my_RL_experts,,False,True,linear,poly 2,0.0003,[64],10.0,10.0,128.0,False,False,True,False,1.0,False,10000000000.0,False,0.0,False,,205278.0,0.17070132493972778,0.17409364879131314,12.264,12.137387176354729,BC,PongNoFrameskip-v4,0.06732817739248276,1.0,1.0,205278.0,False
0,1200000,10,125,False,5,9.0,9.0,False,my_RL_experts,,False,True,linear,poly 2,0.0003,[64],10.0,10.0,128.0,False,False,True,False,1.0,False,10000000000.0,False,0.0,False,,205278.0,0.08074405789375305,0.08522668480873108,21.0,25.627810863653817,BC,PongNoFrameskip-v4,0.031168198212981224,1.0,1.0,205278.0,False
0,1800000,10,125,False,5,9.0,9.0,False,my_RL_experts,,False,True,linear,poly 2,0.0003,[64],10.0,10.0,128.0,False,False,True,False,1.0,False,10000000000.0,False,0.0,False,,205278.0,0.05617289990186691,0.06254648417234421,21.0,39.05003904898961,BC,PongNoFrameskip-v4,0.021793389692902558,1.0,1.0,205278.0,False
0,2400000,10,125,False,5,9.0,9.0,False,my_RL_experts,,False,True,linear,poly 2,0.0003,[64],10.0,10.0,128.0,False,False,True,False,1.0,False,10000000000.0,False,0.0,False,,205278.0,0.035835329443216324,0.04195592179894447,21.0,52.18129695653916,BC,PongNoFrameskip-v4,0.013818712905049324,1.0,1.0,205278.0,False
0,3000000,10,125,False,5,9.0,9.0,False,my_RL_experts,,False,True,linear,poly 2,0.0003,[64],10.0,10.0,128.0,False,False,True,False,1.0,False,10000000000.0,False,0.0,False,,205278.0,0.026078196242451668,0.03111041523516178,21.0,54.42996031045914,BC,PongNoFrameskip-v4,0.00980093702673912,1.0,1.0,205278.0,True
0,500000,5,1,False,1,,1.0,False,my_RL_experts,,False,True,linear,poly 2,0.01,[64],10.0,10.0,128.0,False,False,True,False,1.0,False,10000000000.0,False,0.0,False,,1645.0,1.824799656867981,1.8246721029281616,-20.5,0.14268215497334802,Random,PongNoFrameskip-v4,0.829262375831604,1.0,1.0,1645.0000000000002,True
0,500000,5,6,False,1,,1.0,False,my_RL_experts,,False,True,linear,poly 2,0.01,[64],10.0,10.0,128.0,False,False,True,False,1.0,False,10000000000.0,False,0.0,False,,9855.0,1.823182821273804,1.8249242305755613,-20.3,0.14777772823969526,Random,PongNoFrameskip-v4,0.833343505859375,1.0,1.0,9855.0,True
0,500000,5,10,False,1,,1.0,False,my_RL_experts,,False,True,linear,poly 2,0.01,[64],10.0,10.0,128.0,False,False,True,False,1.0,False,10000000000.0,False,0.0,False,,16428.0,1.8233051300048828,1.8292177915573118,-20.5,0.14342747926712035,Random,PongNoFrameskip-v4,0.8315770030021667,1.0,1.0,16427.999999999996,True
0,500000,5,125,False,1,,1.0,False,my_RL_experts,,False,True,linear,poly 2,0.01,[64],10.0,10.0,128.0,False,False,True,False,1.0,False,10000000000.0,False,0.0,False,,205290.0,1.825771927833557,1.8234622478485107,-20.2,0.16389407316843668,Random,PongNoFrameskip-v4,0.8298105597496033,1.0,1.0,205290.0,True
